,NH4Cl,Adenine,L-Cys,Cytosine,Cytidine,Putrescine,L-Pro,Adenosine,L-Asn,GlcNAc,Glycine,L-Orn,L-Asp,D-Ala,L-Ala,L-Arg,GABA,L-Ser,Guanosine
b0002,0.0,0.0,0.0,0.0,0.0,0.0,0.0,0.0,0.0,0.0,0.0,0.0,0.0,0.0,0.0,0.0,0.0,0.0,0.0
b0003,2.700363026566692e-05,1.5540544914370147e-05,8.287211075888732e-07,3.2562067399493937e-06,1.2170169452765554e-05,8.819016433633928e-06,9.816289308396927e-07,1.9851011587815343e-05,9.074205289201752e-06,1.0945470873023484e-05,3.0072870476005706e-06,1.3584689275909832e-06,4.106895431918036e-06,8.645886748029066e-06,8.437985631479596e-06,3.169194512949965e-06,1.6930693797895702e-06,7.301652722542032e-06,2.2499813929352822e-06
b0004,6.270300259911572e-08,3.608547512207465e-08,1.9243080005118636e-09,7.560981159555301e-09,2.8259391767730914e-08,2.047794333278453e-08,2.2793632113999865e-09,4.609447022271026e-08,2.1070497271514713e-08,2.541561567269469e-08,6.9829843508757026e-09,3.1543936818693374e-09,9.536298357234715e-09,2.0075932528323614e-08,1.9593181723224097e-08,7.358936921724182e-09,3.931343033399615e-09,1.6954592591259726e-08,5.224504547766539e-09
b0007,8.031143054153273e-17,0.0,0.0,0.0,0.0,0.0,0.0,0.0,0.0,0.0,0.0,0.0,0.0,0.0,0.0,0.0,1.6914329929653914e-05,0.0,0.0
b0008,0.0,0.0,0.0,0.0,0.0,0.0,0.0,0.0,0.0,0.0,0.0,0.0,0.0,0.0,0.0,0.0,0.0,0.0,0.0
b0009,2.5824100591290697e-08,0.0,6.896891279607462e-11,0.0,0.0,1.442030540517203e-08,7.99892059977806e-10,0.0,9.177535023841599e-09,0.0,2.3395262060344803e-11,2.4110175481940326e-09,6.89004851160134e-09,0.0,0.0,0.0,0.0,3.90420873815075e-09,9.545108337083685e-09
b0014,1.1367252691765716e-09,4.149297615444008e-10,6.769765196603894e-12,4.226631424121944e-11,3.640855500005959e-10,2.0765787422594558e-10,1.708062230600532e-11,9.701478249176959e-10,3.5936829761519326e-10,4.43909043661094e-10,8.293241092724129e-11,3.0845477565556835e-11,1.4462351025951043e-10,2.2257443231418257e-10,2.886430097267226e-10,9.318571332327815e-11,3.4954776830011454e-11,2.0479257094792998e-10,3.9227066520473767e-11
b0015,2.273450538353143e-09,8.298595230888016e-10,1.3539530393207789e-11,8.453262848243888e-11,7.281711000011918e-10,4.1531574845189117e-10,3.416124461201064e-11,1.9402956498353917e-09,7.187365952303865e-10,8.87818087322188e-10,1.6586482185448258e-10,6.169095513111367e-11,2.8924702051902086e-10,4.4514886462836514e-10,5.772860194534452e-10,1.863714266465563e-10,6.990955366002291e-11,4.0958514189585996e-10,7.845413304094753e-11
b0019,0.0,0.0,0.0,0.0,0.0,0.0,0.0,0.0,0.0,0.0,0.0,0.0,0.0,0.0,0.0,0.0,0.0,0.0,0.0
b0023,6.768117179757674e-05,4.340299117405492e-05,5.611116301116423e-06,1.3665907236519881e-05,3.579283254236695e-05,2.8024457809149993e-05,6.23027753783754e-06,5.2645822067177326e-05,2.857668393449005e-05,3.298132007274999e-05,1.2915011694567702e-05,7.646532968856585e-06,1.604204259082175e-05,2.7621264434995126e-05,2.7063401352784352e-05,1.3389274104133668e-05,8.794894428433112e-06,2.4275772924361742e-05,1.0626266607080855e-05
b0025,2.528207524329574e-07,1.1111761371987729e-07,4.22268932130469e-09,1.2077974196979298e-08,7.856239073808786e-08,8.175040840724828e-08,3.770265094668518e-09,1.567159859982987e-07,5.2362008599263275e-08,7.003374767428346e-08,1.3937451107716984e-08,8.348170713250343e-09,2.7315562005343266e-08,7.652620445326364e-08,6.114093964073923e-08,2.3429882261751654e-08,1.978938452850619e-08,1.1820293606041352e-07,1.3532245825749253e-08
b0026,7.723689855601194e-07,4.486630516761211e-07,2.4282173847922925e-08,9.501386152869167e-08,3.5216227215033086e-07,2.560464771505659e-07,2.878124611653369e-08,5.733041172247936e-07,2.639031554267384e-07,3.1713838545053064e-07,8.805074489560614e-08,3.9827636202042895e-08,1.19888864350521e-07,2.509840214212227e-07,2.4569690441549484e-07,9.27333182424549e-08,4.955333025546385e-08,2.1178861426681177e-07,6.56531493171338e-08
b0027,8.491944676245887e-09,4.711008051967541e-09,2.3641370115925057e-10,9.498979946807003e-10,3.6539968230925594e-09,2.63249432681564e-09,2.802361692766661e-10,6.04349413540407e-09,2.6975141092415478e-09,3.2744136817405786e-09,8.714072430135064e-10,3.887993280837966e-10,1.1980558468467704e-09,2.5815882164074693e-09,2.5070331936957124e-09,9.196970145706401e-10,4.845548262146296e-10,2.1595414048019636e-09,6.494750047757755e-10
b0029,1.4960087829924557e-08,8.284627467534802e-09,4.113004072665222e-10,1.6578766827025624e-09,6.412804660786476e-09,4.616322845845929e-09,4.876608891011726e-10,1.0642514570166258e-08,4.732501590634111e-09,5.7463141747699274e-09,1.5216084161639794e-09,6.777518944495785e-10,2.095107552457838e-09,4.5268635477377985e-09,4.397055413616972e-09,1.6066720604810645e-09,8.452756937787675e-10,3.7857893423737395e-09,1.1328445330091165e-09
b0030,0.0,0.0,0.0,0.0,0.0,0.0,0.0,0.0,0.0,0.0,0.0,0.0,0.0,0.0,0.0,0.0,0.0,0.0,0.0
b0031,6.276975539913986e-06,3.5152421916493067e-06,1.7812718759942715e-07,7.093128454915711e-07,2.715816970988431e-06,1.9648080133314025e-06,2.1045136266051645e-07,4.501945596892028e-06,2.0017748643807874e-06,2.442519992790379e-06,6.50446584145683e-07,2.915256249363149e-07,8.89138283245781e-07,1.92590740368383e-06,1.8628860562189682e-06,6.863145686079226e-07,3.604370329372045e-07,1.6114906454686023e-06,4.846141808006936e-07
b0032,0.0,0.0,0.0,0.0,0.0,0.0,0.0,0.0,0.0,0.0,0.0,0.0,0.0,0.0,0.0,0.0,0.0,0.0,0.0
b0033,0.0,0.0,0.0,0.0,0.0,0.0,0.0,0.0,0.0,0.0,0.0,0.0,0.0,0.0,0.0,0.0,0.0,0.0,0.0
b0036,0.0,0.0,0.0,0.0,0.0,0.0,0.0,0.0,0.0,0.0,0.0,0.0,0.0,0.0,0.0,0.0,0.0,0.0,0.0
b0037,0.0,0.0,0.0,0.0,0.0,0.0,0.0,0.0,0.0,0.0,0.0,0.0,0.0,0.0,0.0,0.0,0.0,0.0,0.0
b0038,0.0,0.0,0.0,0.0,0.0,0.0,0.0,0.0,0.0,0.0,0.0,0.0,0.0,0.0,0.0,0.0,0.0,0.0,0.0
b0040,0.0,0.0,0.0,0.0,0.0,0.0,0.0,0.0,0.0,0.0,0.0,0.0,0.0,0.0,0.0,0.0,0.0,0.0,0.0
b0047,0.0,0.0,0.0,0.0,0.0,0.0,0.0,0.0,0.0,0.0,0.0,0.0,0.0,0.0,0.0,0.0,0.0,0.0,0.0
b0048,2.1406134143270865e-07,1.5719022005151334e-07,1.1163285332646791e-08,4.387180113349756e-08,1.349515015919554e-07,1.0732198624177575e-07,1.32235213099271e-08,1.795314555823229e-07,1.0928198861626365e-07,1.2550152696377773e-07,4.038503467924727e-08,1.8307292648774477e-08,5.4599705427121235e-08,1.0574779892339189e-07,1.033771788819506e-07,4.253006697541518e-08,2.2764847306565897e-08,9.180843955114171e-08,3.0365698938426934e-08
b0049,0.0,0.0,0.0,0.0,0.0,0.0,0.0,0.0,0.0,0.0,0.0,0.0,0.0,0.0,0.0,0.0,0.0,0.0,0.0
b0051,4.289366571615655e-10,2.051440523013024e-10,5.946824114003731e-12,2.902545254936061e-11,1.489838414370317e-10,9.904370345370533e-11,7.188781774427934e-12,2.8167764627395736e-10,1.0221660022721443e-10,1.2995203891912606e-10,2.6271562250488152e-11,1.0391442239728182e-11,3.82541015627288e-11,9.667442552248296e-11,9.333403799870503e-11,2.7980149730433186e-11,1.3342681718349383e-11,7.770322188182457e-11,1.8664083656026638e-11
b0052,9.111861699400823e-07,3.9366750136072533e-07,4.736688359375877e-09,3.799482454739721e-08,2.8194209244824726e-07,3.0002651569403305e-07,2.2404049739768552e-08,5.632820271021574e-07,2.0161563191649752e-07,2.2982142405809622e-07,4.000793386599538e-08,2.7267136821865794e-08,1.0505429329011826e-07,1.6737987851937357e-07,1.6339995120976596e-07,6.813836139933482e-08,2.514463031192255e-08,1.2445087785125933e-07,1.23324195842182e-07
b0053,3.0174152951421438e-06,9.913014164842979e-07,2.2614627479572563e-08,1.3706184596089433e-07,9.290782419911207e-07,5.452857961207941e-07,3.1863533499031036e-08,1.7278045525952873e-06,6.870346168286054e-07,9.033322900657699e-07,1.5320204084409526e-07,6.103940145334328e-08,2.928766459055343e-07,5.088296201760028e-07,5.805730787758429e-07,1.669752996738466e-07,7.272726837816995e-08,5.301267539294148e-07,7.944352311727414e-08
b0058,3.0765827638391237e-10,1.483451311111585e-10,4.38354931987635e-12,2.1273351501205506e-11,1.0813781450575011e-10,7.204163737502583e-11,5.295418662570224e-12,2.0328908268027285e-10,7.444726535953859e-11,9.439358267677533e-11,1.9300014006012116e-11,7.653404864571504e-12,2.8062314818041132e-11,7.038917546357351e-11,6.803675908953002e-11,2.056069724322044e-11,9.894992844716005e-12,5.6746022682915275e-11,1.3755139089332696e-11
b0061,0.0,0.0,0.0,0.0,0.0,0.0,0.0,0.0,0.0,0.0,0.0,0.0,0.0,0.0,0.0,0.0,0.0,0.0,0.0
b0062,0.0,0.0,0.0,0.0,0.0,0.0,0.0,0.0,0.0,0.0,0.0,0.0,0.0,0.0,0.0,0.0,0.0,0.0,0.0
b0063,0.0,0.0,0.0,0.0,0.0,0.0,0.0,0.0,0.0,0.0,0.0,0.0,0.0,0.0,0.0,0.0,0.0,0.0,0.0
b0066,0.0,0.0,0.0,0.0,0.0,0.0,0.0,0.0,0.0,0.0,0.0,0.0,0.0,0.0,0.0,0.0,0.0,0.0,0.0
b0067,0.0,0.0,0.0,0.0,0.0,0.0,0.0,0.0,0.0,0.0,0.0,0.0,0.0,0.0,0.0,0.0,0.0,0.0,0.0
b0068,0.0,0.0,0.0,0.0,0.0,0.0,0.0,0.0,0.0,0.0,0.0,0.0,0.0,0.0,0.0,0.0,0.0,0.0,0.0
b0070,0.0,0.0,0.0,0.0,0.0,0.0,0.0,0.0,0.0,0.0,0.0,0.0,0.0,0.0,0.0,0.0,0.0,0.0,0.0
b0071,2.838403641192678e-07,1.6592380864681423e-07,9.057056021895235e-09,3.525597120052733e-08,1.294736379107999e-07,9.451749077958483e-08,1.0689648552600173e-08,2.0966759803394666e-07,9.713962459132927e-08,1.1660355352750954e-07,3.2526539426062747e-08,1.4756121563351328e-08,4.429828562867294e-08,9.284386345881043e-08,9.050743971205427e-08,3.418307223761641e-08,1.8358838283212034e-08,7.819788917123245e-08,2.434218139628629e-08
b0072,2.838403641192678e-07,1.6592380864681423e-07,9.057056021895235e-09,3.525597120052733e-08,1.294736379107999e-07,9.451749077958483e-08,1.0689648552600173e-08,2.0966759803394666e-07,9.713962459132927e-08,1.1660355352750954e-07,3.2526539426062747e-08,1.4756121563351328e-08,4.429828562867294e-08,9.284386345881043e-08,9.050743971205427e-08,3.418307223761641e-08,1.8358838283212034e-08,7.819788917123245e-08,2.434218139628629e-08
b0073,1.200761368762922e-07,7.019258878113216e-08,3.831506847011947e-09,1.491472446745555e-08,5.4772668841123996e-08,3.998478227460355e-08,4.522160569883321e-09,8.869800910158353e-08,4.1094052619094363e-08,4.9328094321877516e-08,1.376006267591629e-08,6.242445742705074e-09,1.8739995014586936e-08,3.927676914943448e-08,3.828836590211259e-08,1.446084412128044e-08,7.766542948973894e-09,3.3080920230276155e-08,1.0297742938279973e-08
b0074,7.444985777332835e-08,4.3520955848878565e-08,2.3756188967959202e-09,9.247458689268368e-09,3.3960264805058176e-08,2.479144841667108e-08,2.8038394639796207e-09,5.4994725298279316e-08,2.5479220537992695e-08,3.058450831306014e-08,8.531542867917793e-09,3.8704542783627114e-09,1.1619210942356239e-08,2.4352464636531715e-08,2.3739632785839993e-08,8.966042846804519e-09,4.815428218991243e-09,2.0510901418257973e-08,6.3848281355944466e-09
b0077,4.22114186562462e-06,2.4386560755964807e-06,0.0,0.0,1.9096083343889023e-06,1.3858831675997145e-06,0.0,3.1132792729528766e-06,1.4301523261425067e-06,1.718750611761435e-06,0.0,0.0,0.0,1.3589274973020832e-06,1.3289528329853167e-06,0.0,0.0,1.1444919928535295e-06,0.0
b0078,4.22114186562462e-06,2.4386560755964807e-06,0.0,0.0,1.9096083343889023e-06,1.3858831675997145e-06,0.0,3.1132792729528766e-06,1.4301523261425067e-06,1.718750611761435e-06,0.0,0.0,0.0,1.3589274973020832e-06,1.3289528329853167e-06,0.0,0.0,1.1444919928535295e-06,0.0
b0082,0.0,0.0,0.0,0.0,0.0,0.0,0.0,0.0,0.0,0.0,0.0,0.0,0.0,0.0,0.0,0.0,0.0,0.0,0.0
b0084,4.464780931284108e-08,2.4832938132552154e-08,1.2485939155686125e-09,5.014534574835579e-09,1.925909016398883e-08,1.388445610173201e-08,1.4799443360586606e-09,3.182192958229485e-08,1.4222265069523728e-08,1.7257572029822916e-08,4.5997238393254736e-09,2.052920316043841e-09,6.3210066975661026e-09,1.3617132274335295e-08,1.3221018777967994e-08,4.854400131449697e-09,2.558436007569173e-09,1.1388892352170709e-08,3.4292685485783954e-09
b0085,2.0065741643309018e-06,1.116048756884373e-06,5.611465223670368e-08,2.2536459635691888e-07,8.655473436736975e-07,6.239990568027528e-07,6.651206666323652e-08,1.4301499388599434e-06,6.391809606337029e-07,7.75594563475319e-07,2.0672205783661832e-07,9.226291123804018e-08,2.840804269483124e-07,6.119849155980683e-07,5.941826735578343e-07,2.1816779002167044e-07,1.1498193691679533e-07,5.118427422516096e-07,1.5411913323485014e-07
b0086,6.108791203836769e-07,3.397685941691373e-07,1.7083479897402147e-08,6.860973735004889e-08,2.635062333368217e-07,1.8996955194378175e-07,2.0248856733230632e-08,4.3539319512710484e-07,1.9459151320634634e-07,2.361211128561266e-07,6.293422446074708e-08,2.8088414105503624e-08,8.648511698059839e-08,1.8631198067542536e-07,1.8089228667571628e-07,6.641874994385241e-08,3.500496803573923e-08,1.5582481311658595e-07,4.691985086740812e-08
b0087,2.6483662393582483e-09,1.4730110163637552e-09,7.406262532367947e-11,2.9744626395968953e-10,1.1423880583631461e-09,8.235818365471964e-10,8.778559745864064e-11,1.887575790930165e-09,8.436195915775365e-10,1.0236643598083823e-09,2.7284100863908033e-10,1.2177271272164027e-10,3.749420407011274e-10,8.077250361722256e-10,7.842288416919378e-10,2.879475973924226e-10,1.5175829793861706e-10,6.755529212605605e-10,2.034133183581761e-10
b0088,6.112978090726716e-06,3.4000146719181456e-06,1.7095188694712515e-07,6.865676158123445e-07,2.6368683711864415e-06,1.900997546303661e-06,2.0262735039095711e-07,4.356916080208872e-06,1.947248837257097e-06,2.3628294722873303e-06,6.297735876842454e-07,2.8107665543120914e-07,8.654439276698214e-07,1.8643967650972393e-06,1.8101626792148208e-06,6.646427250046097e-07,3.502895999042574e-07,1.5593161343851483e-06,4.6952009129479933e-07
b0090,6.537825358456072e-07,3.636313072168494e-07,1.8283291138476224e-08,7.342835361641314e-08,2.820128691481053e-07,2.0331154112003944e-07,2.167097951344493e-08,4.659718391117006e-07,2.082581131242057e-07,2.5270443002342e-07,6.735423668365291e-08,3.0061126643588545e-08,9.255916138853591e-08,1.9939709038981936e-07,1.9359675908301093e-07,7.108348823366891e-08,3.746344572265976e-08,1.6676874043926084e-07,5.021513759109234e-08
b0091,2.731657079972482e-06,1.519337058420799e-06,7.639188712653388e-08,3.068009177815753e-07,1.1783160430484463e-06,8.494833989750779e-07,9.054644529663632e-08,1.9469398516907903e-06,8.70151339300675e-07,1.0558584966192837e-06,2.814218297603658e-07,1.2560245177197602e-07,3.8673392857807784e-07,8.331279038904946e-07,8.088927565567779e-07,2.970035191464605e-07,1.5653108050080372e-07,6.967989898197293e-07,2.098106458978478e-07
b0092,0.0,0.0,0.0,0.0,0.0,0.0,0.0,0.0,0.0,0.0,0.0,0.0,0.0,0.0,0.0,0.0,0.0,0.0,0.0
b0096,5.641085747130104e-07,3.137549983188405e-07,1.5775522807211333e-08,6.335679164097397e-08,2.433314885967419e-07,1.7542497297758254e-07,1.8698549893433048e-08,4.020583230748405e-07,1.7969306447589155e-07,2.1804304646926117e-07,5.811581125726318e-08,2.5937889704026384e-08,7.986358421150738e-08,1.7204743518613226e-07,1.670426875109517e-07,6.13335521134102e-08,3.232489369437448e-08,1.4389444703382487e-07,4.332754110491912e-08
b0098,1.8693870616363425e-05,8.568278007633427e-06,3.570984616454554e-07,1.548872904208136e-06,6.990380555559283e-06,4.7319185200433094e-06,4.3414461001697543e-07,1.2111870676579213e-05,5.3042387543490645e-06,6.480859201427447e-06,1.4929546088686448e-06,6.473163863157914e-07,2.2698901580907534e-06,4.589668979066705e-06,4.67603804327458e-06,1.5880328052011618e-06,7.992821530516843e-07,4.1094034620246004e-06,1.0245454955055879e-06
b0099,6.404451526840908e-09,3.5621310650336394e-09,1.7910305862795807e-10,7.193039055774145e-10,2.762597119649726e-09,1.9916391744335448e-09,2.122888425789891e-10,4.564658571988143e-09,2.0400957771840847e-09,2.475491748352776e-09,6.598018764907685e-10,2.944786957058668e-10,9.06709234304038e-10,1.9532932282184537e-09,1.8964732022047196e-09,6.96333612158168e-10,3.669917885599053e-10,1.6336660216139295e-09,4.919073193043267e-10
b0103,4.059279016364409e-09,2.253836621434541e-09,1.1294976457456689e-10,4.5405690083529735e-10,1.747070250597814e-09,1.2588055095274906e-09,1.3388940958539355e-10,2.8897732624794004e-09,1.2894817479269538e-09,1.5651923235586772e-09,4.164629619221728e-10,1.8576036925869013e-10,5.72489658106327e-10,1.2345312597732676e-09,1.198564387273418e-09,4.3954351723187113e-10,2.3153533896815832e-10,1.0322414473704944e-09,3.104114069495558e-10
b0104,0.0,0.0,0.0,0.0,0.0,0.0,0.0,0.0,0.0,0.0,0.0,0.0,0.0,0.0,0.0,0.0,0.0,0.0,6.89621248238598e-08
b0109,7.051103014688959e-05,3.911074423767477e-05,1.9511247398066976e-06,7.855422554235327e-06,3.0301311503824027e-05,2.1816123775768507e-05,2.313183518075841e-06,5.0181099940178155e-05,2.234982000578048e-05,2.7139288170026214e-05,7.204323390933011e-06,3.210369029267619e-06,9.908199589196855e-06,2.1394826337889705e-05,2.0771018271000464e-05,7.604285740396751e-06,4.002587643365996e-06,1.7883058495129535e-05,5.367740224650175e-06
b0110,0.0,0.0,0.0,0.0,0.0,0.0,0.0,0.0,0.0,0.0,0.0,0.0,0.0,0.0,0.0,0.0,0.0,0.0,0.0
b0112,0.0,0.0,0.0,0.0,0.0,0.0,0.0,0.0,0.0,0.0,0.0,0.0,0.0,0.0,0.0,0.0,0.0,0.0,0.0
b0114,1.228274962128518e-05,7.3288676373804775e-06,6.675045530727401e-07,2.0911751304691417e-06,6.338079165997804e-06,2.3415432285330663e-06,5.845201882352258e-07,1.0809187854448696e-05,5.734886927910339e-06,6.459705945284066e-06,2.3198820980809586e-06,7.28269837213665e-07,4.016282523957729e-06,6.400840570802578e-06,7.1127795537631154e-06,2.160352214945208e-06,1.3552695126327469e-06,5.905877011625792e-06,0.0
b0115,1.228274962128518e-05,7.3288676373804775e-06,6.675045530727401e-07,2.0911751304691417e-06,6.338079165997804e-06,2.3415432285330663e-06,5.845201882352258e-07,1.0809187854448696e-05,5.734886927910339e-06,6.459705945284066e-06,2.3198820980809586e-06,7.28269837213665e-07,4.016282523957729e-06,6.400840570802578e-06,7.1127795537631154e-06,2.160352214945208e-06,1.3552695126327469e-06,5.905877011625792e-06,0.0
b0116,6.7443820596381805e-06,3.90651963732682e-06,3.7694348949902373e-07,1.0958229251046854e-06,3.4813227176036725e-06,1.3616847784384942e-06,3.346962007078005e-07,5.8355011646911465e-06,3.216900429231264e-06,3.576924700611577e-06,2.272997528714223e-06,4.5370821352802147e-07,2.170074351724278e-06,3.3638582682819132e-06,3.7745951707427415e-06,1.2434670838631075e-06,7.62857990601659e-07,3.368084071741837e-06,7.215484671541512e-08
b0118,0.0,0.0,0.0,0.0,0.0,0.0,0.0,0.0,0.0,0.0,0.0,0.0,0.0,0.0,0.0,0.0,0.0,0.0,0.0
b0120,0.0,0.0,0.0,0.0,0.0,0.0,0.0,0.0,0.0,0.0,0.0,0.0,0.0,0.0,0.0,0.0,0.0,0.0,0.0
b0121,0.0,0.0,0.0,0.0,0.0,0.0,0.0,0.0,0.0,0.0,0.0,0.0,0.0,0.0,0.0,0.0,0.0,0.0,0.0
b0123,0.0,0.0,0.0,0.0,0.0,0.0,0.0,0.0,0.0,0.0,0.0,0.0,0.0,0.0,0.0,0.0,0.0,0.0,0.0
b0124,0.0,0.0,0.0,0.0,0.0,0.0,0.0,0.0,0.0,0.0,0.0,0.0,0.0,0.0,0.0,0.0,0.0,0.0,0.0
b0125,1.1640943258367898e-09,0.0,0.0,0.0,0.0,0.0,0.0,0.0,0.0,0.0,0.0,0.0,0.0,0.0,0.0,0.0,0.0,0.0,0.0
b0126,0.0,0.0,0.0,0.0,0.0,0.0,0.0,0.0,0.0,0.0,0.0,0.0,0.0,0.0,0.0,0.0,0.0,0.0,0.0
b0131,5.872210493766059e-09,3.260431964954148e-09,1.6339472850457418e-10,6.568451409974642e-10,2.5273365584254287e-09,1.821005871451107e-09,1.9368631542742638e-10,4.180386913076572e-09,1.8653825522144634e-09,2.2642293742584755e-09,6.024612167346359e-10,2.687235800469088e-10,8.281716443614685e-10,1.785890398097242e-09,1.73386021114283e-09,6.358498748054837e-10,3.3494229928156406e-10,1.4932550915847483e-09,4.4904553590071126e-10
b0133,3.756155319880808e-09,2.085533017468132e-09,1.0451532338026351e-10,4.201505333152954e-10,1.6166090553355962e-09,1.1648051272764467e-09,1.2389131568992133e-10,2.673981554200435e-09,1.193190639973052e-09,1.4483127296918358e-09,3.853638943396192e-10,1.7188884932550652e-10,5.297394109160648e-10,1.1423435393976953e-09,1.109062466838958e-09,4.067209260348615e-10,2.1424560659655353e-10,9.55159571025181e-10,2.87231661796315e-10
b0134,6.112455055211441e-09,3.393823138239654e-09,1.7007955271749051e-10,6.837180661087131e-10,2.6307352468321837e-09,1.8955070763109585e-09,2.0161043258181525e-10,4.351415390626938e-09,1.94169930101977e-09,2.356863790822384e-09,6.271091803857886e-10,2.797176305338487e-10,8.620538993849118e-10,1.8589549546106487e-09,1.8047961025717587e-09,6.618638391345748e-10,3.486454977424898e-10,1.5543473182657753e-09,4.674169393025476e-10
b0142,5.545669946039221e-09,3.08448008520628e-09,1.550868868808039e-10,6.22851470498512e-10,2.392156729619756e-09,1.7245775796289884e-09,1.8382274410787273e-10,3.952577320714223e-09,1.7665365708766566e-09,2.1435497064773234e-09,5.713281490944494e-10,2.5499164849334043e-10,7.851273648340697e-10,1.6913734932858819e-09,1.6421725415296024e-09,6.029612948397617e-10,3.177813624992408e-10,1.414605531786841e-09,4.259468005136622e-10
b0149,0.0,0.0,0.0,0.0,0.0,0.0,0.0,0.0,0.0,0.0,0.0,0.0,0.0,0.0,0.0,0.0,0.0,0.0,0.0
b0150,0.0,0.0,0.0,0.0,0.0,0.0,0.0,0.0,0.0,0.0,0.0,0.0,0.0,0.0,0.0,0.0,0.0,0.0,0.0
b0151,0.0,0.0,0.0,0.0,0.0,0.0,0.0,0.0,0.0,0.0,0.0,0.0,0.0,0.0,0.0,0.0,0.0,0.0,0.0
b0152,0.0,0.0,0.0,0.0,0.0,0.0,0.0,0.0,0.0,0.0,0.0,0.0,0.0,0.0,0.0,0.0,0.0,0.0,0.0
b0153,0.0,0.0,0.0,0.0,0.0,0.0,0.0,0.0,0.0,0.0,0.0,0.0,0.0,0.0,0.0,0.0,0.0,0.0,0.0
b0154,2.828341567915265e-10,1.181287780226041e-10,1.6672929218158742e-12,1.1696707848063583e-11,7.902397167470638e-11,6.050071922628321e-11,2.6809774532049346e-12,1.8961899312335092e-10,7.370560788293809e-11,8.558990281862833e-11,1.499676455732581e-11,6.658144352055826e-12,2.7417472044359876e-11,5.846469513013898e-11,6.49520475961096e-11,1.756505319372653e-11,8.98089738359148e-12,5.793736732480131e-11,8.517009655356097e-12
b0155,0.0,0.0,0.0,0.0,0.0,0.0,0.0,0.0,0.0,0.0,0.0,0.0,0.0,0.0,0.0,0.0,0.0,0.0,0.0
b0156,1.5994555751492333e-09,6.714260681271833e-10,1.0575941821900189e-11,7.357904166223143e-11,4.865151829104546e-10,3.062869337896848e-10,1.3220992125080381e-11,1.1121318596404006e-09,4.374823165132366e-10,5.406693578722146e-10,9.417577025596918e-11,3.460223805333976e-11,1.3668148542062182e-10,2.989585697416954e-10,3.78596246008953e-10,9.238132779472465e-11,3.599691473744645e-11,3.0916646649743736e-10,3.187922934670487e-11
b0158,0.0,0.0,0.0,0.0,0.0,0.0,0.0,0.0,0.0,0.0,0.0,0.0,0.0,0.0,0.0,0.0,0.0,0.0,0.0
b0159,7.665503197713333e-10,3.6663980990093656e-10,1.0642840174667067e-11,5.1919361783608615e-11,2.6642420052825614e-10,1.7688641571062133e-10,1.2844104845673339e-11,5.035646521158016e-10,1.8255802801780438e-10,2.3209362352028707e-10,4.6973992866189123e-11,1.857011414981137e-11,6.831201169942202e-11,1.7272765585645764e-10,1.667341895938846e-10,4.99645016500644e-11,2.3859710404220566e-11,1.387946247576837e-10,3.337029509117797e-11
b0160,0.0,0.0,0.0,0.0,0.0,0.0,0.0,0.0,0.0,0.0,0.0,0.0,0.0,0.0,0.0,0.0,0.0,0.0,0.0
b0166,1.844320739528833e-07,1.0328595415578829e-07,5.233789175607786e-09,2.0841253617060315e-08,7.979699032612407e-08,5.77306083978974e-08,6.1835482765353106e-09,1.3227758463899087e-07,5.881678006818542e-08,7.176689236356084e-08,1.9111626570270304e-08,8.565697807092573e-09,2.61249413140413e-08,5.65876184229147e-08,5.473590532600353e-08,2.016551099610818e-08,1.0590474519348415e-08,4.734932612203832e-08,1.4239086621209656e-08
b0168,5.878309583633193e-10,2.603418302630356e-10,6.502754687493814e-12,3.462991672241559e-11,1.957616431342885e-10,1.2574813588863276e-10,8.167327519618481e-12,3.843296223657144e-10,1.3826471888776647e-10,1.761241282360383e-10,3.334155528122554e-11,1.2686849514116145e-11,5.114422053127709e-11,1.2363481536055876e-10,1.236082364625098e-10,3.597589989684733e-11,1.6414651085353117e-11,1.036323733778288e-10,2.2460042706301505e-11
b0169,6.768117179757674e-05,4.340299117405492e-05,5.611116301116423e-06,1.3665907236519881e-05,3.579283254236695e-05,2.8024457809149993e-05,6.23027753783754e-06,5.2645822067177326e-05,2.857668393449005e-05,3.298132007274999e-05,1.2915011694567702e-05,7.646532968856585e-06,1.604204259082175e-05,2.7621264434995126e-05,2.7063401352784352e-05,1.3389274104133668e-05,8.794894428433112e-06,2.4275772924361742e-05,1.0626266607080855e-05
b0170,1.3147524790972778e-05,7.543523482940299e-06,4.007377999166539e-07,1.5753424944077839e-06,5.8901816793925905e-06,4.2734779025590235e-06,4.7431765648385317e-07,9.614703591318965e-06,4.383279324508233e-06,5.294705806568513e-06,1.4497406328124682e-06,6.557365383946902e-07,1.981882359850344e-06,4.192114388850228e-06,4.07792092561645e-06,1.5282367493865977e-06,8.146194110905227e-07,3.5235902516903762e-06,1.0860079373799645e-06
b0171,0.0,0.0,0.0,0.0,0.0,0.0,0.0,0.0,0.0,0.0,0.0,0.0,0.0,0.0,0.0,0.0,0.0,0.0,0.0
b0172,3.428531543461691e-09,1.928066603021439e-09,9.750370681103891e-11,3.895349767732525e-10,1.4937820413486197e-09,1.0721509063968922e-09,1.1483601882627453e-10,2.4565496973578102e-09,1.0920762950916059e-09,1.3263701821322371e-09,3.535056510345781e-10,1.588972882509123e-10,4.836846582218204e-10,1.0496163514022858e-09,1.0141819405698775e-09,3.731719871019312e-10,1.9589421587518903e-10,8.716878082101781e-10,2.6473408218560164e-10
b0173,7.5737448723912e-05,4.1942036380564095e-05,2.0822634104568248e-06,8.393222798838866e-06,3.246568266806953e-05,2.3370752819440014e-05,2.4688485791559452e-06,5.3879155705165263e-05,2.3958923278479877e-05,2.909148529813951e-05,7.70334644470289e-06,3.4312097587242592e-06,1.060676264934445e-05,2.2917853138611342e-05,2.2260682070253224e-05,8.13399253936334e-06,4.2793214346697704e-06,1.91660656980922e-05,5.735177206601645e-06
b0174,3.8578405639353407e-10,2.145715938226405e-10,1.0788606046966964e-11,4.3328609375898515e-11,1.6641017869101896e-10,1.1997009210939236e-10,1.2787613501949331e-11,2.749607039061671e-10,1.2288896575373304e-10,1.4911585234830035e-10,3.974439392068136e-11,1.7738472260234896e-11,5.461731811277026e-11,1.1766025267738043e-10,1.1423759266846366e-10,4.194495100411009e-11,2.2106433355050263e-11,9.840691306182545e-11,2.963095281704778e-11
b0175,3.922224920093584e-08,2.083493637019953e-08,1.0465173868585605e-09,4.2039578205198005e-09,1.615936877649266e-08,1.1645627504911488e-08,1.2404664120146551e-09,2.671413122692911e-08,1.1931225942052794e-08,1.4480368370331144e-08,3.856400455615114e-09,1.7208814294606236e-09,5.300813755397929e-09,1.1420893414626515e-08,1.1089927758569111e-08,4.0700181895190495e-09,2.1446739460594177e-09,9.552946177462423e-09,2.8746456126307866e-09
b0177,3.0174152951421438e-06,9.913014164842979e-07,2.2614627479572563e-08,1.3706184596089433e-07,9.290782419911207e-07,5.452857961207941e-07,3.1863533499031036e-08,1.7278045525952873e-06,6.870346168286054e-07,9.033322900657699e-07,1.5320204084409526e-07,6.103940145334328e-08,2.928766459055343e-07,5.088296201760028e-07,5.805730787758429e-07,1.669752996738466e-07,7.272726837816995e-08,5.301267539294148e-07,7.944352311727414e-08
b0179,7.154497661551051e-06,3.979303812061564e-06,2.0007839996291343e-07,8.035439239145305e-07,3.086133847606934e-06,2.2248865115803103e-06,2.3715067893627067e-07,5.099240573872702e-06,2.2790180245775607e-06,2.765404633098226e-06,7.370734188019815e-07,3.289660529046836e-07,1.0128968998122495e-06,2.1820497469680632e-06,2.1185753430256147e-06,7.778835047725648e-07,4.0997138975231144e-07,1.8249899593131241e-06,5.495161843154154e-07
b0180,1.0081025491383369e-11,4.181589205675739e-12,4.714319618118111e-14,3.7943433766075477e-13,2.8559526899210895e-12,1.7481899136467864e-12,6.083528976405159e-14,6.065840891244167e-12,1.8123772224952141e-12,2.422513321155106e-12,3.3334045878787754e-13,9.93908306109044e-14,5.369958318628444e-13,1.6979452207793718e-12,1.6243978495776053e-12,3.6140481128695095e-13,1.3827718728061792e-13,1.2987227353588918e-12,2.145812282636051e-13
b0181,4.256399531779492e-06,2.3673928881815077e-06,1.1903192204506361e-07,4.780494932431893e-07,1.836022497366395e-06,1.3236437209345458e-06,1.4108719948434472e-07,3.0336728332031315e-06,1.3558479870445528e-06,1.6452122206646051e-06,4.385044349844292e-07,1.9571058930939473e-07,6.025991053531346e-07,1.2981589988109538e-06,1.260396400232922e-06,4.627834324814265e-07,2.439028026750966e-07,1.0857347050468706e-06,3.2692168482983536e-07
b0182,1.6353626262668952e-07,9.095823411585346e-08,4.573357251635375e-09,1.836726719187699e-08,7.054231048472361e-08,5.0856068739492245e-08,5.420748953632592e-09,1.165575537423169e-07,5.2093397444409196e-08,6.321113790809065e-08,1.6847895952239478e-08,7.51944879543405e-09,2.3152621086404094e-08,4.987691342781276e-08,4.84260265473837e-08,1.778072579618078e-08,9.371054689733158e-09,4.171530293191821e-08,1.256074532231236e-08
b0185,8.624678904185022e-07,4.796973968371543e-07,2.4118619498991073e-08,9.686439946451572e-08,3.7202642351340596e-07,2.682041650121636e-07,2.858754218188887e-08,6.147055451240603e-07,2.747296344158138e-07,3.333628721546944e-07,8.885157321893253e-08,3.965555011528167e-08,1.2210132622127852e-07,2.630402613992088e-07,2.5538852576892037e-07,9.377110985642428e-08,4.942046086726019e-08,2.199973273147487e-07,6.624212446909319e-08
b0186,0.0,0.0,0.0,0.0,0.0,0.0,0.0,0.0,0.0,0.0,0.0,0.0,0.0,0.0,0.0,0.0,0.0,0.0,0.0
b0188,3.4282153170224846e-12,1.908835321381211e-12,6.73045127639037e-14,3.151662708445643e-13,1.4479475310154633e-12,9.877071744340956e-13,8.165416080882631e-14,2.355566453362217e-12,9.254935387326447e-13,1.1595381798934925e-12,2.6778447242078527e-13,1.0946270643176085e-13,3.679038255564848e-13,9.44151121803521e-13,8.71227661233805e-13,2.834464605877336e-13,1.4438563712035427e-13,7.368343977803641e-13,2.0603796640231974e-13
b0194,9.824266500318593e-07,5.67554822348701e-07,3.005939308134019e-08,1.1802344664204802e-07,4.400847830367612e-07,3.1965806007870153e-07,3.568201902078768e-08,7.290954257927878e-07,3.3151943168678887e-07,4.003906348570168e-07,1.0978776776923434e-07,4.95189803498883e-08,1.499664246686212e-07,3.1579394735122663e-07,3.0905436430674687e-07,1.1549570264390645e-07,6.150469408040334e-08,2.6472598864361917e-07,8.146560956883124e-08
b0197,0.0,0.0,0.0,0.0,0.0,0.0,0.0,0.0,0.0,0.0,0.0,0.0,0.0,0.0,0.0,0.0,0.0,0.0,0.0
b0198,0.0,0.0,0.0,0.0,0.0,0.0,0.0,0.0,0.0,0.0,0.0,0.0,0.0,0.0,0.0,0.0,0.0,0.0,0.0
b0199,0.0,0.0,0.0,0.0,0.0,0.0,0.0,0.0,0.0,0.0,0.0,0.0,0.0,0.0,0.0,0.0,0.0,0.0,0.0
b0200,0.0,0.0,0.0,0.0,0.0,0.0,0.0,0.0,0.0,0.0,0.0,0.0,0.0,0.0,0.0,0.0,0.0,0.0,0.0
b0207,0.0,0.0,0.0,0.0,0.0,0.0,0.0,0.0,0.0,0.0,0.0,0.0,0.0,0.0,0.0,0.0,0.0,0.0,0.0
b0212,0.0,0.0,0.0,0.0,0.0,0.0,0.0,0.0,0.0,0.0,0.0,0.0,0.0,0.0,0.0,0.0,0.0,0.0,0.0
b0221,3.180475117916654e-06,1.6339513985387712e-06,8.215049195026334e-08,3.2993226887223245e-07,1.2672077519816993e-06,9.135521025933673e-07,1.1487460227875203e-07,2.093870149750856e-06,9.357874019505707e-07,1.1355133204970044e-06,3.026405019992552e-07,1.3507149380294443e-07,4.158978420026379e-07,8.959611257539154e-07,8.699029280267442e-07,3.1939735705914684e-07,1.6833196454353813e-07,7.49353801483949e-07,2.2562820959305145e-07
b0222,0.0,0.0,0.0,0.0,0.0,0.0,0.0,0.0,0.0,0.0,0.0,0.0,0.0,0.0,0.0,0.0,0.0,0.0,0.0
b0237,0.0,0.0,0.0,0.0,0.0,0.0,0.0,0.0,0.0,0.0,0.0,0.0,0.0,0.0,0.0,0.0,0.0,0.0,0.0
b0238,2.1936316496228818e-06,1.1225350925766904e-06,4.434750554282457e-08,1.928387957055812e-07,8.484559900623538e-07,5.944825030966254e-07,5.411857379628272e-08,1.5222511073031692e-06,6.363844037444565e-07,7.77066838590853e-07,1.8465974316522284e-07,8.024458789818324e-08,2.6727539764881223e-07,5.822570645389567e-07,5.810087726617587e-07,1.9614004038930674e-07,9.639730596738898e-08,4.862900263739451e-07,2.578455023968955e-07
b0241,0.0,0.0,0.0,0.0,0.0,0.0,0.0,0.0,0.0,0.0,0.0,0.0,0.0,0.0,0.0,0.0,0.0,0.0,0.0
b0242,1.2351230144692206e-05,7.135392988709515e-06,3.779116557407735e-07,1.4838102690907892e-06,5.532818595961034e-06,4.018793939995271e-06,0.0,9.166308142309706e-06,4.167917063394309e-06,5.033777207426187e-06,1.3802699537373709e-06,6.225608016762646e-07,1.8854026659381847e-06,3.9702136764198376e-06,3.88548252498076e-06,1.4520310539535587e-06,7.732471747802393e-07,3.3281788629334137e-06,1.0241991019173228e-06
b0243,3.9607403599391174e-05,2.2881477118741403e-05,1.2118711495527718e-06,4.758220153322603e-06,1.7742409185583715e-05,1.2887298811493953e-05,0.0,2.9394130127586044e-05,1.3365500550533338e-05,1.6142104320647297e-05,4.426191439504699e-06,1.99640170641212e-06,6.046029704115979e-06,1.2731513672373712e-05,1.2459801391639403e-05,4.656311907320639e-06,2.479616408635313e-06,1.0672663526702628e-05,3.284358458271145e-06
b0260,0.0,0.0,0.0,0.0,0.0,0.0,0.0,0.0,0.0,0.0,0.0,0.0,0.0,0.0,0.0,0.0,0.0,0.0,0.0
b0261,0.0,0.0,0.0,0.0,0.0,0.0,0.0,0.0,0.0,0.0,0.0,0.0,0.0,0.0,0.0,0.0,0.0,0.0,0.0
b0273,0.0,0.0,0.0,0.0,0.0,0.0,0.0,0.0,0.0,0.0,0.0,0.0,0.0,0.0,0.0,0.0,0.0,0.0,0.0
b0306,0.0,0.0,0.0,0.0,0.0,0.0,0.0,0.0,0.0,0.0,0.0,0.0,0.0,0.0,0.0,0.0,0.0,0.0,0.0
b0307,0.0,0.0,0.0,0.0,0.0,0.0,0.0,0.0,0.0,0.0,0.0,0.0,0.0,0.0,0.0,0.0,0.0,0.0,0.0
b0308,0.0,0.0,0.0,0.0,0.0,0.0,0.0,0.0,0.0,0.0,0.0,0.0,0.0,0.0,0.0,0.0,0.0,0.0,0.0
b0311,0.0,0.0,0.0,0.0,0.0,0.0,0.0,0.0,0.0,0.0,0.0,0.0,0.0,0.0,0.0,0.0,0.0,0.0,0.0
b0312,0.0,0.0,0.0,0.0,0.0,0.0,0.0,0.0,0.0,0.0,0.0,0.0,0.0,0.0,0.0,0.0,0.0,0.0,0.0
b0314,0.0,0.0,0.0,0.0,0.0,0.0,0.0,0.0,0.0,0.0,0.0,0.0,0.0,0.0,0.0,0.0,0.0,0.0,0.0
b0323,0.0,0.0,0.0,0.0,0.0,0.0,0.0,0.0,0.0,0.0,0.0,0.0,0.0,0.0,0.0,0.0,0.0,0.0,0.0
b0331,0.0,0.0,0.0,0.0,0.0,0.0,0.0,0.0,0.0,0.0,0.0,0.0,0.0,0.0,0.0,0.0,0.0,0.0,0.0
b0333,0.0,0.0,0.0,0.0,0.0,0.0,0.0,0.0,0.0,0.0,0.0,0.0,0.0,0.0,0.0,0.0,0.0,0.0,0.0
b0334,0.0,0.0,0.0,0.0,0.0,0.0,0.0,0.0,0.0,0.0,0.0,0.0,0.0,0.0,0.0,0.0,0.0,0.0,0.0
b0336,0.0,0.0,0.0,3.946313033777694e-06,0.0,0.0,0.0,0.0,0.0,0.0,0.0,0.0,0.0,0.0,0.0,0.0,0.0,0.0,0.0
b0337,0.0,0.0,0.0,3.699552170094591e-06,0.0,0.0,0.0,0.0,0.0,0.0,0.0,0.0,0.0,0.0,0.0,0.0,0.0,0.0,0.0
b0339,3.368067102803257e-06,3.480660234511934e-07,7.37703427650786e-08,3.1386142604657185e-07,1.3350932245486121e-06,9.423767941822889e-07,8.937420193046136e-08,4.460899612560271e-07,1.0002308397869261e-06,1.218541264360832e-06,2.9792745734654633e-07,1.305195091130045e-07,4.262524431380153e-07,9.233868649539875e-07,9.166333300824312e-07,3.1599537912652845e-07,1.579524614284565e-07,7.72195698706638e-07,4.803144985118376e-08
b0340,0.0,0.0,0.0,0.0,0.0,0.0,0.0,0.0,0.0,0.0,0.0,0.0,0.0,0.0,0.0,0.0,0.0,0.0,0.0
b0341,0.0,0.0,0.0,0.0,0.0,0.0,0.0,0.0,0.0,0.0,0.0,0.0,0.0,0.0,0.0,0.0,0.0,0.0,0.0
b0343,0.0,0.0,0.0,0.0,0.0,0.0,0.0,0.0,0.0,0.0,0.0,0.0,0.0,0.0,0.0,0.0,0.0,0.0,0.0
b0344,0.0,0.0,0.0,0.0,0.0,0.0,0.0,0.0,0.0,0.0,0.0,0.0,0.0,0.0,0.0,0.0,0.0,0.0,0.0
b0347,0.0,0.0,0.0,0.0,0.0,0.0,0.0,0.0,0.0,0.0,0.0,0.0,0.0,0.0,0.0,0.0,0.0,0.0,0.0
b0348,0.0,0.0,0.0,0.0,0.0,0.0,0.0,0.0,0.0,0.0,0.0,0.0,0.0,0.0,0.0,0.0,0.0,0.0,0.0
b0349,0.0,0.0,0.0,0.0,0.0,0.0,0.0,0.0,0.0,0.0,0.0,0.0,0.0,0.0,0.0,0.0,0.0,0.0,0.0
b0350,0.0,0.0,0.0,0.0,0.0,0.0,0.0,0.0,0.0,0.0,0.0,0.0,0.0,0.0,0.0,0.0,0.0,0.0,0.0
b0351,5.620061769257406e-10,2.6803040240038635e-10,7.811687269802744e-12,3.8091373385210985e-11,1.9447090421081797e-10,1.2964564260729744e-10,9.43528600476623e-12,3.6718003817513937e-10,1.3344915815202583e-10,1.7026838092110546e-10,3.4355656345081325e-11,1.363743441499405e-11,5.011229651616979e-11,1.264665728903686e-10,1.2192673430009314e-10,3.658234295941305e-11,1.7279646020066248e-11,1.015733511719091e-10,2.4414374966417454e-11
b0352,0.0,0.0,0.0,0.0,0.0,0.0,0.0,0.0,0.0,0.0,0.0,0.0,0.0,0.0,0.0,0.0,0.0,0.0,0.0
b0353,0.0,0.0,0.0,0.0,0.0,0.0,0.0,0.0,0.0,0.0,0.0,0.0,0.0,0.0,0.0,0.0,0.0,0.0,0.0
b0355,0.0,0.0,0.0,0.0,0.0,0.0,0.0,0.0,0.0,0.0,0.0,0.0,0.0,0.0,0.0,0.0,0.0,0.0,0.0
b0356,0.0,0.0,0.0,0.0,0.0,0.0,0.0,0.0,0.0,0.0,0.0,0.0,0.0,0.0,0.0,0.0,0.0,0.0,0.0
b0365,0.0,0.0,0.0,0.0,0.0,0.0,0.0,0.0,0.0,0.0,0.0,0.0,0.0,0.0,0.0,0.0,0.0,0.0,0.0
b0366,0.0,0.0,0.0,0.0,0.0,0.0,0.0,0.0,0.0,0.0,0.0,0.0,0.0,0.0,0.0,0.0,0.0,0.0,0.0
b0367,0.0,0.0,0.0,0.0,0.0,0.0,0.0,0.0,0.0,0.0,0.0,0.0,0.0,0.0,0.0,0.0,0.0,0.0,0.0
b0368,0.0,0.0,0.0,0.0,0.0,0.0,0.0,0.0,0.0,0.0,0.0,0.0,0.0,0.0,0.0,0.0,0.0,0.0,0.0
b0369,1.5532674034855292e-10,6.487391141068354e-11,9.156432083369682e-13,6.423592975682221e-12,4.33983507114946e-11,3.322575891386515e-11,1.4723380424707014e-12,1.0413487693331938e-10,4.047761397610788e-11,4.700422594773833e-11,8.235916697222315e-12,3.656516846150398e-12,1.5057115482650158e-11,3.21076160781033e-11,3.5670337509850644e-11,9.646368343840074e-12,4.932125355093973e-12,3.181801842120279e-11,4.677367692399055e-12
b0381,1.285866582642382e-07,7.151939990993167e-08,3.595977531776727e-09,1.4441968232092834e-08,5.546659698451838e-08,3.998753442589954e-08,4.262271755764234e-09,9.164784672493086e-08,4.096043157289428e-08,4.9702181388574524e-08,1.3247304325569778e-08,5.912454993551473e-09,1.8204636254619682e-08,3.9217636010537345e-08,3.807682055788343e-08,1.3980777565296286e-08,7.368351138822873e-09,3.2800256752475865e-08,9.876367726412211e-09
b0383,0.0,0.0,0.0,0.0,0.0,0.0,0.0,0.0,0.0,0.0,0.0,0.0,0.0,0.0,0.0,0.0,0.0,0.0,0.0
b0386,5.724220815358239e-05,3.306922840336248e-05,1.7514447879407893e-06,6.876770596021849e-06,2.564204132186102e-05,1.8625241092963016e-05,0.0,4.2481575724459536e-05,1.9316357424706568e-05,2.3329216550148662e-05,6.396909382659636e-06,2.8852798126450856e-06,8.737964606977391e-06,1.8400094162077278e-05,1.800740467682364e-05,6.7294887118263255e-06,3.583641079828894e-06,1.5424561360493958e-05,4.7466865644842654e-06
b0388,0.0,0.0,0.0,0.0,0.0,0.0,0.0,0.0,0.0,0.0,0.0,0.0,0.0,0.0,0.0,0.0,0.0,0.0,0.0
b0394,0.0,0.0,0.0,0.0,0.0,0.0,0.0,0.0,0.0,0.0,0.0,0.0,0.0,0.0,0.0,0.0,0.0,0.0,0.0
b0401,0.0,0.0,0.0,0.0,0.0,0.0,0.0,0.0,0.0,0.0,0.0,0.0,0.0,0.0,0.0,0.0,0.0,0.0,0.0
b0403,0.0,0.0,0.0,0.0,0.0,0.0,0.0,0.0,0.0,0.0,0.0,0.0,0.0,0.0,0.0,0.0,0.0,0.0,0.0
b0404,0.0,0.0,0.0,0.0,0.0,0.0,0.0,0.0,0.0,0.0,0.0,0.0,0.0,0.0,0.0,0.0,0.0,0.0,0.0
b0405,2.527716055671358e-10,1.2055112192210518e-10,3.5134359984753346e-12,1.713222737427186e-11,8.746651676028882e-11,5.831027946328024e-11,4.2436764760416845e-12,1.6514531617682878e-10,6.002097370564545e-11,7.658103022670402e-11,1.5452026634587012e-11,6.133662465688597e-12,2.253883706107797e-11,5.688044009576e-11,5.4838572343065887e-11,1.6453515895218126e-11,7.771807584066898e-12,4.568430048047402e-11,1.0980770341239242e-11
b0406,1.516629633402815e-09,7.23306731532631e-10,2.108061599085201e-11,1.0279336424563116e-10,5.247991005617329e-10,3.498616767796814e-10,2.546205885625011e-11,9.908718970609726e-10,3.601258422338727e-10,4.594861813602241e-10,9.271215980752208e-11,3.680197479413158e-11,1.3523302236646782e-10,3.4128264057455997e-10,3.290314340583953e-10,9.872109537130876e-11,4.6630845504401394e-11,2.741058028828441e-10,6.588462204743545e-11
b0408,1.1592038756615752e-05,4.427803463706771e-06,1.3836312021416428e-07,6.810038437821148e-07,3.968849228123386e-06,2.4774724844800336e-06,1.8666838814331842e-07,7.618272504966407e-06,3.4767893448749247e-06,4.0435316011790925e-06,8.419462281437816e-07,3.4756374297014203e-07,1.4731330246892797e-06,2.399906152666859e-06,2.870441550732764e-06,9.049338137842702e-07,4.6887589140303244e-07,2.488095394124732e-06,4.930026956145785e-07
b0409,1.1592038756615752e-05,4.427803463706771e-06,1.3836312021416428e-07,6.810038437821148e-07,3.968849228123386e-06,2.4774724844800336e-06,1.8666838814331842e-07,7.618272504966407e-06,3.4767893448749247e-06,4.0435316011790925e-06,8.419462281437816e-07,3.4756374297014203e-07,1.4731330246892797e-06,2.399906152666859e-06,2.870441550732764e-06,9.049338137842702e-07,4.6887589140303244e-07,2.488095394124732e-06,4.930026956145785e-07
b0411,0.0,0.0,0.0,0.0,0.0,0.0,0.0,8.597183692712582e-06,0.0,0.0,0.0,0.0,0.0,0.0,0.0,0.0,0.0,0.0,0.0
b0414,5.34711302094573e-06,2.732114855473192e-06,1.2236989023381482e-07,4.6777508496075753e-07,2.067193593458837e-06,1.6291005644301815e-06,1.3749662795723784e-07,3.6518455986208234e-06,1.4996705010581065e-06,1.8566967997743322e-06,4.5245774323852044e-07,2.1388410952957512e-07,6.815045617719979e-07,1.5786722025399723e-06,1.4659534231443903e-06,5.331096783218756e-07,3.24359355915073e-07,1.6608452924767013e-06,3.495900360424885e-07
b0415,9.005531259931e-09,4.6013887569434665e-09,2.0609361864209028e-10,7.878201066125803e-10,3.4815378790946248e-09,2.7437078664838894e-09,2.315698539293275e-10,6.1503861178914546e-09,2.52572360523745e-09,3.1270221903078976e-09,7.620228587971125e-10,3.602205576777621e-10,1.1477802340781294e-09,2.6587771407613443e-09,2.4689377849347784e-09,8.978556941461995e-10,5.462813873022717e-10,2.797171883354507e-09,5.887745378503731e-10
b0416,1.0342648927422656e-09,4.934548732284021e-10,1.4122986904228674e-11,6.972349620652816e-11,3.587055199405189e-10,2.3832122592485507e-10,1.728071240665765e-11,6.799095545210728e-10,2.4693543668003e-10,3.136173195324196e-10,6.328810263475503e-11,2.5017274774710812e-11,9.236328786999743e-11,2.3273516820338052e-10,2.252724461847902e-10,6.742123329145105e-11,3.2162490569226036e-11,1.874348242032874e-10,4.490547487123958e-11
b0417,4.3558071783687246e-07,1.798438463443935e-07,2.2365702306663612e-09,1.7692391955099104e-08,1.4728504726345157e-07,7.388923141736168e-08,2.8861704148037118e-09,2.766189437880588e-07,7.777582878511862e-08,1.0139280104197151e-07,1.5759214976811902e-08,4.707062763510077e-09,2.620304363585862e-08,7.219174312751167e-08,6.954991110318518e-08,1.717445330001655e-08,6.5115693289562124e-09,5.599871972292915e-08,1.0739452068731567e-08
b0418,2.8388084974038318e-08,1.574863025977171e-08,7.903174706624029e-10,3.1754546240856263e-09,1.221510222493283e-08,8.80027785065051e-09,9.368134731821979e-10,2.020305496523766e-08,9.017635261569976e-09,1.0946177510720477e-08,2.9130645340704044e-09,1.2997338989225691e-09,4.005032119328985e-09,8.630101637420186e-09,8.380868464021985e-09,3.074494476280866e-09,1.6198390481321804e-09,7.2192233041694775e-09,2.171157765036151e-09
b0420,3.9688166620843394e-05,2.1812173411457256e-05,1.0621986635633515e-06,4.3080804661840894e-06,1.6870734574428147e-05,1.2203170116788886e-05,1.2754094218388609e-06,2.8120431972434302e-05,1.2412809135182693e-05,1.5064898972536091e-05,3.958319032555684e-06,1.769636297641217e-06,5.501724000638544e-06,1.1847279785519046e-05,1.1507748553843138e-05,4.2044683233157295e-06,2.199372694010407e-06,9.888789468103384e-06,3.0338425831902432e-06
b0421,3.0229500269601627e-09,1.6765486644935052e-09,8.394745315781903e-11,3.3725043852872765e-10,1.2987258960159587e-09,9.374599211694339e-10,9.949796361756112e-11,2.1539791932328468e-09,9.623164782879186e-10,1.1666162635028077e-09,3.101367148642025e-10,1.3850934832716752e-10,4.2725131381490445e-10,9.192912694129181e-10,8.940450286450647e-10,3.275973838062473e-10,1.7259826964691997e-10,7.706910205280511e-10,2.3081225797993151e-10
b0423,8.955460048735917e-10,4.292464408437208e-10,1.2445124605539858e-11,6.1226026491468e-11,3.1363066682060245e-10,2.0636211164884242e-10,1.5034168174343282e-11,5.881744016198272e-10,2.1192387001126625e-10,2.6951961377201244e-10,5.44991058484275e-11,2.170461005668924e-11,7.941576141804095e-11,2.015568894137104e-10,1.9383165128689461e-10,5.808763742275917e-11,2.7913031038822758e-11,1.6132011549532952e-10,3.926899826060591e-11
b0425,2.9985545778820933e-09,1.66488977272957e-09,8.343502190177305e-11,3.3540793651529835e-10,1.290545803009025e-09,9.29868828439756e-10,9.890295799419649e-11,2.1346507126799067e-09,9.525291025214563e-10,1.1561941389474209e-09,3.0763761642295565e-10,1.3721959081506736e-10,4.228931980739644e-10,9.119376484366702e-10,8.853692283424248e-10,3.246870245826199e-10,1.710331681575956e-10,7.625078998054686e-10,2.2929824276258952e-10
b0428,1.5801865105333196e-11,6.39277697880852e-12,1.4736894356497388e-13,6.443576310086693e-13,4.2022952920901905e-12,3.6128131183154154e-12,1.726752014468705e-13,1.0975964898120407e-11,4.722211183222863e-12,5.192777619142463e-12,9.82169235412785e-13,4.837644773202502e-13,1.876870541856539e-12,3.4837518834360514e-12,4.128202975264577e-12,1.1807369179675822e-12,5.93945023064865e-13,3.825394844193537e-12,5.29543597127463e-13
b0429,2.1833968044605093e-06,1.1844040889867413e-06,1.2176423952125907e-07,2.656660500905577e-07,8.840830844911568e-07,8.951698758859792e-07,1.3104838659613183e-07,1.7964033318967368e-06,1.156073426727832e-06,1.15407564122286e-06,4.2280960549018856e-07,3.117254972773718e-07,6.892322498909539e-07,8.716232094824033e-07,1.0482212969267768e-06,4.947772867410199e-07,3.42833589480763e-07,1.046549854879948e-06,2.64013035625036e-07
b0430,2.1833968044605093e-06,1.1844040889867413e-06,1.2176423952125907e-07,2.656660500905577e-07,8.840830844911568e-07,8.951698758859792e-07,1.3104838659613183e-07,1.7964033318967368e-06,1.156073426727832e-06,1.15407564122286e-06,4.2280960549018856e-07,3.117254972773718e-07,6.892322498909539e-07,8.716232094824033e-07,1.0482212969267768e-06,4.947772867410199e-07,3.42833589480763e-07,1.046549854879948e-06,2.64013035625036e-07
b0431,2.1833968044605093e-06,1.1844040889867413e-06,1.2176423952125907e-07,2.656660500905577e-07,8.840830844911568e-07,8.951698758859792e-07,1.3104838659613183e-07,1.7964033318967368e-06,1.156073426727832e-06,1.15407564122286e-06,4.2280960549018856e-07,3.117254972773718e-07,6.892322498909539e-07,8.716232094824033e-07,1.0482212969267768e-06,4.947772867410199e-07,3.42833589480763e-07,1.046549854879948e-06,2.64013035625036e-07
b0432,2.1833968044605093e-06,1.1844040889867413e-06,1.2176423952125907e-07,2.656660500905577e-07,8.840830844911568e-07,8.951698758859792e-07,1.3104838659613183e-07,1.7964033318967368e-06,1.156073426727832e-06,1.15407564122286e-06,4.2280960549018856e-07,3.117254972773718e-07,6.892322498909539e-07,8.716232094824033e-07,1.0482212969267768e-06,4.947772867410199e-07,3.42833589480763e-07,1.046549854879948e-06,2.64013035625036e-07
b0433,0.0,0.0,0.0,0.0,0.0,0.0,0.0,0.0,0.0,0.0,0.0,0.0,0.0,0.0,0.0,0.0,0.0,0.0,0.0
b0436,6.768117179757674e-05,4.340299117405492e-05,5.611116301116423e-06,1.3665907236519881e-05,3.579283254236695e-05,2.8024457809149993e-05,6.23027753783754e-06,5.2645822067177326e-05,2.857668393449005e-05,3.298132007274999e-05,1.2915011694567702e-05,7.646532968856585e-06,1.604204259082175e-05,2.7621264434995126e-05,2.7063401352784352e-05,1.3389274104133668e-05,8.794894428433112e-06,2.4275772924361742e-05,1.0626266607080855e-05
b0444,1.643015436186386e-06,7.83582292493685e-07,2.283733399008972e-08,1.1135947793276729e-07,5.685323589418783e-07,3.790168165113222e-07,2.7583897094271e-08,1.0734445551493888e-06,3.9013632908669615e-07,4.97776696473577e-07,1.0043817312481575e-07,3.9868806026975944e-08,1.4650244089700708e-07,3.6972286062244063e-07,3.5645072022992885e-07,1.0694785331891801e-07,5.051674929643493e-08,2.969479531230817e-07,7.137500721805521e-08
b0446,0.0,0.0,0.0,0.0,0.0,0.0,0.0,0.0,0.0,0.0,0.0,0.0,0.0,0.0,0.0,0.0,0.0,0.0,0.0
b0451,0.0,0.0,0.0,1.4474396844638001e-05,7.565836597156065e-05,3.608764804817374e-05,1.1083336875914487e-05,0.0,0.0,0.0,0.0,0.0,0.0,0.0,0.0,0.0,0.0,0.0,2.3596941866174967e-05
b0452,3.007349537279536e-06,1.558568912335357e-06,7.835973629431531e-08,3.1470852734231486e-07,1.208745807931541e-06,8.714024169353314e-07,1.135786168968596e-06,1.9972801848112065e-06,8.926144202668263e-07,1.0831275166435565e-06,2.886779385141638e-07,1.2883890537098527e-07,3.967088894950288e-07,8.546236182551095e-07,8.297687786407423e-07,3.0466010620441376e-07,1.6056470392343594e-07,7.147816234620819e-07,2.152169251548609e-07
b0459,0.0,0.0,0.0,0.0,0.0,0.0,0.0,0.0,0.0,0.0,0.0,0.0,0.0,0.0,0.0,0.0,0.0,0.0,0.0
b0462,0.0,0.0,0.0,0.0,0.0,0.0,0.0,0.0,0.0,0.0,0.0,0.0,0.0,0.0,0.0,0.0,0.0,0.0,0.0
b0463,0.0,0.0,0.0,0.0,0.0,0.0,0.0,0.0,0.0,0.0,0.0,0.0,0.0,0.0,0.0,0.0,0.0,0.0,0.0
b0469,0.0,0.0,0.0,0.0,0.0,0.0,0.0,0.0,0.0,0.0,0.0,0.0,0.0,0.0,0.0,0.0,0.0,0.0,0.0
b0474,0.0001428968419633709,7.951466060170664e-05,1.5786639606263097e-06,6.301381593094235e-06,3.694733816870613e-05,4.5721321331411815e-05,4.04153428483945e-06,9.801593576666723e-05,4.6469722573961e-05,5.680607245584057e-05,1.5439847763536294e-05,6.990488874559262e-06,2.116285515440587e-05,4.48368837714714e-05,4.366904520817658e-05,1.6046551145045386e-05,8.65585108459557e-06,3.765887343046997e-05,4.202483815732442e-06
b0475,9.007640325465302e-12,3.6441163952593855e-12,8.400568097047357e-14,3.673073869701659e-13,2.3954618192360805e-12,2.0594354473969415e-12,9.843117235798466e-14,6.2567009253757556e-12,2.691832868830491e-12,2.9600729263012573e-12,5.598723411674815e-13,2.7576342317128313e-13,1.0698847677670005e-12,1.9858658291269215e-12,2.3532264921783712e-12,6.730631735655579e-13,3.385703589548323e-13,2.1806147963986296e-12,3.018591936952692e-13
b0477,0.0,0.0,0.0,0.0,0.0,0.0,0.0,0.0,0.0,0.0,0.0,0.0,0.0,0.0,0.0,0.0,0.0,0.0,0.0
b0480,0.0,0.0,0.0,0.0,0.0,0.0,0.0,0.0,0.0,0.0,0.0,0.0,0.0,0.0,0.0,0.0,0.0,0.0,0.0
b0484,0.0,0.0,0.0,0.0,0.0,0.0,0.0,0.0,0.0,0.0,0.0,0.0,0.0,0.0,0.0,0.0,0.0,0.0,0.0
b0485,9.232046804754409e-06,6.04200084275654e-06,7.823536410883352e-06,2.89008308861012e-06,1.0481952017004836e-05,1.4230727449112637e-05,1.0929710576818983e-05,0.00011145160515082241,0.00015137086145830712,0.00010391326697979184,5.4434515979163565e-05,4.694955508635125e-05,0.00011500976864126875,2.6376172520633856e-05,9.823291053483418e-05,5.978640603076884e-05,2.2322206794343565e-05,6.712595723673094e-05,1.424891712835981e-05
b0494,0.0,0.0,0.0,0.0,0.0,0.0,0.0,0.0,0.0,0.0,0.0,0.0,0.0,0.0,0.0,0.0,0.0,0.0,0.0
b0505,0.0,5.916065233442858e-06,0.0,0.0,0.0,0.0,0.0,7.489077135917328e-06,0.0,0.0,0.0,0.0,0.0,0.0,0.0,0.0,0.0,0.0,8.661640582405758e-07
b0507,0.0,0.0,0.0,0.0,0.0,4.295967141892932e-10,2.5402517727149116e-12,0.0,3.663851193351636e-11,0.0,0.0,6.187547871396608e-11,1.3514027029399991e-11,0.0,0.0,0.0,0.0,0.0,0.0
b0508,0.0,0.0,0.0,0.0,0.0,0.0,0.0,0.0,0.0,0.0,0.0,0.0,0.0,0.0,0.0,0.0,0.0,0.0,0.0
b0509,0.0,0.0,0.0,0.0,0.0,0.0,0.0,0.0,0.0,0.0,0.0,0.0,0.0,0.0,0.0,0.0,0.0,0.0,0.0
b0511,0.0,0.0,0.0,0.0,0.0,0.0,0.0,0.0,0.0,0.0,0.0,0.0,0.0,0.0,0.0,0.0,0.0,0.0,0.0
b0512,0.0,6.060853711808691e-06,0.0,0.0,0.0,0.0,0.0,7.769645026607006e-06,0.0,0.0,0.0,0.0,0.0,0.0,0.0,0.0,0.0,0.0,8.440607866759867e-07
b0514,0.0,0.0,0.0,0.0,0.0,0.0,0.0,0.0,0.0,0.0,0.0,0.0,0.0,0.0,0.0,0.0,0.0,0.0,0.0
b0516,0.0,5.4199441026322445e-06,0.0,0.0,0.0,0.0,0.0,6.948037973504846e-06,0.0,0.0,0.0,0.0,0.0,0.0,0.0,0.0,0.0,0.0,7.548049335185879e-07
b0517,0.0,1.8354576235190408e-06,0.0,0.0,0.0,0.0,0.0,2.4075415478065434e-06,0.0,0.0,0.0,0.0,0.0,0.0,0.0,0.0,0.0,0.0,2.3131198039269025e-07
b0521,0.0,0.0,0.0,0.0,0.0,0.0,0.0,0.0,0.0,0.0,0.0,0.0,0.0,0.0,0.0,0.0,0.0,0.0,0.0
b0522,4.173463503024085e-06,0.0,8.566696947813292e-08,3.707940871826104e-07,1.621235952034822e-06,1.1382004573577073e-06,1.0448458390448188e-07,0.0,1.2190485726512893e-06,1.486553654125227e-06,3.5538807164591524e-07,1.5489343220164362e-07,5.13993242472268e-07,1.115001588322475e-06,1.1131740913145564e-06,3.7745682435152573e-07,1.858692343923074e-07,9.324233044744493e-07,0.0
b0523,4.085330957409266e-05,0.0,8.385790894849271e-07,3.6296389368058326e-06,1.5869997232067607e-05,1.114164664627233e-05,1.0227814497184602e-06,0.0,1.1933054808863747e-05,1.4551615603316343e-05,3.4788321257320474e-06,1.5162249129870874e-06,5.031390603630745e-06,1.0914556945409141e-05,1.089666789451505e-05,3.6948593140716886e-06,1.8194416621653398e-06,9.127329826699409e-06,0.0
b0524,2.4145889506983833e-09,1.3429849963767787e-09,6.752494957404571e-11,2.711900082813387e-10,1.0415468760098105e-09,7.508824017499268e-10,8.003656386491825e-11,1.720955198964538e-09,7.691513787418643e-10,9.333031873325812e-10,2.487567145988713e-10,1.1102355945508908e-10,3.418450572186064e-10,7.364253170726533e-10,7.150031849172037e-10,2.6252981053419914e-10,1.3836224912313196e-10,6.159203342219891e-10,1.854575638494631e-10
b0526,1.2640788739753574e-07,7.368859162402838e-08,3.901169262616437e-09,1.540231385135617e-08,5.782932822759871e-08,4.1882424713882075e-08,4.639176186211953e-09,9.271505952711313e-08,4.1929365926992234e-08,5.103165486680227e-08,1.3937875133096405e-08,6.324013786037826e-09,1.8952171471116213e-08,4.059055988264693e-08,3.901220209851857e-08,1.4628394428484658e-08,7.94151371153583e-09,3.384975449647953e-08,1.0758389168145932e-08
b0529,7.603201044522376e-06,1.6153440364677776e-06,1.6526688616556869e-07,7.002206161768155e-07,3.0269218467694795e-06,3.055330480824948e-06,2.0169504223852136e-07,2.1912299474543275e-06,2.239967899242962e-06,2.7361447272729124e-06,9.689097953556361e-07,4.257263181587064e-07,9.541440495774697e-07,2.050379593851546e-06,2.042693248279706e-06,7.043885938533569e-07,4.946106080269067e-07,2.5016094750595655e-06,2.1078273590638776e-07
b0572,0.0,0.0,0.0,0.0,0.0,0.0,0.0,0.0,0.0,0.0,0.0,0.0,0.0,0.0,0.0,0.0,0.0,0.0,0.0
b0573,0.0,0.0,0.0,0.0,0.0,0.0,0.0,0.0,0.0,0.0,0.0,0.0,0.0,0.0,0.0,0.0,0.0,0.0,0.0
b0574,0.0,0.0,0.0,0.0,0.0,0.0,0.0,0.0,0.0,0.0,0.0,0.0,0.0,0.0,0.0,0.0,0.0,0.0,0.0
b0575,0.0,0.0,0.0,0.0,0.0,0.0,0.0,0.0,0.0,0.0,0.0,0.0,0.0,0.0,0.0,0.0,0.0,0.0,0.0
b0576,0.0,0.0,0.0,0.0,0.0,0.0,0.0,0.0,0.0,0.0,0.0,0.0,0.0,0.0,0.0,0.0,0.0,0.0,0.0
b0578,0.0,0.0,0.0,0.0,0.0,0.0,0.0,0.0,0.0,0.0,0.0,0.0,0.0,0.0,0.0,0.0,0.0,0.0,0.0
b0583,0.0,0.0,0.0,0.0,0.0,0.0,0.0,0.0,0.0,0.0,0.0,0.0,0.0,0.0,0.0,0.0,0.0,0.0,0.0
b0584,0.0,0.0,0.0,0.0,0.0,0.0,0.0,0.0,0.0,0.0,0.0,0.0,0.0,0.0,0.0,0.0,0.0,0.0,0.0
b0585,0.0,0.0,0.0,0.0,0.0,0.0,0.0,0.0,0.0,0.0,0.0,0.0,0.0,0.0,0.0,0.0,0.0,0.0,0.0
b0586,0.0,0.0,0.0,0.0,0.0,0.0,0.0,0.0,0.0,0.0,0.0,0.0,0.0,0.0,0.0,0.0,0.0,0.0,0.0
b0588,0.0,0.0,0.0,0.0,0.0,0.0,0.0,0.0,0.0,0.0,0.0,0.0,0.0,0.0,0.0,0.0,0.0,0.0,0.0
b0589,0.0,0.0,0.0,0.0,0.0,0.0,0.0,0.0,0.0,0.0,0.0,0.0,0.0,0.0,0.0,0.0,0.0,0.0,0.0
b0590,0.0,0.0,0.0,0.0,0.0,0.0,0.0,0.0,0.0,0.0,0.0,0.0,0.0,0.0,0.0,0.0,0.0,0.0,0.0
b0591,0.0,0.0,0.0,0.0,0.0,0.0,0.0,0.0,0.0,0.0,0.0,0.0,0.0,0.0,0.0,0.0,0.0,0.0,0.0
b0592,0.0,0.0,0.0,0.0,0.0,0.0,0.0,0.0,0.0,0.0,0.0,0.0,0.0,0.0,0.0,0.0,0.0,0.0,0.0
b0593,0.0,0.0,0.0,0.0,0.0,0.0,0.0,0.0,0.0,0.0,0.0,0.0,0.0,0.0,0.0,0.0,0.0,0.0,0.0
b0594,0.0,0.0,0.0,0.0,0.0,0.0,0.0,0.0,0.0,0.0,0.0,0.0,0.0,0.0,0.0,0.0,0.0,0.0,0.0
b0595,0.0,0.0,0.0,0.0,0.0,0.0,0.0,0.0,0.0,0.0,0.0,0.0,0.0,0.0,0.0,0.0,0.0,0.0,0.0
b0596,0.0,0.0,0.0,0.0,0.0,0.0,0.0,0.0,0.0,0.0,0.0,0.0,0.0,0.0,0.0,0.0,0.0,0.0,0.0
b0604,0.0,0.0,0.0,0.0,0.0,0.0,0.0,0.0,0.0,0.0,0.0,0.0,0.0,0.0,0.0,0.0,0.0,0.0,0.0
b0612,0.0,0.0,0.0,0.0,0.0,0.0,0.0,0.0,0.0,0.0,0.0,0.0,0.0,0.0,0.0,0.0,0.0,0.0,0.0
b0613,0.0,0.0,0.0,0.0,0.0,0.0,0.0,0.0,0.0,0.0,0.0,0.0,0.0,0.0,0.0,0.0,0.0,0.0,0.0
b0615,0.0,0.0,0.0,0.0,0.0,0.0,0.0,0.0,0.0,0.0,0.0,0.0,0.0,0.0,0.0,0.0,0.0,0.0,0.0
b0616,0.0,0.0,0.0,0.0,0.0,0.0,0.0,0.0,0.0,0.0,0.0,0.0,0.0,0.0,0.0,0.0,0.0,0.0,0.0
b0617,0.0,0.0,0.0,0.0,0.0,0.0,0.0,0.0,0.0,0.0,0.0,0.0,0.0,0.0,0.0,0.0,0.0,0.0,0.0
b0621,0.0,0.0,0.0,0.0,0.0,0.0,0.0,0.0,0.0,0.0,0.0,0.0,0.0,0.0,0.0,0.0,0.0,0.0,0.0
b0622,0.0,0.0,0.0,0.0,0.0,0.0,0.0,0.0,0.0,0.0,0.0,0.0,0.0,0.0,0.0,0.0,0.0,0.0,0.0
b0627,3.202188473320048e-07,0.0,8.552145186713246e-10,0.0,0.0,1.788117870241333e-07,9.918661543724801e-09,0.0,1.1380143429563591e-07,0.0,2.901012495482758e-10,2.9896617597606024e-08,8.543660154385669e-08,0.0,0.0,0.0,0.0,4.841218835306934e-08,1.1835934337983777e-07
b0628,1.0308543030123054e-11,4.030867954827901e-12,1.0472866843445377e-13,4.768222988436671e-13,3.49830632598339e-12,1.364342986591592e-12,1.0516857227939242e-13,7.1250095328544486e-12,2.9594154866883154e-12,3.4885473043209764e-12,2.657421187734912e-12,2.042027445797232e-13,1.1842548557669533e-12,2.438942639191445e-12,2.7966906562948786e-12,7.17451079078598e-13,3.006308172576626e-13,2.90413949524938e-12,1.2673345716723425e-13
b0630,2.5771398407666865e-12,1.0077181794771638e-12,2.618217405082769e-14,1.1920563800823772e-13,8.745774915368954e-13,3.4108604800920437e-13,2.62921506566701e-14,1.7812547658004743e-12,7.398545332882871e-13,8.721376851679963e-13,6.643556348453484e-13,5.105070349476514e-14,2.9606389042946016e-13,6.097361933082335e-13,6.991732669193847e-13,1.7936286347646714e-13,7.515773282050753e-14,7.260354547967439e-13,3.1683378205166226e-14
b0632,0.0,0.0,0.0,0.0,0.0,0.0,0.0,0.0,0.0,0.0,0.0,0.0,0.0,0.0,0.0,0.0,0.0,0.0,0.0
b0635,0.0,0.0,0.0,0.0,0.0,0.0,0.0,0.0,0.0,0.0,0.0,0.0,0.0,0.0,0.0,0.0,0.0,0.0,0.0
b0636,4.2893665716156497e-10,2.0514405230130216e-10,5.946824114003724e-12,2.902545254936058e-11,1.4898384143703152e-10,9.904370345370522e-11,7.188781774427924e-12,2.8167764627395705e-10,1.0221660022721431e-10,1.299520389191259e-10,2.6271562250488123e-11,1.0391442239728171e-11,3.8254101562728753e-11,9.667442552248285e-11,9.333403799870493e-11,2.7980149730433153e-11,1.3342681718349367e-11,7.770322188182448e-11,1.8664083656026615e-11
b0638,0.0,0.0,0.0,0.0,0.0,0.0,0.0,0.0,0.0,0.0,0.0,0.0,0.0,0.0,0.0,0.0,0.0,0.0,0.0
b0639,1.4082351001962349e-05,7.811135749336494e-06,3.896755355485673e-07,1.568872521746207e-06,6.051729829045377e-06,4.3570816065602544e-06,4.61985339962234e-07,1.0022089615624678e-05,4.463670570354939e-06,5.420215548653032e-06,1.4388360304964523e-06,6.411698059409228e-07,1.978849892306166e-06,4.2729407510929995e-06,4.148354794293198e-06,1.5187158759757253e-06,7.993904498711069e-07,3.5715760526035633e-06,1.0720365561729136e-06
b0642,1.3050110237167767e-06,7.628668320414788e-07,4.1641568448760866e-08,1.6209615292487617e-07,5.952801155628116e-07,4.3456246184062e-07,4.91477286681452e-08,9.639873722665665e-07,4.4661822966844425e-07,5.36107411044642e-07,1.49547061941247e-07,6.784412557823065e-08,2.0366994404249483e-07,4.268676362298186e-07,4.161254757374186e-07,1.571632922365186e-07,8.440831316069653e-08,3.595299340757636e-07,1.1191789145999982e-07
b0650,0.0,0.0,0.0,0.0,0.0,0.0,0.0,0.0,0.0,0.0,0.0,0.0,0.0,0.0,0.0,0.0,0.0,0.0,0.0
b0651,0.0,0.0,0.0,0.0,0.0,0.0,0.0,0.0,0.0,0.0,0.0,0.0,0.0,0.0,0.0,0.0,0.0,0.0,0.0
b0652,0.0,0.0,0.0,0.0,0.0,0.0,0.0,0.0,0.0,0.0,0.0,0.0,0.0,0.0,0.0,0.0,0.0,0.0,0.0
b0653,0.0,0.0,0.0,0.0,0.0,0.0,0.0,0.0,0.0,0.0,0.0,0.0,0.0,0.0,0.0,0.0,0.0,0.0,0.0
b0654,0.0,0.0,0.0,0.0,0.0,0.0,0.0,0.0,0.0,0.0,0.0,0.0,0.0,0.0,0.0,0.0,0.0,0.0,0.0
b0655,0.0,0.0,0.0,0.0,0.0,0.0,0.0,0.0,0.0,0.0,0.0,0.0,0.0,0.0,0.0,0.0,0.0,0.0,0.0
b0657,8.491944676245887e-09,4.711008051967541e-09,2.3641370115925057e-10,9.498979946807003e-10,3.6539968230925594e-09,2.63249432681564e-09,2.802361692766661e-10,6.04349413540407e-09,2.6975141092415478e-09,3.2744136817405786e-09,8.714072430135064e-10,3.887993280837966e-10,1.1980558468467704e-09,2.5815882164074693e-09,2.5070331936957124e-09,9.196970145706401e-10,4.845548262146296e-10,2.1595414048019636e-09,6.494750047757755e-10
b0661,1.9184432432065403e-10,9.578644216463228e-11,3.000773277870103e-12,1.433261149041432e-11,7.048675914021178e-11,4.73778819959179e-11,3.618257197137885e-12,1.2931364630629065e-10,4.869353377345988e-11,6.1273417755126e-11,1.2973648948153724e-11,5.199851545870645e-12,1.872932602662388e-11,4.6318633043396384e-11,4.472196638729849e-11,1.3820210763741418e-11,6.738443109646637e-12,3.741674263832735e-11,9.326165193785452e-12
b0662,0.0,0.0,0.0,0.0,0.0,0.0,0.0,0.0,0.0,0.0,0.0,0.0,0.0,0.0,0.0,0.0,0.0,0.0,0.0
b0674,8.881592077931323e-07,5.074189483881515e-07,2.730863236614448e-08,1.0720839591612866e-07,3.9888269687330163e-07,2.90246646169316e-07,0.0,6.475127531806905e-07,0.0,3.607040168777459e-07,9.866242430141345e-08,4.485166816662331e-08,1.3582849412513197e-07,2.8330176206388247e-07,2.7650211949395995e-07,1.0417041454025255e-07,5.505438558228671e-08,2.401328965462918e-07,7.413386214909663e-08
b0677,0.0,0.0,0.0,0.0,0.0,0.0,0.0,0.0,0.0,2.652592958778546e-05,0.0,0.0,0.0,0.0,0.0,0.0,0.0,0.0,0.0
b0678,0.0,0.0,0.0,0.0,0.0,0.0,0.0,0.0,0.0,3.6957964498276966e-05,0.0,0.0,0.0,0.0,0.0,0.0,0.0,0.0,0.0
b0679,0.0,0.0,0.0,0.0,0.0,0.0,0.0,0.0,0.0,0.0,0.0,0.0,0.0,0.0,0.0,0.0,0.0,0.0,0.0
b0680,5.66383664645997e-07,3.3355900545011825e-07,1.832562226305613e-08,7.111845289867571e-08,2.573900642567239e-07,1.8913813311335671e-07,2.1497765421110013e-08,4.1330453846399144e-07,1.9061679042326538e-07,2.2959757823131826e-07,6.421691971063401e-08,2.9320554639330627e-08,8.689489967049953e-08,1.8595418333072878e-07,1.7826433642006515e-07,6.750941452710504e-08,3.637735747914213e-08,1.54641303902957e-07,4.841043178705676e-08
b0684,1.676159952437543e-11,0.0,3.7819369846562486e-14,7.083260779246671e-14,5.593299057629509e-13,7.504987244768472e-12,4.3604609932046377e-13,0.0,5.373030510075437e-12,7.428913261998912e-13,0.0,1.2620133658367098e-12,3.776110283997266e-12,5.156825972407565e-13,4.986928874668452e-13,1.0478596814814376e-13,0.0,2.0010724444147976e-12,4.9859026801583786e-12
b0688,0.0,0.0,0.0,0.0,0.0,0.0,0.0,0.0,0.0,0.0,0.0,0.0,0.0,0.0,0.0,0.0,0.0,0.0,0.0
b0692,0.0,0.0,0.0,0.0,0.0,6.8130085195692586e-06,0.0,0.0,0.0,0.0,0.0,2.0240033652700966e-06,0.0,0.0,0.0,2.802809638424085e-06,0.0,0.0,0.0
b0693,0.0,0.0,0.0,0.0,0.0,0.0,0.0,0.0,0.0,0.0,0.0,0.0,0.0,0.0,0.0,0.0,0.0,0.0,0.0
b0696,0.0,0.0,0.0,0.0,0.0,0.0,0.0,0.0,0.0,0.0,0.0,0.0,0.0,0.0,0.0,0.0,0.0,0.0,0.0
b0697,0.0,0.0,0.0,0.0,0.0,0.0,0.0,0.0,0.0,0.0,0.0,0.0,0.0,0.0,0.0,0.0,0.0,0.0,0.0
b0698,0.0,0.0,0.0,0.0,0.0,0.0,0.0,0.0,0.0,0.0,0.0,0.0,0.0,0.0,0.0,0.0,0.0,0.0,0.0
b4513,0.0,0.0,0.0,0.0,0.0,0.0,0.0,0.0,0.0,0.0,0.0,0.0,0.0,0.0,0.0,0.0,0.0,0.0,0.0
b0709,0.0,0.0,0.0,0.0,0.0,0.0,0.0,0.0,0.0,0.0,0.0,0.0,0.0,0.0,0.0,0.0,0.0,0.0,0.0
b0720,1.3088745576728496e-05,5.6169054089565455e-06,8.513175762950457e-07,1.7824166600156847e-06,6.6250008238969336e-06,3.0078208481861732e-06,1.8942050617845803e-07,9.37640017441061e-06,7.05814734270525e-06,7.161039313890883e-06,2.5659699294601538e-06,1.5469454985578346e-06,3.2614243625257583e-06,5.34316929121516e-06,6.406248904842154e-06,2.5794137448450485e-06,1.515420919752195e-06,7.190524689164407e-06,1.4863816139498576e-06
b0721,1.1989695271441335e-05,4.8134334480387794e-06,8.587759749172184e-07,1.6711158368968036e-06,6.209169449864111e-06,5.9250983526939345e-06,8.437621690799624e-07,8.567800875993869e-06,6.948301993609344e-06,6.900877122821752e-06,2.5497695124531106e-06,2.0765777784311485e-06,3.2197376954864005e-06,5.101066100622857e-06,6.28669670047083e-06,3.2467351294251665e-06,2.7534539466756926e-06,7.236804404603121e-06,1.4346639578675149e-06
b0722,1.1989695271441335e-05,4.8134334480387794e-06,8.587759749172184e-07,1.6711158368968036e-06,6.209169449864111e-06,5.9250983526939345e-06,8.437621690799624e-07,8.567800875993869e-06,6.948301993609344e-06,6.900877122821752e-06,2.5497695124531106e-06,2.0765777784311485e-06,3.2197376954864005e-06,5.101066100622857e-06,6.28669670047083e-06,3.2467351294251665e-06,2.7534539466756926e-06,7.236804404603121e-06,1.4346639578675149e-06
b0723,1.1989695271441335e-05,4.8134334480387794e-06,8.587759749172184e-07,1.6711158368968036e-06,6.209169449864111e-06,5.9250983526939345e-06,8.437621690799624e-07,8.567800875993869e-06,6.948301993609344e-06,6.900877122821752e-06,2.5497695124531106e-06,2.0765777784311485e-06,3.2197376954864005e-06,5.101066100622857e-06,6.28669670047083e-06,3.2467351294251665e-06,2.7534539466756926e-06,7.236804404603121e-06,1.4346639578675149e-06
b0724,1.1989695271441335e-05,4.8134334480387794e-06,8.587759749172184e-07,1.6711158368968036e-06,6.209169449864111e-06,5.9250983526939345e-06,8.437621690799624e-07,8.567800875993869e-06,6.948301993609344e-06,6.900877122821752e-06,2.5497695124531106e-06,2.0765777784311485e-06,3.2197376954864005e-06,5.101066100622857e-06,6.28669670047083e-06,3.2467351294251665e-06,2.7534539466756926e-06,7.236804404603121e-06,1.4346639578675149e-06
b0726,3.6180434939735433e-06,1.4525149118194869e-06,2.591472777759221e-07,3.0141215922068797e-07,1.8736988076286225e-06,7.675408279198154e-07,2.5461663954112565e-07,2.5854434248007894e-06,2.096741791656568e-06,2.0824303678172643e-06,7.694271008351404e-07,4.840860822503041e-07,9.71598538472479e-07,9.806278972837442e-07,1.3092323631671008e-06,9.797458583430204e-07,4.5671961606241395e-07,2.183801946709172e-06,4.329290802924907e-07
b0727,7.2360869879470866e-06,2.9050298236389737e-06,5.182945555518442e-07,6.028243184413759e-07,3.747397615257245e-06,1.5350816558396307e-06,5.092332790822513e-07,5.170886849601579e-06,4.193483583313136e-06,4.164860735634529e-06,1.5388542016702809e-06,9.681721645006083e-07,1.943197076944958e-06,1.9612557945674885e-06,2.6184647263342017e-06,1.959491716686041e-06,9.134392321248279e-07,4.367603893418344e-06,8.658581605849814e-07
b0728,1.9115813208359503e-05,7.3750013596951626e-06,1.442614807331341e-06,1.531164811913529e-06,1.0032451555087943e-05,3.860758839501537e-06,1.4069856174124314e-06,1.3636815531749804e-05,1.1519416104052958e-05,1.1313774643993262e-05,4.248797828376781e-06,2.7071488469708012e-06,5.345935490028148e-06,5.101066100622857e-06,7.014224047351437e-06,4.362700518909588e-06,2.5286749426822545e-06,1.2134491239064088e-05,2.355492698725274e-06
b0729,1.9115813208359503e-05,7.3750013596951626e-06,1.442614807331341e-06,1.531164811913529e-06,1.0032451555087943e-05,3.860758839501537e-06,1.4069856174124314e-06,1.3636815531749804e-05,1.1519416104052958e-05,1.1313774643993262e-05,4.248797828376781e-06,2.7071488469708012e-06,5.345935490028148e-06,5.101066100622857e-06,7.014224047351437e-06,4.362700518909588e-06,2.5286749426822545e-06,1.2134491239064088e-05,2.355492698725274e-06
b0731,0.0,0.0,0.0,0.0,0.0,0.0,0.0,0.0,0.0,0.0,0.0,0.0,0.0,0.0,0.0,0.0,0.0,0.0,0.0
b0732,0.0,0.0,0.0,0.0,0.0,0.0,0.0,0.0,0.0,0.0,0.0,0.0,0.0,0.0,0.0,0.0,0.0,0.0,0.0
b0733,0.0,0.0,0.0,0.0,0.0,0.0,0.0,0.0,0.0,0.0,0.0,0.0,0.0,0.0,0.0,0.0,0.0,0.0,0.0
b0734,0.0,0.0,0.0,0.0,0.0,0.0,0.0,0.0,0.0,0.0,0.0,0.0,0.0,0.0,0.0,0.0,0.0,0.0,0.0
b0736,0.0,0.0,0.0,0.0,0.0,0.0,0.0,0.0,0.0,0.0,0.0,0.0,0.0,0.0,0.0,0.0,0.0,0.0,0.0
b0750,7.051103014688959e-05,3.911074423767477e-05,1.9511247398066976e-06,7.855422554235327e-06,3.0301311503824027e-05,2.1816123775768507e-05,2.313183518075841e-06,5.0181099940178155e-05,2.234982000578048e-05,2.7139288170026214e-05,7.204323390933011e-06,3.210369029267619e-06,9.908199589196855e-06,2.1394826337889705e-05,2.0771018271000464e-05,7.604285740396751e-06,4.002587643365996e-06,1.7883058495129535e-05,5.367740224650175e-06
b0751,0.0,0.0,0.0,0.0,0.0,0.0,0.0,0.0,0.0,0.0,0.0,0.0,0.0,0.0,0.0,0.0,0.0,0.0,0.0
b0752,0.0,0.0,0.0,0.0,0.0,0.0,0.0,0.0,0.0,0.0,0.0,0.0,0.0,0.0,0.0,0.0,0.0,0.0,0.0
b0754,0.0,0.0,0.0,0.0,0.0,0.0,0.0,0.0,0.0,0.0,0.0,0.0,0.0,0.0,0.0,0.0,0.0,0.0,0.0
b0755,0.0,0.0,0.0,0.0,0.0,0.0,0.0,0.0,0.0,0.0,0.0,0.0,0.0,0.0,0.0,0.0,0.0,0.0,0.0
b0756,0.0,0.0,0.0,0.0,0.0,0.0,0.0,0.0,0.0,0.0,0.0,0.0,0.0,0.0,0.0,0.0,0.0,0.0,0.0
b0757,0.0,0.0,0.0,0.0,0.0,0.0,0.0,0.0,0.0,0.0,0.0,0.0,0.0,0.0,0.0,0.0,0.0,0.0,0.0
b0758,0.0,0.0,0.0,0.0,0.0,0.0,0.0,0.0,0.0,0.0,0.0,0.0,0.0,0.0,0.0,0.0,0.0,0.0,0.0
b0759,0.0,0.0,0.0,0.0,0.0,0.0,0.0,0.0,0.0,0.0,0.0,0.0,0.0,0.0,0.0,0.0,0.0,0.0,0.0
b0763,1.3948351205432334e-12,0.0,3.7252124794655e-15,0.0,0.0,7.788828252503361e-13,4.3204507121421285e-14,0.0,4.957054796939218e-13,0.0,1.263646455400157e-15,1.30226101798924e-13,3.7215165005473087e-13,0.0,0.0,0.0,0.0,2.1087772047097146e-13,5.155591882431137e-13
b0764,2.789670241086467e-12,0.0,7.450424958931e-15,0.0,0.0,1.5577656505006721e-12,8.640901424284257e-14,0.0,9.914109593878437e-13,0.0,2.527292910800314e-15,2.60452203597848e-13,7.443033001094617e-13,0.0,0.0,0.0,0.0,4.217554409419429e-13,1.0311183764862275e-12
b0765,2.789670241086467e-12,0.0,7.450424958931e-15,0.0,0.0,1.5577656505006721e-12,8.640901424284257e-14,0.0,9.914109593878437e-13,0.0,2.527292910800314e-15,2.60452203597848e-13,7.443033001094617e-13,0.0,0.0,0.0,0.0,4.217554409419429e-13,1.0311183764862275e-12
b0766,0.0,0.0,0.0,0.0,0.0,0.0,0.0,0.0,0.0,0.0,0.0,0.0,0.0,0.0,0.0,0.0,0.0,0.0,0.0
b0767,2.841853539483779e-05,1.9720234251098974e-05,0.0,5.20022415167253e-06,1.722758244719233e-05,0.0,1.2708173958480566e-07,2.324015433214441e-05,0.0,7.693970520483864e-06,0.0,0.0,0.0,0.0,0.0,0.0,0.0,0.0,1.6309049031932915e-06
b0774,2.7840120486882248e-12,1.1548072793825865e-12,1.3019405420538108e-14,1.0478704735718358e-13,7.887143965622386e-13,4.827897615893554e-13,1.680070888929735e-14,1.6751684457384004e-12,5.005160290912573e-13,6.690139512764317e-13,9.205748349825321e-14,2.7448468832969375e-14,1.4830015474911766e-13,4.689139503647855e-13,4.4860275875923063e-13,9.980790496114005e-14,3.818758271459765e-14,3.5866272730920687e-13,5.926019802596613e-14
b0775,3.2413200103020557e-12,1.3444984709994101e-12,1.515800168024025e-14,1.2199959895264973e-13,9.182703635191013e-13,5.62093873029708e-13,1.9560430399645002e-14,1.950335310638067e-12,5.827318963417675e-13,7.789076589899437e-13,1.0717904884841795e-13,3.1957214884316546e-14,1.7266026536979173e-13,5.459387904385374e-13,5.222912376863198e-13,1.1620257164091682e-13,4.446035930635151e-14,4.175774582314072e-13,6.899440890226446e-14
b0776,3.0671163451807677e-12,1.272238848174869e-12,1.4343339925085004e-14,1.1544277111296405e-13,8.68918228466451e-13,5.318843249095672e-13,1.85091615782581e-14,1.84551518851228e-12,5.514131645278253e-13,7.370455261070984e-13,1.0141874654125142e-13,3.0239685006914e-14,1.6338069687527922e-13,5.165974918552441e-13,4.942208689549053e-13,1.0995730310463294e-13,4.207085209350028e-14,3.9513489672413915e-13,6.528632735972918e-14
b0777,3.4453514575915507e-12,1.4291202868965041e-12,1.611177011185368e-14,1.2967665170416773e-13,9.7606319561398e-13,5.974684720155709e-13,2.0791216274425313e-14,2.073093904213869e-12,6.194054398421468e-13,8.279286457064613e-13,1.1392344478113594e-13,3.396806542250114e-14,1.8352545051710976e-13,5.802966024119414e-13,5.551606994497444e-13,1.2351481661335638e-13,4.725798145054463e-14,4.4385645112936605e-13,7.333588972985928e-14
b0778,4.614225735534043e-12,1.913979312919961e-12,2.157838202643711e-14,1.736742090947352e-13,1.3072164211065312e-12,8.001764733121755e-13,2.784552005395898e-14,2.776426688714489e-12,8.295560155956854e-13,1.1088247239682594e-12,1.525762109062301e-13,4.549313331807171e-14,2.457928983998057e-13,7.771786830245973e-13,7.435148836635731e-13,1.654217710366679e-13,6.329215673565655e-14,5.944481409506662e-13,9.821794088610228e-14
b0781,2.5824100591290697e-08,0.0,6.896891279607462e-11,0.0,0.0,1.442030540517203e-08,7.99892059977806e-10,0.0,9.177535023841599e-09,0.0,2.3395262060344803e-11,2.4110175481940326e-09,6.89004851160134e-09,0.0,0.0,0.0,0.0,3.90420873815075e-09,9.545108337083685e-09
b0783,2.5824100591290697e-08,0.0,6.896891279607462e-11,0.0,0.0,1.442030540517203e-08,7.99892059977806e-10,0.0,9.177535023841599e-09,0.0,2.3395262060344803e-11,2.4110175481940326e-09,6.89004851160134e-09,0.0,0.0,0.0,0.0,3.90420873815075e-09,9.545108337083685e-09
b0784,2.3837706851662062e-11,0.0,6.366364553573453e-14,0.0,0.0,1.3311074665273503e-11,7.383623274244035e-13,0.0,8.47158594213469e-12,0.0,2.1595648480214414e-14,2.225556171859257e-12,6.360052363324242e-12,0.0,0.0,0.0,0.0,3.6038907568123266e-12,8.810876971673184e-12
b0785,2.5824100591290697e-08,0.0,6.896891279607462e-11,0.0,0.0,1.442030540517203e-08,7.99892059977806e-10,0.0,9.177535023841599e-09,0.0,2.3395262060344803e-11,2.4110175481940326e-09,6.89004851160134e-09,0.0,0.0,0.0,0.0,3.90420873815075e-09,9.545108337083685e-09
b0789,0.0,0.0,0.0,0.0,0.0,0.0,0.0,0.0,0.0,0.0,0.0,0.0,0.0,0.0,0.0,0.0,0.0,0.0,0.0
b0805,0.0,0.0,0.0,0.0,0.0,0.0,0.0,0.0,0.0,0.0,0.0,0.0,0.0,0.0,0.0,0.0,0.0,0.0,0.0
b0807,2.1446832858078248e-10,1.0257202615065108e-10,2.973412057001862e-12,1.451272627468029e-11,7.449192071851576e-11,4.952185172685261e-11,3.594390887213962e-12,1.4083882313697853e-10,5.1108300113607156e-11,6.497601945956295e-11,1.3135781125244061e-11,5.1957211198640855e-12,1.9127050781364377e-11,4.833721276124142e-11,4.666701899935246e-11,1.3990074865216577e-11,6.671340859174683e-12,3.885161094091224e-11,9.332041828013308e-12
b0809,0.0,0.0,0.0,0.0,0.0,0.0,0.0,0.0,0.0,0.0,0.0,0.0,0.0,0.0,0.0,0.0,0.0,0.0,0.0
b0810,0.0,0.0,0.0,0.0,0.0,0.0,0.0,0.0,0.0,0.0,0.0,0.0,0.0,0.0,0.0,0.0,0.0,0.0,0.0
b0811,0.0,0.0,0.0,0.0,0.0,0.0,0.0,0.0,0.0,0.0,0.0,0.0,0.0,0.0,0.0,0.0,0.0,0.0,0.0
b0813,0.0,0.0,0.0,0.0,0.0,0.0,0.0,0.0,0.0,0.0,0.0,0.0,0.0,0.0,0.0,0.0,0.0,0.0,0.0
b0822,0.0,0.0,0.0,0.0,0.0,0.0,0.0,0.0,0.0,0.0,0.0,0.0,0.0,0.0,0.0,0.0,0.0,0.0,0.0
b0825,0.0,0.0,0.0,0.0,0.0,0.0,0.0,0.0,0.0,0.0,0.0,0.0,0.0,0.0,0.0,0.0,0.0,0.0,0.0
b0826,5.164852850909297e-08,0.0,1.3793797178270395e-10,0.0,0.0,2.8840712738575743e-08,1.599785965860898e-09,0.0,1.835513570241554e-08,0.0,4.679061930146228e-11,4.822041649412345e-09,1.3780129883453635e-08,0.0,0.0,0.0,0.0,7.808442469931287e-09,1.9090250204434454e-08
b0827,2.5824100591290697e-08,0.0,6.896891279607462e-11,0.0,0.0,1.442030540517203e-08,7.99892059977806e-10,0.0,9.177535023841599e-09,0.0,2.3395262060344803e-11,2.4110175481940326e-09,6.89004851160134e-09,0.0,0.0,0.0,0.0,3.90420873815075e-09,9.545108337083685e-09
b0828,0.0,0.0,0.0,0.0,0.0,0.0,0.0,0.0,0.0,0.0,0.0,0.0,0.0,0.0,0.0,0.0,0.0,0.0,0.0
b0829,0.0,0.0,0.0,0.0,0.0,0.0,0.0,0.0,0.0,0.0,0.0,0.0,0.0,0.0,0.0,0.0,0.0,0.0,0.0
b0830,0.0,0.0,0.0,0.0,0.0,0.0,0.0,0.0,0.0,0.0,0.0,0.0,0.0,0.0,0.0,0.0,0.0,0.0,0.0
b0831,0.0,0.0,0.0,0.0,0.0,0.0,0.0,0.0,0.0,0.0,0.0,0.0,0.0,0.0,0.0,0.0,0.0,0.0,0.0
b0832,0.0,0.0,0.0,0.0,0.0,0.0,0.0,0.0,0.0,0.0,0.0,0.0,0.0,0.0,0.0,0.0,0.0,0.0,0.0
b0837,0.0,0.0,0.0,0.0,0.0,0.0,0.0,0.0,0.0,0.0,0.0,0.0,0.0,0.0,0.0,0.0,0.0,0.0,0.0
b0839,0.0,0.0,0.0,0.0,0.0,0.0,0.0,0.0,0.0,0.0,0.0,0.0,0.0,0.0,0.0,0.0,0.0,0.0,0.0
b0841,1.9607052523428236e-07,1.0905366461864844e-07,5.483190969449355e-09,2.202129159359905e-08,8.457615238250093e-08,6.097348654631451e-08,6.499164634379197e-09,1.397457690130031e-07,6.245697213638406e-08,7.578650026133888e-08,2.0199653308629634e-08,9.015384423689462e-09,2.775865428283737e-08,5.979953593032678e-08,5.806000643312506e-08,2.1318062366768002e-08,1.1235352853877064e-08,5.001423674967576e-08,1.5059607533662115e-08
b0842,0.0,0.0,0.0,0.0,0.0,0.0,0.0,0.0,0.0,0.0,0.0,0.0,0.0,0.0,0.0,0.0,0.0,0.0,0.0
b0849,0.0,0.0,0.0,0.0,0.0,0.0,0.0,0.0,0.0,0.0,0.0,0.0,0.0,0.0,0.0,0.0,0.0,0.0,0.0
b0854,0.0,0.0,0.0,0.0,0.0,0.0,0.0,0.0,0.0,0.0,0.0,0.0,0.0,0.0,0.0,0.0,0.0,0.0,0.0
b0855,0.0,0.0,0.0,0.0,0.0,0.0,0.0,0.0,0.0,0.0,0.0,0.0,0.0,0.0,0.0,0.0,0.0,0.0,0.0
b0856,0.0,0.0,0.0,0.0,0.0,0.0,0.0,0.0,0.0,0.0,0.0,0.0,0.0,0.0,0.0,0.0,0.0,0.0,0.0
b0857,0.0,0.0,0.0,0.0,0.0,0.0,0.0,0.0,0.0,0.0,0.0,0.0,0.0,0.0,0.0,0.0,0.0,0.0,0.0
b0859,2.1446832858078248e-10,1.0257202615065108e-10,2.973412057001862e-12,1.451272627468029e-11,7.449192071851576e-11,4.952185172685261e-11,3.594390887213962e-12,1.4083882313697853e-10,5.1108300113607156e-11,6.497601945956295e-11,1.3135781125244061e-11,5.1957211198640855e-12,1.9127050781364377e-11,4.833721276124142e-11,4.666701899935246e-11,1.3990074865216577e-11,6.671340859174683e-12,3.885161094091224e-11,9.332041828013308e-12
b0860,0.0,0.0,0.0,0.0,0.0,0.0,0.0,0.0,0.0,0.0,0.0,0.0,0.0,0.0,0.0,0.0,0.0,0.0,0.0
b0861,0.0,0.0,0.0,0.0,0.0,0.0,0.0,0.0,0.0,0.0,0.0,0.0,0.0,0.0,0.0,0.0,0.0,0.0,0.0
b0862,0.0,0.0,0.0,0.0,0.0,0.0,0.0,0.0,0.0,0.0,0.0,0.0,0.0,0.0,0.0,0.0,0.0,0.0,0.0
b0863,0.0,0.0,0.0,0.0,0.0,0.0,0.0,0.0,0.0,0.0,0.0,0.0,0.0,0.0,0.0,0.0,0.0,0.0,0.0
b0864,0.0,0.0,0.0,0.0,0.0,0.0,0.0,0.0,0.0,0.0,0.0,0.0,0.0,0.0,0.0,0.0,0.0,0.0,0.0
b0870,0.0,0.0,0.0,0.0,0.0,0.0,0.0,0.0,0.0,0.0,0.0,0.0,0.0,0.0,0.0,0.0,0.0,0.0,0.0
b0871,0.0,0.0,0.0,0.0,0.0,0.0,0.0,0.0,0.0,0.0,0.0,0.0,0.0,0.0,0.0,0.0,0.0,0.0,0.0
b0875,0.0,0.0,0.0,0.0,0.0,0.0,0.0,0.0,0.0,0.0,0.0,0.0,0.0,0.0,0.0,0.0,0.0,0.0,0.0
b0884,5.5895143580258744e-08,3.143315388586835e-08,1.589597068810333e-09,6.350565301869735e-09,2.4353038792371855e-08,1.747921175380268e-08,1.8721647093259797e-09,4.0048981992803473e-08,1.7804054167490663e-08,2.162373331878424e-08,5.763181370955168e-09,2.590492935156436e-09,7.885481896888112e-09,1.711183225882828e-08,1.65341471898557e-08,6.083800465237274e-09,3.1936516214257887e-09,1.4211073918799244e-08,4.315943822238181e-09
b0886,0.0,0.0,0.0,0.0,0.0,0.0,0.0,0.0,0.0,0.0,0.0,0.0,0.0,0.0,0.0,0.0,0.0,0.0,0.0
b0887,0.0,0.0,0.0,0.0,0.0,0.0,0.0,0.0,0.0,0.0,0.0,0.0,0.0,0.0,0.0,0.0,0.0,0.0,0.0
b0888,1.1245969740252126e-06,6.636390369136201e-07,1.326313333204332e-11,1.4205024637587272e-07,5.990202102829647e-07,3.802608292417537e-07,4.315699138165027e-08,8.376468133390345e-07,3.88228166435628e-07,4.664670080984001e-07,2.053996570267595e-07,5.969529084739075e-08,1.7752998008900157e-07,5.678052946777182e-07,5.530332152505445e-07,1.8437488708085585e-07,7.418930123768303e-08,3.135622120035436e-07,9.845799031479614e-08
b0891,6.13307115506648e-07,3.402394704198783e-07,1.707432286150145e-08,6.860374406027287e-08,2.6389977055668513e-07,1.9012459027001863e-07,2.0239278892203685e-08,4.3647457644584995e-07,1.948204634452231e-07,2.3648543257015314e-07,6.293496755097553e-08,2.8079951472718674e-08,8.652625560560018e-08,1.864480378516508e-07,1.810635084335794e-07,6.642256216343518e-08,3.4995626337723283e-08,1.5596687923569755e-07,4.690652812269495e-08
b0893,1.3634712874341703e-06,7.791800044991871e-07,4.1415445362203726e-08,1.6205500867937644e-07,6.07216045061571e-07,4.405280204128087e-07,4.8830514561702725e-08,9.991622237211331e-07,4.5696786572850353e-07,5.502785314387848e-07,1.5073470026956474e-07,6.806283668872484e-08,2.0698571925520045e-07,4.349947831279066e-07,4.244644766521347e-07,1.592352829989247e-07,8.592248045487158e-08,3.688015685883142e-07,1.1240442797677456e-07
b0894,0.0,0.0,0.0,0.0,0.0,0.0,0.0,0.0,0.0,0.0,0.0,0.0,0.0,0.0,0.0,0.0,0.0,0.0,0.0
b0895,0.0,0.0,0.0,0.0,0.0,0.0,0.0,0.0,0.0,0.0,0.0,0.0,0.0,0.0,0.0,0.0,0.0,0.0,0.0
b0896,0.0,0.0,0.0,0.0,0.0,0.0,0.0,0.0,0.0,0.0,0.0,0.0,0.0,0.0,0.0,0.0,0.0,0.0,0.0
b0902,8.380813040798496e-12,0.0,1.8909689937193328e-14,3.5416322702041394e-14,2.7966524388696563e-13,3.752496937844912e-12,2.1802311257264128e-13,0.0,2.6865176574608246e-12,3.7144602898796943e-13,0.0,6.310068973691732e-13,1.888056267494717e-12,2.578415242279919e-13,2.4934665872670026e-13,5.239301144641794e-14,0.0,1.0005370228520464e-12,2.492952434827945e-12
b0903,2.644787931957991e-06,0.0,3.5684414881477764e-08,6.669955341873394e-08,2.6875427954640664e-07,2.1235411933632657e-06,3.7790672845924524e-07,0.0,1.502138905246914e-06,1.8854310365116036e-07,0.0,9.286516602791615e-07,1.583531063060087e-06,1.4733801384456696e-07,1.4460252327645083e-07,5.0143004819884697e-08,0.0,6.251686604736424e-07,2.8386903637456917e-06
b0904,7.680925902535597e-06,0.0,8.602028494090468e-08,0.0,0.0,7.69127731726208e-06,1.3067639455256296e-06,0.0,4.836487997936532e-06,0.0,0.0,3.344281089964842e-06,5.44650118659174e-06,0.0,0.0,0.0,0.0,2.29922108361971e-06,1.0243976227109985e-05
b0907,1.811742282816088e-07,7.912950109639169e-08,4.186746552413829e-09,2.0217363777894e-08,7.814271495405912e-08,6.061960017963521e-08,6.020653411737841e-09,1.0125858275629683e-07,5.839485827906695e-08,7.052082432694337e-08,2.937269040351542e-13,9.067502146782204e-09,2.6064725667983762e-08,5.514154897968471e-08,5.4052965162891794e-08,1.987634463648355e-08,1.113116991333176e-08,9.136830504205815e-13,1.1471989779856983e-08
b0908,4.5704404869533436e-05,2.700615814548526e-05,1.533603572641148e-06,5.927934332243637e-06,2.146780459472388e-05,1.5666396606173876e-05,1.8150134664416473e-06,3.4247182900547456e-05,1.610979426420672e-05,1.9297145703465144e-05,5.480221565424209e-06,2.5080303567467137e-06,7.4603640586584635e-06,1.540235407158873e-05,1.5045797061846522e-05,5.790521720259796e-06,3.1476448248972617e-06,1.3030333304794384e-05,4.135421848611218e-06
b0910,8.54586676365532e-06,4.51633901586891e-06,2.598589472004544e-07,9.279060103757334e-07,4.937908562463177e-06,2.5161978096428664e-06,3.0330216746536636e-07,5.867868574780832e-06,2.603883867116033e-06,3.151140445997949e-06,8.639012555400235e-07,4.106170015785758e-07,1.1784951157530589e-06,2.46720698211452e-06,2.4136584378960103e-06,9.095826206915608e-07,4.96862639865713e-07,2.073662908858443e-06,6.538270431379459e-07
b0911,6.768117179757674e-05,4.340299117405492e-05,5.611116301116423e-06,1.3665907236519881e-05,3.579283254236695e-05,2.8024457809149993e-05,6.23027753783754e-06,5.2645822067177326e-05,2.857668393449005e-05,3.298132007274999e-05,1.2915011694567702e-05,7.646532968856585e-06,1.604204259082175e-05,2.7621264434995126e-05,2.7063401352784352e-05,1.3389274104133668e-05,8.794894428433112e-06,2.4275772924361742e-05,1.0626266607080855e-05
b0914,3.0287288658247353e-08,1.6825043012573344e-08,8.451888980354409e-10,3.395123389977691e-09,1.3049262682483437e-08,9.404587172762757e-09,1.0018228270785693e-09,2.157150001636173e-08,9.635045939125348e-09,1.1693380382326002e-08,3.1144194388997936e-09,1.3898021747689484e-09,4.280820928717893e-09,9.223141152078795e-09,8.955763567546586e-09,3.2869288084300958e-09,1.7320584288028628e-09,7.714575229432193e-09,2.3215923287899562e-09
b0915,1.870984707096895e-09,1.040634427385568e-09,5.232283861979369e-11,2.1013612195363912e-10,8.070600489475709e-10,5.818338107179513e-10,6.201767259662721e-11,1.3335109720974424e-09,5.959898336535875e-10,7.231856130539267e-10,1.927533084534075e-10,8.602846534514857e-11,2.648843705127056e-10,5.706314964140777e-10,5.540321983659929e-10,2.0342562261972695e-10,1.0721230711920362e-10,4.772561912809391e-10,1.4370490086001192e-10
b0918,6.183908359916813e-06,3.4394658121562034e-06,1.729354804067695e-07,6.94534015345274e-07,2.6674645520677106e-06,1.9230552513514804e-06,2.049784814264682e-07,4.4074703641963586e-06,1.9698432065083587e-06,2.3902459177632068e-06,6.370809932466865e-07,2.84338051519481e-07,8.754858695592708e-07,1.8860297829917585e-06,1.8311664067284772e-06,6.723547250641769e-07,3.5435408946187447e-07,1.5774092326300421e-06,4.749680392460965e-07
b0928,2.989649425274799e-06,1.5726058364396876e-06,9.046425906095194e-08,3.4221729574994136e-07,1.2764210987360397e-06,1.1645168750297488e-06,1.0752579242836172e-07,2.0197925703783007e-06,4.522498467979793e-06,1.2109621414905309e-06,3.311307073540229e-07,1.4995258485619739e-07,4.594708503000423e-06,9.52473446413326e-07,9.334813994708337e-07,3.357960256098976e-07,2.2470877133774461e-07,8.041450706809179e-07,2.388007647103046e-07
b0929,0.00014081658066781615,5.3104278636265636e-05,6.826602442081478e-06,4.4490171150119375e-05,0.0001689162964654587,8.273489765506311e-05,2.2909880585803315e-05,0.00015457871224162115,6.684031197769547e-05,8.472706622875236e-05,3.5954398432589386e-05,1.76122768552391e-05,3.0121663308677616e-05,4.261519770794986e-05,5.34189701716741e-05,4.269117235561689e-05,1.5816530138980812e-05,3.2159252562833564e-05,2.2339625576487504e-05
b0930,1.0760445492615808e-06,6.147607194906076e-07,3.308562783286766e-08,1.2988776004166288e-07,4.832642030833367e-07,3.5164677550096573e-07,3.919433690808938e-08,7.844906211902125e-07,3.612674728724178e-07,4.3700902704423543e-07,1.1953393373049057e-07,5.43397992527769e-08,1.6456228731887394e-07,3.4323273821876073e-07,3.349946675439405e-07,1.2620710991544013e-07,6.670084709920975e-08,2.9093172953650987e-07,8.981648513159926e-08
b0931,0.0,0.0,0.0,0.0,0.0,0.0,0.0,0.0,0.0,0.0,0.0,0.0,0.0,0.0,0.0,0.0,0.0,0.0,0.0
b0932,0.0,0.0,0.0,0.0,0.0,0.0,0.0,0.0,0.0,0.0,0.0,0.0,0.0,0.0,0.0,0.0,0.0,0.0,0.0
b0933,0.0,0.0,0.0,0.0,0.0,0.0,0.0,0.0,0.0,0.0,0.0,0.0,0.0,0.0,0.0,0.0,0.0,0.0,0.0
b0934,0.0,0.0,0.0,0.0,0.0,0.0,0.0,0.0,0.0,0.0,0.0,0.0,0.0,0.0,0.0,0.0,0.0,0.0,0.0
b0935,0.0,0.0,0.0,0.0,0.0,0.0,0.0,0.0,0.0,0.0,0.0,0.0,0.0,0.0,0.0,0.0,0.0,0.0,0.0
b0936,0.0,0.0,0.0,0.0,0.0,0.0,0.0,0.0,0.0,0.0,0.0,0.0,0.0,0.0,0.0,0.0,0.0,0.0,0.0
b0937,0.0,0.0,0.0,0.0,0.0,0.0,0.0,0.0,0.0,0.0,0.0,0.0,0.0,0.0,0.0,0.0,0.0,0.0,0.0
b0945,2.0056406416288507e-06,1.0131009227967228e-06,3.8543497870654836e-08,0.0,0.0,5.293977944626864e-07,4.702858666980998e-08,1.3781694332705404e-06,5.646795981683594e-07,6.930887236114576e-07,1.6141211758914621e-07,6.951582204788244e-08,2.338876757710497e-07,5.181660049489168e-07,5.152618325748051e-07,1.714310469941491e-07,8.393784399750002e-08,4.305261009936207e-07,1.1616219617603108e-07
b0948,8.57873314323131e-10,4.102881046026048e-10,1.1893648228007463e-11,5.805090509872122e-11,2.979676828740634e-10,1.9808740690741067e-10,1.4377563548855867e-11,5.633552925479147e-10,2.0443320045442886e-10,2.599040778382521e-10,5.2543124500976303e-11,2.0782884479456365e-11,7.65082031254576e-11,1.9334885104496592e-10,1.8666807599741006e-10,5.596029946086637e-11,2.6685363436698765e-11,1.5540644376364914e-10,3.7328167312053276e-11
b0954,0.0,0.0,0.0,0.0,0.0,0.0,0.0,0.0,0.0,0.0,0.0,0.0,0.0,0.0,0.0,0.0,0.0,0.0,0.0
b0957,0.0,0.0,0.0,0.0,0.0,0.0,0.0,0.0,0.0,0.0,0.0,0.0,0.0,0.0,0.0,0.0,0.0,0.0,0.0
b0963,0.0,0.0,0.0,0.0,0.0,0.0,0.0,0.0,0.0,0.0,0.0,0.0,0.0,0.0,0.0,0.0,0.0,0.0,0.0
b0967,4.2893665716156497e-10,2.0514405230130216e-10,5.946824114003724e-12,2.902545254936058e-11,1.4898384143703152e-10,9.904370345370522e-11,7.188781774427924e-12,2.8167764627395705e-10,1.0221660022721431e-10,1.299520389191259e-10,2.6271562250488123e-11,1.0391442239728171e-11,3.8254101562728753e-11,9.667442552248285e-11,9.333403799870493e-11,2.7980149730433153e-11,1.3342681718349367e-11,7.770322188182448e-11,1.8664083656026615e-11
b0968,0.0,0.0,0.0,0.0,0.0,0.0,0.0,0.0,0.0,0.0,0.0,0.0,0.0,0.0,0.0,0.0,0.0,0.0,0.0
b0969,1.9789627493839134e-10,9.315716073716215e-11,2.6087149932599855e-12,1.285597445617676e-11,6.695715415839108e-11,4.44300336745715e-11,3.150189081406051e-12,1.2791243323809864e-10,4.534655841731763e-11,5.828709700743869e-11,1.1535214991676397e-11,4.537081909805481e-12,1.673465689155423e-11,4.331438059770739e-11,4.147785631148203e-11,1.2290861899131047e-11,5.760112245995245e-12,3.4457787372973184e-11,8.178178951138175e-12
b0972,0.0,0.0,0.0,0.0,0.0,0.0,0.0,0.0,0.0,0.0,0.0,0.0,0.0,0.0,0.0,0.0,0.0,0.0,0.0
b0973,0.0,0.0,0.0,0.0,0.0,0.0,0.0,0.0,0.0,0.0,0.0,0.0,0.0,0.0,0.0,0.0,0.0,0.0,0.0
b0974,0.0,0.0,0.0,0.0,0.0,0.0,0.0,0.0,0.0,0.0,0.0,0.0,0.0,0.0,0.0,0.0,0.0,0.0,0.0
b0978,0.0,0.0,0.0,0.0,0.0,0.0,0.0,0.0,0.0,0.0,0.0,0.0,0.0,0.0,0.0,0.0,0.0,0.0,0.0
b0979,0.0,0.0,0.0,0.0,0.0,0.0,0.0,0.0,0.0,0.0,0.0,0.0,0.0,0.0,0.0,0.0,0.0,0.0,0.0
b0980,0.0,0.0,0.0,0.0,0.0,0.0,0.0,0.0,0.0,0.0,0.0,0.0,0.0,0.0,0.0,0.0,0.0,0.0,0.0
b0996,0.0,0.0,0.0,0.0,0.0,0.0,0.0,0.0,0.0,0.0,0.0,0.0,0.0,0.0,0.0,0.0,0.0,0.0,0.0
b0997,0.0,0.0,0.0,0.0,0.0,0.0,0.0,0.0,0.0,0.0,0.0,0.0,0.0,0.0,0.0,0.0,0.0,0.0,0.0
b0998,0.0,0.0,0.0,0.0,0.0,0.0,0.0,0.0,0.0,0.0,0.0,0.0,0.0,0.0,0.0,0.0,0.0,0.0,0.0
b1002,0.0,0.0,0.0,0.0,0.0,0.0,0.0,0.0,0.0,0.0,0.0,0.0,0.0,0.0,0.0,0.0,0.0,0.0,0.0
b1006,0.0,0.0,0.0,3.252344160778919e-06,5.061558392660893e-06,0.0,0.0,0.0,0.0,0.0,0.0,0.0,0.0,0.0,0.0,0.0,0.0,0.0,0.0
b1007,0.0,0.0,0.0,3.4602514526352826e-07,3.3153439167889505e-06,0.0,0.0,0.0,0.0,0.0,0.0,0.0,0.0,0.0,0.0,0.0,0.0,0.0,0.0
b1008,0.0,0.0,0.0,7.450596422222644e-07,7.13858222819419e-06,0.0,0.0,0.0,0.0,0.0,0.0,0.0,0.0,0.0,0.0,0.0,0.0,0.0,0.0
b1009,0.0,0.0,0.0,5.982905005815815e-07,5.732354422003422e-06,0.0,0.0,0.0,0.0,0.0,0.0,0.0,0.0,0.0,0.0,0.0,0.0,0.0,0.0
b1010,0.0,0.0,0.0,1.0441156139331524e-06,1.0003904041254938e-05,0.0,0.0,0.0,0.0,0.0,0.0,0.0,0.0,0.0,0.0,0.0,0.0,0.0,0.0
b1011,0.0,0.0,0.0,6.628534366279997e-07,6.350946279275845e-06,0.0,0.0,0.0,0.0,0.0,0.0,0.0,0.0,0.0,0.0,0.0,0.0,0.0,0.0
b1012,0.0,0.0,0.0,3.4602514526352826e-07,3.3153439167889505e-06,0.0,0.0,0.0,0.0,0.0,0.0,0.0,0.0,0.0,0.0,0.0,0.0,0.0,0.0
b1014,0.0,0.0,0.0,0.0,0.0,0.0,1.4448752112867595e-06,0.0,0.0,0.0,0.0,0.0,0.0,0.0,0.0,0.0,0.0,0.0,0.0
b1015,0.0,0.0,0.0,0.0,0.0,0.0,0.0,0.0,0.0,0.0,0.0,0.0,0.0,0.0,0.0,0.0,0.0,0.0,0.0
b1033,0.0,0.0,0.0,0.0,0.0,0.0,0.0,0.0,0.0,0.0,0.0,0.0,0.0,0.0,0.0,0.0,0.0,0.0,0.0
b1054,0.0,0.0,0.0,0.0,0.0,0.0,0.0,0.0,0.0,0.0,0.0,0.0,0.0,0.0,0.0,0.0,0.0,0.0,0.0
b1059,0.0,0.0,0.0,0.0,0.0,0.0,0.0,0.0,0.0,0.0,0.0,0.0,0.0,0.0,0.0,0.0,0.0,0.0,0.0
b1062,8.918166894759135e-08,4.5047965837977946e-08,1.7138531179699872e-09,0.0,0.0,2.3539899355556197e-08,2.0911462205183154e-09,6.128089329691958e-08,2.5108719847445445e-08,3.0818486531179855e-08,7.177258844971471e-09,3.0910507594516343e-09,1.0399915537508965e-08,2.304047303096171e-08,2.2911337764224982e-08,7.622754826086316e-09,3.732332133776569e-09,1.914352721778135e-08,5.16520173583171e-09
b1064,0.0,0.0,0.0,0.0,0.0,0.0,0.0,0.0,0.0,0.0,0.0,0.0,0.0,0.0,0.0,0.0,0.0,0.0,0.0
b1069,2.4742444119433416e-08,1.3761651322258814e-08,6.919323850215379e-10,2.778900990045933e-09,1.0672796034285452e-08,7.69433897234969e-09,8.201396798268425e-10,1.7634735647287994e-08,7.881542323135954e-09,9.563616180876839e-09,2.54902562546566e-09,1.137665363275852e-09,3.5029076991715364e-09,7.546196320717867e-09,7.3266823915987845e-09,2.690159401644367e-09,1.4178066275744554e-09,6.311374218416165e-09,1.9003952655148158e-09
b1084,4.242166492841531e-08,2.0491088223548555e-08,7.171798311972324e-10,3.094134084313041e-09,1.4987686137526063e-08,1.0065195648469707e-08,8.44086724096326e-10,2.7985815468942275e-08,1.0386042185797803e-08,1.3120965907339596e-08,2.813410072214834e-09,1.1822902516564835e-09,4.024421058534569e-09,9.830050409794568e-09,9.501570101945749e-09,2.9859705337858694e-09,1.487435803012645e-09,7.953429581318918e-09,2.038948142160962e-09
b1086,6.434049857423469e-10,3.07716078451953e-10,8.920236171005582e-12,4.353817882404083e-11,2.2347576215554714e-10,1.4856555518055772e-10,1.0783172661641879e-11,4.2251646941093527e-10,1.5332490034082135e-10,1.9492805837868873e-10,3.940734337573215e-11,1.5587163359592245e-11,5.738115234409309e-11,1.4501163828372417e-10,1.4000105699805728e-10,4.1970224595649694e-11,2.0014022577524035e-11,1.1655483282273663e-10,2.7996125484039902e-11
b1089,6.768117179757674e-05,4.340299117405492e-05,5.611116301116423e-06,1.3665907236519881e-05,3.579283254236695e-05,2.8024457809149993e-05,6.23027753783754e-06,5.2645822067177326e-05,2.857668393449005e-05,3.298132007274999e-05,1.2915011694567702e-05,7.646532968856585e-06,1.604204259082175e-05,2.7621264434995126e-05,2.7063401352784352e-05,1.3389274104133668e-05,8.794894428433112e-06,2.4275772924361742e-05,1.0626266607080855e-05
b1090,0.0,0.0,0.0,0.0,0.0,0.0,0.0,0.0,0.0,0.0,0.0,0.0,0.0,0.0,0.0,0.0,0.0,0.0,0.0
b1091,3.6076382645711972e-12,1.4964363128535185e-12,1.687068477075778e-14,1.357848267347617e-13,1.0220388185297546e-12,6.256111018134017e-13,2.177054745266117e-14,2.1707430974601866e-12,6.485813692923384e-13,8.669266689771002e-13,1.1928959459813511e-13,3.556806732203072e-14,1.9217007203991458e-13,6.076303835561163e-13,5.813105011124365e-13,1.293327499793969e-13,4.948397987430877e-14,4.647634753031657e-13,7.679023902564636e-14
b1092,1.2366747910844316e-08,6.87829439160866e-09,3.458340274372608e-10,1.388925404266758e-09,5.334423288234337e-09,3.8457365217497726e-09,4.099133348566624e-10,8.814145375293781e-09,3.939303982755152e-09,4.780034487807606e-09,1.2740307171465502e-09,5.686160341113829e-10,1.7507937144781314e-09,3.7716922878495086e-09,3.6619754945048142e-09,1.344571200954626e-09,7.086337508813614e-10,3.1545076451094172e-09,9.498371940497702e-10
b1093,4.171135033091824e-08,2.319862130302684e-08,1.166298468324084e-09,4.684166766162411e-09,1.7991311520482908e-08,1.2970243219257477e-08,1.3824041873605957e-09,2.9728180879581493e-08,1.3285825628216006e-08,1.612144587526552e-08,4.29667357482164e-09,1.9176277341165215e-09,5.904609885586286e-09,1.2720508706230168e-08,1.2350459276886217e-08,4.534577870643078e-09,2.3898394934302937e-09,1.0638896722108308e-08,3.2033076159746686e-09
b1094,2.5635297728190996e-06,1.355679357188074e-06,6.816080160389152e-08,2.7374605631858403e-07,1.0513923905272042e-06,7.579715755886569e-07,8.079031003066006e-08,1.737252102961742e-06,7.764177708481323e-07,9.421258611893878e-07,2.511027281044561e-07,1.1206947323178865e-07,3.4507023690015924e-07,7.433776083654124e-07,7.217555382493579e-07,2.650048740541621e-07,1.396658494469993e-07,6.217365759129569e-07,1.8720479568669706e-07
b1095,0.0,0.0,0.0,0.0,0.0,0.0,0.0,0.0,0.0,0.0,0.0,0.0,0.0,0.0,0.0,0.0,0.0,0.0,0.0
b1096,4.54119938971475e-09,2.525797463033332e-09,1.2699646443237612e-10,5.100362526498568e-10,1.958872559375794e-09,1.4122100176048802e-09,1.5052748206816175e-10,3.236658851190285e-09,1.4465691026750343e-09,1.7552949803351334e-09,4.678451958446613e-10,2.088057763602303e-10,6.429196011889042e-10,1.3850200877849415e-09,1.3447307567820065e-09,4.937487248233319e-10,2.6022257788258e-10,1.1583822766491194e-09,3.4879633468362077e-10
b1098,6.294776279984707e-07,4.652329658218434e-07,3.323356893706107e-08,1.3056771926448765e-07,4.00188889714294e-07,3.1879431020906555e-07,3.936663295316683e-08,5.300540007020002e-07,3.2458469260363643e-07,3.7241137835489284e-07,1.2019681034249928e-07,5.449959090434519e-08,1.6246503380512465e-07,3.141422295611566e-07,3.071340791632216e-07,1.2657710763611314e-07,6.776730423852558e-08,2.7289598846831395e-07,9.038757215027689e-08
b1101,2.1496476143056287e-05,0.0,6.758125179758563e-07,2.5028458108937823e-06,7.05225774217752e-06,5.505526632842645e-06,7.740562517365062e-07,0.0,8.385949692479722e-06,1.1329334692768623e-05,2.912775812487973e-06,1.4831419446728893e-06,4.689886860211616e-06,5.278463207287853e-06,5.883071510792268e-06,3.0975511588411057e-06,1.3306879801789694e-06,6.126094582288285e-06,1.9611458277390253e-06
b1102,0.0,0.0,0.0,0.0,0.0,0.0,0.0,0.0,0.0,0.0,0.0,0.0,0.0,0.0,0.0,0.0,0.0,0.0,0.0
b1106,0.0,0.0,0.0,0.0,0.0,0.0,0.0,0.0,0.0,0.0,0.0,0.0,0.0,0.0,0.0,0.0,0.0,0.0,0.0
b1107,0.0,0.0,0.0,0.0,0.0,0.0,0.0,0.0,0.0,0.0,0.0,0.0,0.0,0.0,0.0,0.0,0.0,0.0,0.0
b1109,2.075586621511288e-05,1.4854275759434266e-05,3.557285941970455e-06,3.562862289116097e-06,9.371562067975254e-06,2.6550126480836877e-05,3.6346111594931475e-06,1.332350277185822e-05,0.0,7.730425483034768e-06,4.79348978008507e-06,4.094483763943539e-06,7.1076863179691395e-06,2.3984285807948773e-05,1.0080243482736223e-05,1.1127364484840266e-05,2.15491838529326e-05,5.535583633257547e-05,1.0823676133470104e-05
b1114,1.454975414157166e-09,7.686569593270006e-10,5.0670918008857454e-11,1.5832025019599647e-10,5.864358205192351e-10,4.172420227569301e-10,5.751452922805836e-11,1.004270253713894e-09,4.2321749587783635e-10,5.178547005285555e-10,1.4479111401072154e-10,7.362334535819978e-11,1.9198104784798465e-10,4.082683510340205e-10,3.935741854928488e-10,1.522538302654917e-10,8.806975225926684e-11,3.4029724547255265e-10,1.1336474080861527e-10
b1116,1.226614231013296e-06,6.804789408397567e-07,3.41486457230029e-08,1.3720748812054575e-07,5.277995411133703e-07,3.8024918054003726e-07,4.047855778440737e-08,8.729491528916999e-07,3.896409268904462e-07,4.729708651403063e-07,1.2586993510195106e-07,5.615990294543735e-08,1.7305251121120037e-07,3.728960757033016e-07,3.621270168671588e-07,1.3284512432687035e-07,6.999125267544657e-08,3.119337584713951e-07,9.38130562453899e-08
b1117,6.13307115506648e-07,3.402394704198783e-07,1.707432286150145e-08,6.860374406027287e-08,2.6389977055668513e-07,1.9012459027001863e-07,2.0239278892203685e-08,4.3647457644584995e-07,1.948204634452231e-07,2.3648543257015314e-07,6.293496755097553e-08,2.8079951472718674e-08,8.652625560560018e-08,1.864480378516508e-07,1.810635084335794e-07,6.642256216343518e-08,3.4995626337723283e-08,1.5596687923569755e-07,4.690652812269495e-08
b1118,6.13307115506648e-07,3.402394704198783e-07,1.707432286150145e-08,6.860374406027287e-08,2.6389977055668513e-07,1.9012459027001863e-07,2.0239278892203685e-08,4.3647457644584995e-07,1.948204634452231e-07,2.3648543257015314e-07,6.293496755097553e-08,2.8079951472718674e-08,8.652625560560018e-08,1.864480378516508e-07,1.810635084335794e-07,6.642256216343518e-08,3.4995626337723283e-08,1.5596687923569755e-07,4.690652812269495e-08
b1119,0.0,0.0,0.0,0.0,0.0,0.0,0.0,0.0,0.0,0.0,0.0,0.0,0.0,0.0,0.0,0.0,0.0,0.0,0.0
b1123,0.0,0.0,0.0,0.0,0.0,0.0,0.0,0.0,0.0,0.0,0.0,0.0,0.0,0.0,0.0,0.0,0.0,0.0,0.0
b1124,0.0,0.0,0.0,0.0,0.0,0.0,0.0,0.0,0.0,0.0,0.0,0.0,0.0,0.0,0.0,0.0,0.0,0.0,0.0
b1125,0.0,0.0,0.0,0.0,0.0,0.0,0.0,0.0,0.0,0.0,0.0,0.0,0.0,0.0,0.0,0.0,0.0,0.0,0.0
b1126,0.0,0.0,0.0,0.0,0.0,0.0,0.0,0.0,0.0,0.0,0.0,0.0,0.0,0.0,0.0,0.0,0.0,0.0,0.0
b1131,9.526177423912583e-06,0.0,2.161945005469769e-07,9.113811737696261e-07,3.823621715650939e-06,2.7260373028320416e-06,2.6284479259214417e-07,0.0,2.878379626400193e-06,3.4876200242446973e-06,8.623256327623964e-07,3.814542160447402e-07,1.2339936086034602e-06,2.6545153520456063e-06,2.6284654783316187e-06,9.135903353230876e-07,4.60718365417005e-07,2.218957015156074e-06,3.085696217526416e-07
b1133,1.9789627493839134e-10,9.315716073716215e-11,2.6087149932599855e-12,1.285597445617676e-11,6.695715415839108e-11,4.44300336745715e-11,3.150189081406051e-12,1.2791243323809864e-10,4.534655841731763e-11,5.828709700743869e-11,1.1535214991676397e-11,4.537081909805481e-12,1.673465689155423e-11,4.331438059770739e-11,4.147785631148203e-11,1.2290861899131047e-11,5.760112245995245e-12,3.4457787372973184e-11,8.178178951138175e-12
b1134,0.0,0.0,0.0,0.0,0.0,0.0,0.0,0.0,0.0,0.0,0.0,0.0,0.0,0.0,0.0,0.0,0.0,0.0,0.0
b1135,2.1446832858078248e-10,1.0257202615065108e-10,2.973412057001862e-12,1.451272627468029e-11,7.449192071851576e-11,4.952185172685261e-11,3.594390887213962e-12,1.4083882313697853e-10,5.1108300113607156e-11,6.497601945956295e-11,1.3135781125244061e-11,5.1957211198640855e-12,1.9127050781364377e-11,4.833721276124142e-11,4.666701899935246e-11,1.3990074865216577e-11,6.671340859174683e-12,3.885161094091224e-11,9.332041828013308e-12
b1136,7.172814887730048e-07,3.078142401359527e-07,4.6653388971761426e-08,6.386734462934383e-08,3.6305927303958834e-07,1.6483277204084146e-07,1.0380507580297882e-08,5.138397898413219e-07,3.867963055952574e-07,3.924349289333135e-07,1.4061872624542034e-07,8.477476804416596e-08,1.7873059786816804e-07,1.9969877251252409e-07,2.5309446289453004e-07,1.4135546605425363e-07,8.304717721538138e-08,3.940507685681542e-07,8.145578280888689e-08
b1185,0.0,0.0,0.0,0.0,0.0,0.0,0.0,0.0,0.0,0.0,0.0,0.0,0.0,0.0,0.0,0.0,0.0,0.0,0.0
b1186,0.0,0.0,0.0,0.0,0.0,0.0,0.0,0.0,0.0,0.0,0.0,0.0,0.0,0.0,0.0,0.0,7.88535630664085e-06,0.0,0.0
b1189,0.0,0.0,0.0,0.0,0.0,0.0,0.0,0.0,0.0,0.0,0.0,3.037476911041297e-07,0.0,2.7455941258241904e-06,2.6657654066597417e-06,0.0,0.0,0.0,0.0
b1190,0.0,0.0,0.0,0.0,0.0,0.0,0.0,0.0,0.0,0.0,0.0,0.0,0.0,0.0,0.0,0.0,0.0,0.0,0.0
b1192,0.0,0.0,0.0,0.0,0.0,0.0,0.0,0.0,0.0,0.0,0.0,0.0,0.0,0.0,0.0,0.0,0.0,0.0,0.0
b1193,0.0,0.0,0.0,0.0,0.0,0.0,0.0,0.0,0.0,0.0,0.0,0.0,0.0,0.0,0.0,0.0,0.0,0.0,0.0
b1197,0.0,0.0,0.0,0.0,0.0,0.0,0.0,0.0,0.0,0.0,0.0,0.0,0.0,0.0,0.0,0.0,0.0,0.0,0.0
b1198,0.0,0.0,0.0,0.0,0.0,0.0,0.0,0.0,0.0,0.0,0.0,0.0,0.0,0.0,0.0,0.0,0.0,0.0,0.0
b1199,0.0,0.0,0.0,0.0,0.0,0.0,0.0,0.0,0.0,0.0,0.0,0.0,0.0,0.0,0.0,0.0,0.0,0.0,0.0
b1200,0.0,0.0,0.0,0.0,0.0,0.0,0.0,0.0,0.0,0.0,0.0,0.0,0.0,0.0,0.0,0.0,0.0,0.0,0.0
b1206,1.4350969394486827e-08,8.470128856212017e-09,0.0,1.813443106069223e-09,6.610513585833909e-09,4.853871015157835e-09,5.509984046613772e-10,1.06903755622804e-08,4.955557728825417e-09,5.9540136753105126e-09,1.6692163717155191e-09,7.621357003061871e-10,2.2663354189005427e-09,4.757474113147454e-09,4.624500397113486e-09,1.759414240084772e-09,9.471747641122276e-10,4.0026169477080064e-09,1.2569800363637243e-09
b1207,4.828992406199845e-06,2.098949752293379e-06,1.0900848708272867e-07,3.5960994140699835e-07,0.0,1.3661334384466857e-06,1.31594425132347e-07,0.0,1.4361269791608213e-06,1.7528979076046756e-06,4.325065088219082e-07,1.9005184326885927e-07,6.140364616078959e-07,1.3386934141884572e-06,1.3207009449428094e-06,4.5825073902797464e-07,2.3097779802448058e-07,1.115324240929581e-06,0.0
b1208,7.5737448723912e-05,4.1942036380564095e-05,2.0822634104568248e-06,8.393222798838866e-06,3.246568266806953e-05,2.3370752819440014e-05,2.4688485791559452e-06,5.3879155705165263e-05,2.3958923278479877e-05,2.909148529813951e-05,7.70334644470289e-06,3.4312097587242592e-06,1.060676264934445e-05,2.2917853138611342e-05,2.2260682070253224e-05,8.13399253936334e-06,4.2793214346697704e-06,1.91660656980922e-05,5.735177206601645e-06
b1209,6.13307115506648e-07,3.402394704198783e-07,1.707432286150145e-08,6.860374406027287e-08,2.6389977055668513e-07,1.9012459027001863e-07,2.0239278892203685e-08,4.3647457644584995e-07,1.948204634452231e-07,2.3648543257015314e-07,6.293496755097553e-08,2.8079951472718674e-08,8.652625560560018e-08,1.864480378516508e-07,1.810635084335794e-07,6.642256216343518e-08,3.4995626337723283e-08,1.5596687923569755e-07,4.690652812269495e-08
b1210,7.589053572841865e-12,3.169651201529649e-12,4.473708355744037e-14,3.1384802844114556e-13,2.1203844732944643e-12,1.623365454202039e-12,7.193643706530904e-14,5.087888653781422e-12,1.9776812432693097e-12,2.296562639934864e-12,4.0239570402640773e-13,1.7865244692037127e-13,7.356702123142399e-13,1.5687345138781498e-12,1.7428042442411896e-12,4.713084558427753e-13,2.4097694617029013e-13,1.5545851656857159e-12,2.285298327760012e-13
b1211,5.876228976490303e-11,2.395604718479031e-11,4.125922872081018e-13,2.2650239194271964e-12,1.5704313431212856e-11,1.1328933058503492e-11,5.164106439555401e-13,4.194092622578168e-11,1.728516027735402e-11,1.9315413606838887e-11,3.3560692495061815e-12,1.4891138912701496e-12,6.330850095610614e-12,1.1033898262104075e-11,1.4221586764756353e-11,3.685938887016751e-12,1.3113152575692192e-12,9.64766510109215e-12,1.547997753264379e-10
b1215,2.5869752584371077e-08,1.4388655912113303e-08,7.234580189093652e-10,2.9055125161417698e-09,1.1159067045181792e-08,8.04490633803758e-09,8.575066593797596e-10,1.8438204644779295e-08,8.240638996639488e-09,9.99935104296548e-09,2.6651636331361918e-09,1.189499361085306e-09,3.6625062207286627e-09,7.890014051470875e-09,7.660498688812196e-09,2.8127277077852876e-09,1.4824043449702906e-09,6.598931322615974e-09,1.9869805543084826e-09
b1216,0.0,0.0,0.0,0.0,0.0,0.0,0.0,0.0,0.0,0.0,0.0,0.0,0.0,0.0,0.0,0.0,0.0,0.0,0.0
b1223,1.3368198345107477e-05,1.2662520859849222e-05,6.927825053669082e-06,3.7495402718095885e-06,1.271605956259311e-05,1.6807108849400888e-05,3.746178287237925e-06,1.1650295098830738e-05,1.476318026759309e-06,7.788942543512501e-06,6.657577592612214e-06,1.680318809581104e-06,7.444302118282669e-06,2.636987006577184e-05,6.87378629752203e-06,1.1189804090858048e-05,6.0696285129318535e-05,5.878752386371079e-05,2.2108710576841727e-05
b1224,0.0,0.0,0.0,0.0,0.0,0.0,0.0,0.0,0.0,0.0,0.0,0.0,0.0,0.0,0.0,0.0,0.0,0.0,0.0
b1225,0.0,0.0,0.0,0.0,0.0,0.0,0.0,0.0,0.0,0.0,0.0,0.0,0.0,0.0,0.0,0.0,0.0,0.0,0.0
b1226,0.0,0.0,0.0,0.0,0.0,0.0,0.0,0.0,0.0,0.0,0.0,0.0,0.0,0.0,0.0,0.0,0.0,0.0,0.0
b1227,0.0,0.0,0.0,0.0,0.0,0.0,0.0,0.0,0.0,0.0,0.0,0.0,0.0,0.0,0.0,0.0,0.0,0.0,0.0
b1232,0.0,3.482070356936008e-07,0.0,0.0,0.0,0.0,0.0,5.410095255157791e-07,0.0,0.0,0.0,0.0,0.0,0.0,0.0,0.0,0.0,0.0,3.5604455839988335e-08
b1236,0.0,0.0,0.0,0.0,0.0,0.0,0.0,0.0,0.0,0.0,0.0,0.0,0.0,0.0,0.0,0.0,0.0,0.0,0.0
b1238,2.431434441600933e-11,0.0,5.4860633651488584e-14,1.0274953801426399e-13,1.086202351814651e-07,1.0886712604447806e-11,6.325268233446361e-13,0.0,7.794102467768388e-12,1.0776361000784222e-12,0.0,1.83067191176117e-12,5.477612988285649e-12,7.480476648636581e-13,7.234024324070225e-13,1.5200216483754796e-13,0.0,2.902749608679424e-12,7.232532669331632e-12
b1241,0.0,0.0,0.0,0.0,0.0,0.0,0.0,0.0,0.0,0.0,0.0,0.0,0.0,0.0,0.0,0.0,0.0,0.0,0.0
b1243,0.0,0.0,0.0,0.0,0.0,0.0,0.0,0.0,0.0,0.0,0.0,0.0,0.0,0.0,0.0,0.0,0.0,0.0,0.0
b1244,0.0,0.0,0.0,0.0,0.0,0.0,0.0,0.0,0.0,0.0,0.0,0.0,0.0,0.0,0.0,0.0,0.0,0.0,0.0
b1245,0.0,0.0,0.0,0.0,0.0,0.0,0.0,0.0,0.0,0.0,0.0,0.0,0.0,0.0,0.0,0.0,0.0,0.0,0.0
b1246,0.0,0.0,0.0,0.0,0.0,0.0,0.0,0.0,0.0,0.0,0.0,0.0,0.0,0.0,0.0,0.0,0.0,0.0,0.0
b1247,0.0,0.0,0.0,0.0,0.0,0.0,0.0,0.0,0.0,0.0,0.0,0.0,0.0,0.0,0.0,0.0,0.0,0.0,0.0
b1249,0.0,0.0,0.0,0.0,0.0,0.0,0.0,0.0,0.0,0.0,0.0,0.0,0.0,0.0,0.0,0.0,0.0,0.0,0.0
b1250,0.0,0.0,0.0,0.0,0.0,0.0,0.0,0.0,0.0,0.0,0.0,0.0,0.0,0.0,0.0,0.0,0.0,0.0,0.0
b1252,0.0,0.0,0.0,0.0,0.0,0.0,0.0,0.0,0.0,0.0,0.0,0.0,0.0,0.0,0.0,0.0,0.0,0.0,0.0
b1260,2.1890042091252535e-07,1.3878998600379737e-07,8.671585029798172e-09,3.2621864241651686e-08,1.1028460575852611e-07,8.225412519139952e-08,1.011828149120373e-08,1.6487924930085025e-07,8.09565005943069e-08,9.620696365772198e-08,2.9166708526717428e-08,1.3606931257602818e-08,3.856324444079423e-08,8.096277142948644e-08,7.67677970300314e-08,3.074299470737076e-08,1.7215989979002427e-08,6.73863330018173e-08,2.2698759463333295e-08
b1261,2.1890042091252535e-07,1.3878998600379737e-07,8.671585029798172e-09,3.2621864241651686e-08,1.1028460575852611e-07,8.225412519139952e-08,1.011828149120373e-08,1.6487924930085025e-07,8.09565005943069e-08,9.620696365772198e-08,2.9166708526717428e-08,1.3606931257602818e-08,3.856324444079423e-08,8.096277142948644e-08,7.67677970300314e-08,3.074299470737076e-08,1.7215989979002427e-08,6.73863330018173e-08,2.2698759463333295e-08
b1262,1.607935244599228e-05,1.0194832388290303e-05,6.369721509819946e-07,2.396242320595813e-06,8.100966813888768e-06,6.041985043134319e-06,7.432393851350322e-07,1.2111221849127564e-05,5.946667897775431e-06,7.066892196746649e-06,2.142443509864365e-06,9.994985047873228e-07,2.832667001002567e-06,5.947128522604576e-06,5.6389862559539915e-06,2.25822976988531e-06,1.2646022763458818e-06,4.949869871708512e-06,1.667339660546329e-06
b1263,4.960506567926901e-05,3.1451224911506134e-05,1.965069519525492e-06,7.392446810022263e-06,2.499161531649183e-05,1.863962282713327e-05,2.292905677568633e-06,3.7363317789076285e-05,1.8345567872384978e-05,2.1801478184235295e-05,6.609473321634566e-06,3.08346925927754e-06,8.738824097810797e-06,1.834698890752803e-05,1.7396364967471857e-05,6.966675830403967e-06,3.901318736994658e-06,1.527042963419433e-05,5.1437701641813036e-06
b1264,4.422135971093788e-06,2.8037780237081193e-06,1.7517978232665295e-07,6.590134395620603e-07,2.227924095118859e-06,1.6616638938537856e-06,2.0440534724135955e-07,3.3308225547523857e-06,1.6354498172254342e-06,1.943533378725366e-06,5.892138096250912e-07,2.748816101842537e-07,7.790387505552802e-07,1.6355764980499876e-06,1.550831356344386e-06,6.210572925711135e-07,3.477903251477057e-07,1.3613108914327805e-06,4.5855097173213416e-07
b1269,2.1446832858078248e-10,1.0257202615065108e-10,2.973412057001862e-12,1.451272627468029e-11,7.449192071851576e-11,4.952185172685261e-11,3.594390887213962e-12,1.4083882313697853e-10,5.1108300113607156e-11,6.497601945956295e-11,1.3135781125244061e-11,5.1957211198640855e-12,1.9127050781364377e-11,4.833721276124142e-11,4.666701899935246e-11,1.3990074865216577e-11,6.671340859174683e-12,3.885161094091224e-11,9.332041828013308e-12
b1270,0.0,0.0,0.0,0.0,0.0,0.0,0.0,0.0,0.0,0.0,0.0,0.0,0.0,0.0,0.0,0.0,0.0,0.0,0.0
b1276,2.6885640680937992e-06,1.1537706167390288e-06,1.748694580963539e-07,3.6612686512986044e-07,1.3608438686355088e-06,6.178375924790508e-07,3.8908936206767685e-08,1.926009826473359e-06,1.449816655207087e-06,1.4709517330496026e-06,5.270768319021817e-07,3.177586467962799e-07,6.699303841219716e-07,1.0975423795879075e-06,1.3159099560653904e-06,5.298383309908474e-07,3.112831714085294e-07,1.4770083348858857e-06,3.0531819686724363e-07
b1277,1.095841190690901e-05,5.599215847127365e-06,2.507857337094792e-07,9.586616255742996e-07,4.236521427489619e-06,3.3386904209566126e-06,2.8178657886306263e-07,7.484118651197262e-06,3.0734355176073515e-06,3.8051277836218745e-06,9.272701552138192e-07,4.383356333382643e-07,1.3966803535067573e-06,3.235342173179003e-06,3.004335495477934e-06,1.0925588114046646e-06,6.64744398342342e-07,3.4037482950737085e-06,7.164523357741154e-07
b1278,0.0,0.0,0.0,0.0,0.0,0.0,0.0,0.0,0.0,0.0,0.0,0.0,0.0,0.0,0.0,3.4848885556022394e-59,0.0,0.0,0.0
b1281,1.5790688827314293e-05,7.976285028586096e-06,3.034583407212337e-07,0.0,0.0,4.1680227577746345e-06,3.7026262964448497e-07,1.0850520387549246e-05,4.4458013248913285e-06,5.456784299793946e-06,1.270820140410645e-06,5.473077737602999e-07,1.8414303300341017e-06,4.079593310592218e-06,4.056728355969422e-06,1.3497005706001454e-06,6.608543663752947e-07,3.3895921092354868e-06,9.145611906943914e-07
b1286,0.0,0.0,0.0,0.0,0.0,0.0,0.0,0.0,0.0,0.0,0.0,0.0,0.0,0.0,0.0,0.0,0.0,0.0,0.0
b1288,6.968092456603117e-12,2.8903531389309597e-12,3.258587301864154e-14,2.6226886526799165e-13,1.9740614738039516e-12,1.2083657595514846e-12,4.2049990130000027e-14,4.1927640254486484e-12,1.2527326208459191e-12,1.674464274320563e-12,2.304083186990791e-13,6.869997716385115e-14,3.7117692085436523e-13,1.1736361624328768e-12,1.1227995367546086e-12,2.498066779175523e-13,9.557862429593662e-14,8.976898527231374e-13,1.4832075012803626e-13
b1291,0.0,0.0,0.0,0.0,0.0,0.0,0.0,0.0,0.0,0.0,0.0,0.0,0.0,0.0,0.0,0.0,0.0,0.0,0.0
b1296,0.0,0.0,0.0,0.0,0.0,0.0,0.0,0.0,0.0,0.0,0.0,0.0,0.0,0.0,0.0,0.0,0.0,0.0,0.0
b1297,1.275178397256669e-06,6.107807850372568e-07,6.337009506527759e-07,0.0,0.0,0.0,0.0,6.65860742637568e-08,8.585861343320216e-06,3.317741560686507e-06,1.9455817698920476e-06,2.3331076169184893e-06,6.434219651299436e-06,4.303217378076579e-07,4.160285882062427e-06,1.8604716275389875e-06,1.5173120004898144e-07,3.852936051403475e-06,0.0
b1298,0.0,0.0,0.0,0.0,0.0,0.0,0.0,0.0,0.0,0.0,0.0,0.0,0.0,0.0,0.0,0.0,0.0,0.0,0.0
b1300,0.0,0.0,0.0,0.0,0.0,0.0,0.0,0.0,0.0,0.0,0.0,0.0,0.0,0.0,0.0,0.0,0.0,0.0,0.0
b1301,0.0,0.0,0.0,0.0,0.0,0.0,0.0,0.0,0.0,0.0,0.0,0.0,0.0,0.0,0.0,0.0,0.0,0.0,0.0
b1302,0.0,0.0,0.0,0.0,0.0,0.0,0.0,0.0,0.0,0.0,0.0,0.0,0.0,0.0,0.0,0.0,0.0,0.0,0.0
b1308,0.0,0.0,0.0,0.0,0.0,0.0,0.0,0.0,0.0,0.0,0.0,0.0,0.0,0.0,0.0,0.0,0.0,0.0,0.0
b1319,0.0,0.0,0.0,0.0,0.0,0.0,0.0,0.0,0.0,0.0,0.0,0.0,0.0,0.0,0.0,0.0,0.0,0.0,0.0
b1325,0.0,0.0,0.0,0.0,0.0,0.0,0.0,0.0,0.0,0.0,0.0,0.0,0.0,0.0,0.0,0.0,0.0,0.0,0.0
b1326,0.0,0.0,0.0,0.0,0.0,0.0,0.0,0.0,0.0,0.0,0.0,0.0,0.0,0.0,0.0,0.0,0.0,0.0,0.0
b1329,0.0,0.0,0.0,0.0,0.0,0.0,0.0,0.0,0.0,0.0,0.0,0.0,0.0,0.0,0.0,0.0,0.0,0.0,0.0
b1344,7.811183015824694e-11,3.916598117077969e-11,1.2094177466792806e-12,5.7830499478996225e-12,2.8284170855464892e-11,1.906733353830568e-11,1.4396401756523008e-12,5.072738552378543e-11,1.8674924722262695e-11,2.3849890717184556e-11,5.027332041063929e-12,2.0096829314604143e-12,7.115094118931461e-12,1.8607554558961623e-11,1.7301854825466696e-11,5.338920325895451e-12,2.660917203994573e-12,1.4774724602387445e-11,3.695381760352528e-12
b1363,0.0,0.0,0.0,0.0,0.0,0.0,0.0,0.0,0.0,0.0,0.0,0.0,0.0,0.0,0.0,0.0,0.0,0.0,0.0
b1377,0.00025170581076369903,0.00012014401792604529,1.087773285797486e-05,8.984080595062304e-06,1.5588722051352913e-05,4.4898243109737964e-05,0.0,0.00010337521726428812,9.204198376566813e-05,0.00010483358975535287,2.6460627972138195e-05,1.964133670723816e-05,7.161990442540944e-05,7.76531132850792e-05,8.585597907176054e-05,2.3522216877624962e-05,2.393660448761634e-05,0.0001049029317164523,1.5157137455135104e-05
b1378,1.9818027730268068e-07,1.4560063724692515e-07,1.0344060936322972e-08,4.065284924691644e-08,9.4755218650048e-08,9.943544416036349e-08,1.2253062225170405e-08,1.6626604953406114e-07,1.0125216188442565e-07,1.1627210262271312e-07,9.56897789293358e-09,1.6963964186128903e-08,5.059361204087284e-08,2.5182387982016198e-08,2.4611525302620404e-08,2.2038212651971583e-08,0.0,8.506793689397052e-08,2.81369126310849e-08
b1380,0.0,0.0,0.0,0.0,0.0,0.0,0.0,0.0,0.0,0.0,0.0,0.0,0.0,0.0,0.0,0.0,0.0,0.0,0.0
b1385,0.0,0.0,0.0,0.0,0.0,0.0,0.0,0.0,0.0,0.0,0.0,0.0,0.0,0.0,0.0,0.0,0.0,0.0,0.0
b1386,0.0,0.0,0.0,0.0,0.0,0.0,0.0,0.0,0.0,0.0,0.0,0.0,0.0,0.0,0.0,0.0,0.0,0.0,0.0
b1387,0.0,0.0,0.0,0.0,0.0,0.0,0.0,0.0,0.0,0.0,0.0,0.0,0.0,0.0,0.0,0.0,0.0,0.0,0.0
b1388,0.0,0.0,0.0,0.0,0.0,0.0,0.0,0.0,0.0,0.0,0.0,0.0,0.0,0.0,0.0,0.0,0.0,0.0,0.0
b1389,0.0,0.0,0.0,0.0,0.0,0.0,0.0,0.0,0.0,0.0,0.0,0.0,0.0,0.0,0.0,0.0,0.0,0.0,0.0
b1390,0.0,0.0,0.0,0.0,0.0,0.0,0.0,0.0,0.0,0.0,0.0,0.0,0.0,0.0,0.0,0.0,0.0,0.0,0.0
b1391,0.0,0.0,0.0,0.0,0.0,0.0,0.0,0.0,0.0,0.0,0.0,0.0,0.0,0.0,0.0,0.0,0.0,0.0,0.0
b1392,0.0,0.0,0.0,0.0,0.0,0.0,0.0,0.0,0.0,0.0,0.0,0.0,0.0,0.0,0.0,0.0,0.0,0.0,0.0
b1393,0.0,0.0,0.0,0.0,0.0,0.0,0.0,0.0,0.0,0.0,0.0,0.0,0.0,0.0,0.0,0.0,0.0,0.0,0.0
b1394,0.0,0.0,0.0,0.0,0.0,0.0,0.0,0.0,0.0,0.0,0.0,0.0,0.0,0.0,0.0,0.0,0.0,0.0,0.0
b1395,0.0,0.0,0.0,0.0,0.0,0.0,0.0,0.0,0.0,0.0,0.0,0.0,0.0,0.0,0.0,0.0,0.0,0.0,0.0
b1397,0.0,0.0,0.0,0.0,0.0,0.0,0.0,0.0,0.0,0.0,0.0,0.0,0.0,0.0,0.0,0.0,0.0,0.0,0.0
b1398,0.0,0.0,0.0,0.0,0.0,0.0,0.0,0.0,0.0,0.0,0.0,0.0,0.0,0.0,0.0,0.0,0.0,0.0,0.0
b1415,3.535279887331675e-09,1.9663089426901376e-09,9.886552162560144e-11,3.970582991548222e-10,1.524963377889065e-09,1.0993918662180663e-09,1.1718419170308183e-10,2.519707671211901e-09,1.1261400822666163e-09,1.3664801978014078e-09,3.6421296871491725e-10,1.6255328123158363e-10,5.005067032296074e-10,1.0782247683258005e-09,1.0468599130650252e-09,3.8437861597026927e-10,2.0258076487490926e-10,9.017894201594048e-10,2.7153457951544977e-10
b1440,0.0,0.0,0.0,0.0,0.0,0.0,0.0,0.0,0.0,0.0,0.0,0.0,0.0,0.0,0.0,0.0,0.0,0.0,0.0
b1441,0.0,0.0,0.0,0.0,0.0,0.0,0.0,0.0,0.0,0.0,0.0,0.0,0.0,0.0,0.0,0.0,0.0,0.0,0.0
b1442,0.0,0.0,0.0,0.0,0.0,0.0,0.0,0.0,0.0,0.0,0.0,0.0,0.0,0.0,0.0,0.0,0.0,0.0,0.0
b1443,0.0,0.0,0.0,0.0,0.0,0.0,0.0,0.0,0.0,0.0,0.0,0.0,0.0,0.0,0.0,0.0,0.0,0.0,0.0
b1444,0.0,0.0,0.0,0.0,0.0,9.01390749961081e-06,0.0,0.0,0.0,0.0,0.0,1.2591931896156847e-06,0.0,0.0,0.0,0.0,0.0,0.0,0.0
b1453,0.0,0.0,0.0,0.0,0.0,0.0,0.0,0.0,2.7935791667297254e-07,0.0,0.0,0.0,0.0,0.0,0.0,0.0,0.0,0.0,0.0
b1463,0.0,0.0,0.0,0.0,0.0,0.0,0.0,0.0,0.0,0.0,0.0,0.0,0.0,0.0,0.0,0.0,0.0,0.0,0.0
b1465,0.0,0.0,0.0,0.0,0.0,0.0,0.0,0.0,0.0,0.0,0.0,0.0,0.0,0.0,0.0,0.0,0.0,0.0,0.0
b1466,0.0,0.0,0.0,0.0,0.0,0.0,0.0,0.0,0.0,0.0,0.0,0.0,0.0,0.0,0.0,0.0,0.0,0.0,0.0
b1467,0.0,0.0,0.0,0.0,0.0,0.0,0.0,0.0,0.0,0.0,0.0,0.0,0.0,0.0,0.0,0.0,0.0,0.0,0.0
b1468,0.0,0.0,0.0,0.0,0.0,0.0,0.0,0.0,0.0,0.0,0.0,0.0,0.0,0.0,0.0,0.0,0.0,0.0,0.0
b1469,0.0,0.0,0.0,0.0,0.0,0.0,0.0,0.0,0.0,0.0,0.0,0.0,0.0,0.0,0.0,0.0,0.0,0.0,0.0
b1473,0.0,0.0,0.0,0.0,0.0,0.0,0.0,0.0,0.0,0.0,0.0,0.0,0.0,0.0,0.0,0.0,0.0,0.0,0.0
b1474,1.8806492676057943e-06,0.0,1.4066135131581617e-08,0.0,0.0,1.8831837772171438e-06,3.199568239911221e-07,0.0,1.1841980675924634e-06,0.0,5.308168702767304e-09,8.188361484432558e-07,1.3335577764389678e-06,0.0,0.0,0.0,0.0,5.629566671832853e-07,2.5082036506205277e-06
b1475,1.8806492676057943e-06,0.0,1.4066135131581617e-08,0.0,0.0,1.8831837772171438e-06,3.199568239911221e-07,0.0,1.1841980675924634e-06,0.0,5.308168702767304e-09,8.188361484432558e-07,1.3335577764389678e-06,0.0,0.0,0.0,0.0,5.629566671832853e-07,2.5082036506205277e-06
b1476,1.8806492676057943e-06,0.0,1.4066135131581617e-08,0.0,0.0,1.8831837772171438e-06,3.199568239911221e-07,0.0,1.1841980675924634e-06,0.0,5.308168702767304e-09,8.188361484432558e-07,1.3335577764389678e-06,0.0,0.0,0.0,0.0,5.629566671832853e-07,2.5082036506205277e-06
b1478,0.0,0.0,0.0,0.0,0.0,0.0,0.0,0.0,0.0,0.0,0.0,0.0,0.0,0.0,0.0,0.0,0.0,0.0,0.0
b1479,0.0,0.0,0.0,0.0,0.0,3.0243657118782533e-06,1.1255833778964453e-06,0.0,3.1507000585580085e-06,0.0,0.0,4.417194949130546e-07,4.888885226825556e-06,0.0,0.0,0.0,1.948250507962712e-06,0.0,0.0
b1480,6.768117179757674e-05,4.340299117405492e-05,5.611116301116423e-06,1.3665907236519881e-05,3.579283254236695e-05,2.8024457809149993e-05,6.23027753783754e-06,5.2645822067177326e-05,2.857668393449005e-05,3.298132007274999e-05,1.2915011694567702e-05,7.646532968856585e-06,1.604204259082175e-05,2.7621264434995126e-05,2.7063401352784352e-05,1.3389274104133668e-05,8.794894428433112e-06,2.4275772924361742e-05,1.0626266607080855e-05
b1483,0.0,0.0,0.0,0.0,0.0,0.0,0.0,0.0,0.0,0.0,0.0,0.0,0.0,0.0,0.0,0.0,0.0,0.0,0.0
b1484,0.0,0.0,0.0,0.0,0.0,0.0,0.0,0.0,0.0,0.0,0.0,0.0,0.0,0.0,0.0,0.0,0.0,0.0,0.0
b1485,0.0,0.0,0.0,0.0,0.0,0.0,0.0,0.0,0.0,0.0,0.0,0.0,0.0,0.0,0.0,0.0,0.0,0.0,0.0
b1486,0.0,0.0,0.0,0.0,0.0,0.0,0.0,0.0,0.0,0.0,0.0,0.0,0.0,0.0,0.0,0.0,0.0,0.0,0.0
b1487,0.0,0.0,0.0,0.0,0.0,0.0,0.0,0.0,0.0,0.0,0.0,0.0,0.0,0.0,0.0,0.0,0.0,0.0,0.0
b1488,0.0,0.0,0.0,0.0,0.0,0.0,0.0,0.0,0.0,0.0,0.0,0.0,0.0,0.0,0.0,0.0,0.0,0.0,0.0
b1489,0.0,0.0,0.0,0.0,0.0,0.0,0.0,0.0,0.0,0.0,0.0,0.0,0.0,0.0,0.0,0.0,0.0,0.0,0.0
b1492,5.267439671710058e-06,3.943336453454925e-06,8.570959511559082e-06,1.7314941487278654e-06,7.916334277681783e-06,8.88114072861762e-06,1.1565783704323802e-05,0.00013393350995760306,0.00016229966352476985,0.0001226028177123269,8.51756572505016e-05,5.103097339853768e-05,0.0001283601967561212,3.114308205001429e-05,0.00013655084750865008,8.430064212291039e-05,2.9913220011710378e-05,8.698832503620113e-05,2.324082821599343e-05
b1493,0.0,0.0,0.0,0.0,0.0,0.0,0.0,0.0,0.0,0.0,0.0,0.0,0.0,0.0,0.0,0.0,0.0,0.0,0.0
b1519,0.0,0.0,0.0,0.0,0.0,0.0,0.0,0.0,0.0,0.0,0.0,0.0,0.0,0.0,0.0,0.0,0.0,0.0,0.0
b1521,0.0,0.0,0.0,0.0,0.0,0.0,0.0,0.0,0.0,0.0,0.0,0.0,0.0,0.0,0.0,0.0,0.0,0.0,0.0
b1524,0.0,0.0,0.0,0.0,0.0,0.0,0.0,0.0,0.0,0.0,0.0,0.0,0.0,0.0,0.0,0.0,0.0,0.0,0.0
b1525,0.0,0.0,0.0,0.0,0.0,7.706411938733911e-06,0.0,0.0,0.0,0.0,0.0,0.0,0.0,0.0,0.0,0.0,2.8257812748797574e-06,0.0,0.0
b1528,0.0,0.0,0.0,0.0,0.0,0.0,0.0,0.0,0.0,0.0,0.0,0.0,0.0,0.0,0.0,0.0,0.0,0.0,0.0
b1533,0.0,0.0,0.0,0.0,0.0,0.0,0.0,0.0,0.0,0.0,0.0,0.0,0.0,0.0,0.0,0.0,0.0,0.0,0.0
b1539,0.0,0.0,0.0,0.0,0.0,0.0,0.0,0.0,0.0,0.0,0.0,0.0,0.0,0.0,0.0,0.0,0.0,0.0,0.0
b1584,0.0,0.0,0.0,0.0,0.0,0.0,0.0,0.0,0.0,0.0,0.0,0.0,0.0,0.0,0.0,0.0,0.0,0.0,0.0
b1587,0.0,0.0,0.0,0.0,0.0,0.0,0.0,0.0,0.0,0.0,0.0,0.0,0.0,0.0,0.0,0.0,0.0,0.0,0.0
b1588,0.0,0.0,0.0,0.0,0.0,0.0,0.0,0.0,0.0,0.0,0.0,0.0,0.0,0.0,0.0,0.0,0.0,0.0,0.0
b1589,0.0,0.0,0.0,0.0,0.0,0.0,0.0,0.0,0.0,0.0,0.0,0.0,0.0,0.0,0.0,0.0,0.0,0.0,0.0
b1590,0.0,0.0,0.0,0.0,0.0,0.0,0.0,0.0,0.0,0.0,0.0,0.0,0.0,0.0,0.0,0.0,0.0,0.0,0.0
b1591,0.0,0.0,0.0,0.0,0.0,0.0,0.0,0.0,0.0,0.0,0.0,0.0,0.0,0.0,0.0,0.0,0.0,0.0,0.0
b1592,0.0,0.0,0.0,0.0,0.0,0.0,0.0,0.0,0.0,0.0,0.0,0.0,0.0,0.0,0.0,0.0,0.0,0.0,0.0
b1599,0.0,0.0,0.0,0.0,0.0,0.0,0.0,0.0,0.0,0.0,0.0,0.0,0.0,0.0,0.0,0.0,0.0,0.0,0.0
b1600,0.0,0.0,0.0,0.0,0.0,0.0,0.0,0.0,0.0,0.0,0.0,0.0,0.0,0.0,0.0,0.0,0.0,0.0,0.0
b1602,0.0,0.0,0.0,0.0,0.0,0.0,0.0,0.0,0.0,0.0,0.0,0.0,0.0,0.0,0.0,0.0,9.168982668876703e-07,0.0,0.0
b1603,0.0,0.0,0.0,0.0,0.0,0.0,0.0,0.0,0.0,0.0,0.0,0.0,0.0,0.0,0.0,0.0,9.168982668876703e-07,0.0,0.0
b1605,0.0,0.0,0.0,0.0,0.0,0.0,0.0,0.0,0.0,0.0,0.0,0.0,0.0,0.0,0.0,1.337030188942149e-06,0.0,0.0,0.0
b1606,0.0,0.0,0.0,0.0,0.0,0.0,0.0,0.0,0.0,0.0,0.0,0.0,0.0,0.0,0.0,0.0,0.0,0.0,0.0
b1611,0.0,0.0,0.0,0.0,0.0,0.0,0.0,0.0,0.0,0.0,0.0,0.0,0.0,0.0,0.0,0.0,0.0,0.0,0.0
b1612,5.91071346756466e-06,0.0,3.858465259631849e-07,0.0,1.9465580560341554e-06,3.1712630726771595e-06,3.835070128187909e-07,3.4465351375782597e-07,3.2064654469503264e-06,4.5580341683639934e-07,9.049371610125156e-07,9.185685737928483e-07,1.7033280801754928e-06,2.2235920523837353e-06,2.0806978772507794e-06,1.4341074577813132e-06,1.294710009930938e-06,3.2760896836296252e-06,6.497498628531437e-07
b1613,0.0,0.0,0.0,0.0,0.0,0.0,0.0,0.0,0.0,0.0,0.0,0.0,0.0,0.0,0.0,0.0,0.0,0.0,0.0
b1621,7.067537394658773e-07,0.0,0.0,0.0,0.0,0.0,0.0,0.0,0.0,0.0,0.0,0.0,0.0,0.0,0.0,0.0,0.0,0.0,0.0
b1622,7.067537394658773e-07,4.195872144996772e-07,2.354560751726168e-08,9.072962978535326e-08,3.270200497282962e-07,2.4132777366316975e-07,2.766840841852101e-08,5.295514145577738e-07,2.4771785187882255e-07,2.963507324485659e-07,8.391644269436784e-08,3.841176276831525e-08,1.1385136707370101e-07,2.3738594683506172e-07,2.3143774755712408e-07,8.857497419126416e-08,4.759523449021077e-08,2.0018081761708892e-07,6.27747111545452e-08
b1623,0.0,0.0,0.0,0.0,0.0,7.83062631010802e-12,4.549657334306737e-13,7.101836340963224e-06,5.606164695010857e-12,0.0,0.0,1.3167710178696204e-12,3.939953403852588e-12,0.0,0.0,0.0,0.0,0.0,0.0
b1634,0.0,0.0,0.0,0.0,0.0,0.0,0.0,0.0,0.0,0.0,0.0,0.0,0.0,0.0,0.0,0.0,0.0,0.0,0.0
b1636,0.0,0.0,0.0,0.0,0.0,0.0,0.0,0.0,0.0,0.0,0.0,0.0,0.0,0.0,0.0,0.0,0.0,0.0,0.0
b1637,7.113492629594338e-07,4.111503261708717e-07,2.269576440256895e-08,8.860668960524593e-08,3.25950206348676e-07,2.371346662984587e-07,2.7003834873430158e-08,5.285637225286575e-07,2.4661211051934453e-07,2.963471524910413e-07,8.240452516155949e-08,3.766585008370862e-08,1.1327722313575914e-07,2.3221637649997465e-07,2.2910758307913968e-07,8.697350753800276e-08,4.560798115957022e-08,1.962249179666931e-07,6.104823392150276e-08
b1638,0.0,0.0,0.0,0.0,0.0,0.0,0.0,0.0,0.0,0.0,0.0,0.0,0.0,0.0,0.0,0.0,0.0,0.0,0.0
b1640,0.0,0.0,0.0,0.0,0.0,0.0,0.0,0.0,0.0,0.0,0.0,0.0,0.0,0.0,0.0,0.0,0.0,0.0,0.0
b1646,0.0,0.0,0.0,0.0,0.0,0.0,0.0,0.0,0.0,0.0,0.0,0.0,0.0,0.0,0.0,0.0,0.0,0.0,0.0
b1651,0.0,0.0,0.0,0.0,0.0,0.0,0.0,0.0,0.0,0.0,0.0,0.0,0.0,0.0,0.0,0.0,0.0,0.0,0.0
b1652,8.941029453155923e-09,4.2425178588675446e-09,1.2264761722418926e-10,5.942537913393857e-10,3.0734102710852136e-09,2.039233988569909e-09,1.4663415999665396e-10,5.831432221496973e-09,2.1033808866450488e-09,2.679322407656759e-09,5.37286957788927e-10,2.1189937533145993e-10,7.836510549101699e-10,1.989442167092258e-09,1.9186039187773833e-09,5.720327109323916e-10,2.721812187789362e-10,1.5976427561395247e-09,3.817833449408109e-10
b1654,7.673760814503932e-10,3.8314531593185006e-10,1.2003089929872843e-11,5.733041552112538e-11,2.8194674317551277e-10,1.8951136053719803e-10,1.4473024613415604e-11,5.172538933551423e-10,1.9477396091750067e-10,2.450934295877182e-10,5.1894569397359177e-11,2.0799399119066944e-11,7.491725944279286e-11,1.8527437005824137e-10,1.7888771131334175e-10,5.528081417322157e-11,2.6953762214108708e-11,1.4966685078301797e-10,3.730464439423223e-11
b1656,0.0,0.0,0.0,0.0,0.0,0.0,0.0,0.0,0.0,0.0,0.0,0.0,0.0,0.0,0.0,0.0,0.0,0.0,0.0
b1661,0.0,0.0,0.0,0.0,0.0,0.0,0.0,0.0,0.0,0.0,0.0,0.0,0.0,0.0,0.0,0.0,0.0,0.0,0.0
b1662,6.440141410276127e-09,3.2905992354078685e-09,1.4738409200977567e-10,5.633951785852448e-10,2.489758307359871e-09,1.962112632628699e-09,1.6560295696239497e-10,4.3983364427656955e-09,1.8062251644581205e-09,2.2362328792592017e-09,5.449467473786642e-10,2.576051610253464e-10,8.208140976948453e-10,1.9013759733530576e-09,1.7656158209011324e-09,6.420851218462663e-10,3.9066316938812197e-10,2.000346449054406e-09,4.210513708833019e-10
b1676,0.0,0.0,5.40597622126486e-08,0.0,6.692139746802993e-08,6.107512679701349e-07,1.1144122609678148e-07,0.0,1.5589258589870572e-06,2.268223237189455e-07,4.3624243800592584e-07,3.1300912980681067e-07,1.0148401247630849e-06,5.266289533540812e-07,8.113889206039516e-07,6.041433300136182e-07,2.184963394686589e-07,7.205459261880495e-07,2.3113025444612206e-07
b1677,0.0026671754999999997,0.001989141,0.00044602799999999995,0.0008938545,0.0017517389999999998,0.0014873594999999997,0.000485595,0.002251722,0.0015053444999999998,0.001658217,0.0008560859999999999,0.0005719229999999999,0.001003563,0.0014729714999999997,0.0014513895,0.0008794664999999999,0.0006384674999999999,0.0013470765,0.0007391835
b1679,0.0,0.0,0.0,0.0,0.0,0.0,0.0,0.0,0.0,0.0,0.0,0.0,0.0,0.0,0.0,0.0,0.0,0.0,0.0
b1680,0.0,0.0,0.0,0.0,0.0,0.0,0.0,0.0,0.0,0.0,0.0,0.0,0.0,0.0,0.0,0.0,0.0,0.0,0.0
b1681,0.0,0.0,0.0,0.0,0.0,0.0,0.0,0.0,0.0,0.0,0.0,0.0,0.0,0.0,0.0,0.0,0.0,0.0,0.0
b1682,0.0,0.0,0.0,0.0,0.0,0.0,0.0,0.0,0.0,0.0,0.0,0.0,0.0,0.0,0.0,0.0,0.0,0.0,0.0
b1683,0.0,0.0,0.0,0.0,0.0,0.0,0.0,0.0,0.0,0.0,0.0,0.0,0.0,0.0,0.0,0.0,0.0,0.0,0.0
b1684,0.0,0.0,0.0,0.0,0.0,0.0,0.0,0.0,0.0,0.0,0.0,0.0,0.0,0.0,0.0,0.0,0.0,0.0,0.0
b1692,2.6702562039131313e-06,1.5778208148141088e-06,8.959999514003459e-08,3.463364958421088e-07,1.2542453745343226e-06,9.153011148491184e-07,1.0604122256457603e-07,2.000873939126474e-06,9.412063935753708e-07,1.1274257520601089e-06,3.2017910911793287e-07,1.46530375766246e-07,4.358679096237989e-07,8.998745663996725e-07,8.790429076125016e-07,3.3830823509364957e-07,1.8389952008760897e-07,7.612904805457167e-07,2.416098815546123e-07
b1693,2.3389867004583828e-05,1.3820778306397553e-05,7.848430299929917e-07,3.0337031198389292e-06,1.0986448588147015e-05,8.017497090389553e-06,9.288584702674453e-07,1.7526473774509944e-05,8.244412029576201e-06,9.875583608638148e-06,2.804579863512682e-06,1.283519535047463e-06,3.8179454176443805e-06,7.882369638557952e-06,7.69989661300978e-06,2.963380298040258e-06,1.6108511650501898e-06,6.668454909205148e-06,2.1163598415290776e-06
b1701,0.0,0.0,0.0,0.0,0.0,0.0,0.0,0.0,0.0,0.0,0.0,0.0,0.0,0.0,0.0,0.0,0.0,0.0,0.0
b1702,0.0,0.0,0.0,0.0,0.0,0.0,0.0,0.0,0.0,0.0,0.0,0.0,0.0,0.0,0.0,0.0,0.0,0.0,0.0
b1704,0.0,0.0,0.0,0.0,0.0,0.0,0.0,0.0,0.0,0.0,0.0,0.0,0.0,0.0,0.0,2.877629046279224e-07,0.0,0.0,0.0
b1709,0.0,0.0,0.0,0.0,0.0,0.0,0.0,0.0,0.0,0.0,0.0,0.0,0.0,0.0,0.0,0.0,0.0,0.0,0.0
b1710,0.0,0.0,0.0,0.0,0.0,0.0,0.0,0.0,0.0,0.0,0.0,0.0,0.0,0.0,0.0,0.0,0.0,0.0,0.0
b1711,0.0,0.0,0.0,0.0,0.0,0.0,0.0,0.0,0.0,0.0,0.0,0.0,0.0,0.0,0.0,0.0,0.0,0.0,0.0
b1713,9.094401829425309e-07,5.34064087226734e-07,2.9938916933798794e-08,1.16027238962115e-07,4.25523122989672e-07,3.0891275054691086e-07,3.548249441844905e-08,6.849501185964212e-07,3.197540416704666e-07,3.8308018298713917e-07,1.0810658071476685e-07,4.918064902748551e-08,1.4759419497132485e-07,3.045039019941542e-07,2.983063731756991e-07,1.144258419993506e-07,6.320197839427232e-08,2.593372172691351e-07,8.179341546273528e-08
b1714,9.094401829425309e-07,5.34064087226734e-07,2.9938916933798794e-08,1.16027238962115e-07,4.25523122989672e-07,3.0891275054691086e-07,3.548249441844905e-08,6.849501185964212e-07,3.197540416704666e-07,3.8308018298713917e-07,1.0810658071476685e-07,4.918064902748551e-08,1.4759419497132485e-07,3.045039019941542e-07,2.983063731756991e-07,1.144258419993506e-07,6.320197839427232e-08,2.593372172691351e-07,8.179341546273528e-08
b1716,6.768117179757674e-05,4.340299117405492e-05,5.611116301116423e-06,1.3665907236519881e-05,3.579283254236695e-05,2.8024457809149993e-05,6.23027753783754e-06,5.2645822067177326e-05,2.857668393449005e-05,3.298132007274999e-05,1.2915011694567702e-05,7.646532968856585e-06,1.604204259082175e-05,2.7621264434995126e-05,2.7063401352784352e-05,1.3389274104133668e-05,8.794894428433112e-06,2.4275772924361742e-05,1.0626266607080855e-05
b1717,6.768117179757674e-05,4.340299117405492e-05,5.611116301116423e-06,1.3665907236519881e-05,3.579283254236695e-05,2.8024457809149993e-05,6.23027753783754e-06,5.2645822067177326e-05,2.857668393449005e-05,3.298132007274999e-05,1.2915011694567702e-05,7.646532968856585e-06,1.604204259082175e-05,2.7621264434995126e-05,2.7063401352784352e-05,1.3389274104133668e-05,8.794894428433112e-06,2.4275772924361742e-05,1.0626266607080855e-05
b1718,5.5895143580258744e-08,3.143315388586835e-08,1.589597068810333e-09,6.350565301869735e-09,2.4353038792371855e-08,1.747921175380268e-08,1.8721647093259797e-09,4.0048981992803473e-08,1.7804054167490663e-08,2.162373331878424e-08,5.763181370955168e-09,2.590492935156436e-09,7.885481896888112e-09,1.711183225882828e-08,1.65341471898557e-08,6.083800465237274e-09,3.1936516214257887e-09,1.4211073918799244e-08,4.315943822238181e-09
b1719,1.3445078854881187e-06,7.655140160516761e-07,4.011903786742295e-08,1.5841508498108617e-07,5.979090225116487e-07,4.315779450724832e-07,4.748365059472152e-08,9.77413905912758e-07,4.4317090292199675e-07,5.369196887647679e-07,1.457058846413285e-07,6.571640449011981e-08,1.996931687462629e-07,4.2317830048822824e-07,4.115086178393338e-07,1.5366570479198714e-07,8.207026244626737e-08,3.577380954878409e-07,1.0946438928775656e-07
b1723,3.38813576967366e-05,1.0385027130363207e-05,1.7250046761181946e-06,1.3517231853572733e-06,1.574013176169446e-07,1.345942508498675e-05,1.8028879097931756e-06,1.1831392724223868e-05,2.1438874372164188e-05,2.0067828164919864e-05,7.516209340528732e-06,3.868177452776624e-06,1.2236157956185103e-05,1.2861860152501039e-05,1.4589712490387116e-05,7.996463739522009e-06,3.376890479435409e-06,1.5545402286250557e-05,3.3377978438961197e-06
b1732,0.0,0.0,0.0,0.0,0.0,0.0,0.0,0.0,0.0,0.0,0.0,0.0,0.0,0.0,0.0,0.0,0.0,0.0,0.0
b1734,0.0,0.0,0.0,0.0,0.0,0.0,0.0,0.0,0.0,0.0,0.0,0.0,0.0,0.0,0.0,0.0,0.0,0.0,0.0
b1740,7.051103014688959e-05,3.911074423767477e-05,1.9511247398066976e-06,7.855422554235327e-06,3.0301311503824027e-05,2.1816123775768507e-05,2.313183518075841e-06,5.0181099940178155e-05,2.234982000578048e-05,2.7139288170026214e-05,7.204323390933011e-06,3.210369029267619e-06,9.908199589196855e-06,2.1394826337889705e-05,2.0771018271000464e-05,7.604285740396751e-06,4.002587643365996e-06,1.7883058495129535e-05,5.367740224650175e-06
b1744,0.0,0.0,0.0,0.0,0.0,0.0,0.0,0.0,0.0,0.0,0.0,0.0,0.0,0.0,0.0,1.5335343983427145e-06,0.0,0.0,0.0
b1745,0.0,0.0,0.0,0.0,0.0,0.0,0.0,0.0,0.0,0.0,0.0,0.0,0.0,0.0,0.0,1.2062814224016268e-06,0.0,0.0,0.0
b1746,0.0,0.0,0.0,0.0,0.0,0.0,0.0,0.0,0.0,0.0,0.0,0.0,0.0,0.0,0.0,1.1420370874708567e-06,0.0,0.0,0.0
b1747,0.0,0.0,0.0,0.0,0.0,0.0,0.0,0.0,0.0,0.0,0.0,0.0,0.0,0.0,0.0,1.4533217346508194e-06,0.0,0.0,0.0
b1748,1.5851995191944092e-06,9.060037874431891e-07,1.2211270218066636e-07,3.685840392625473e-07,2.3119962127769624e-06,5.052793257401005e-07,8.098676039633958e-06,1.1368434021373366e-06,1.702552024033929e-06,6.153331855791462e-07,2.2196974336179745e-06,3.6414910397419297e-06,8.759984901589081e-06,4.959099474769376e-07,1.0978787321840472e-06,9.117636536360325e-06,1.353230343160119e-06,4.085776699008624e-07,3.32475965761559e-05
b1759,0.0,0.0,0.0,0.0,0.0,0.0,0.0,0.0,0.0,0.0,0.0,0.0,0.0,0.0,0.0,0.0,0.0,0.0,0.0
b1761,2.6651152522843773e-06,1.3478915687266437e-06,7.463128246537961e-08,2.948987792600026e-07,1.117836024382692e-06,4.4876734865774504e-07,3.484093644390043e-07,1.7216411965732644e-06,3.4022740469644534e-07,1.0487754219032797e-06,2.3428514432689318e-07,0.0,0.0,3.447822078452696e-08,3.1736454759608625e-08,7.695774216476228e-08,0.0,5.747362299930498e-07,1.975200979935824e-07
b1764,3.8736150886936046e-08,0.0,6.678447040389142e-11,0.0,0.0,2.1630458107758045e-08,1.199838089966709e-09,0.0,1.3766302535762399e-08,0.0,3.5092893090517206e-11,3.616526322291049e-09,1.0335072767402011e-08,0.0,0.0,0.0,0.0,5.856313107226126e-09,1.4317662505625527e-08
b1767,0.0,0.0,0.0,0.0,0.0,0.0,0.0,0.0,0.0,0.0,0.0,0.0,0.0,0.0,0.0,0.0,0.0,0.0,0.0
b1768,0.0,0.0,0.0,0.0,0.0,0.0,0.0,0.0,0.0,0.0,0.0,0.0,0.0,0.0,0.0,0.0,0.0,0.0,0.0
b1773,0.0,0.0,0.0,0.0,0.0,0.0,0.0,0.0,0.0,0.0,0.0,0.0,0.0,0.0,0.0,0.0,0.0,0.0,0.0
b1778,0.0,0.0,0.0,0.0,0.0,0.0,0.0,0.0,0.0,0.0,0.0,0.0,0.0,0.0,0.0,0.0,0.0,0.0,0.0
b1779,4.030186442623175e-05,1.7628216546880526e-05,1.375878564984782e-06,3.6255541230757465e-06,1.4401228142548139e-05,1.0561659525886777e-05,1.4986454026608065e-06,2.4543927181065843e-05,1.712417543651822e-05,1.9655847132268614e-05,6.022465928781047e-06,3.1117593803881656e-06,9.846865090970942e-06,1.0078813895458662e-05,1.1514059516568459e-05,6.408372638047326e-06,2.6872691027825255e-06,1.2379435063981929e-05,3.90029967456823e-06
b1781,0.0,0.0,0.0,0.0,0.0,0.0,0.0,0.0,0.0,0.0,0.0,0.0,0.0,0.0,0.0,0.0,0.0,0.0,0.0
b1800,0.0,0.0,0.0,0.0,0.0,0.0,0.0,0.0,0.0,0.0,0.0,0.0,0.0,0.0,0.0,0.0,0.0,0.0,0.0
b1801,0.0,0.0,0.0,0.0,0.0,0.0,0.0,0.0,0.0,0.0,0.0,0.0,0.0,0.0,0.0,0.0,0.0,0.0,0.0
b1804,0.0,0.0,0.0,0.0,0.0,0.0,0.0,0.0,0.0,0.0,0.0,0.0,0.0,0.0,0.0,0.0,0.0,0.0,0.0
b1805,0.0,0.0,0.0,0.0,0.0,0.0,0.0,0.0,0.0,0.0,0.0,0.0,0.0,0.0,0.0,0.0,0.0,0.0,0.0
b1812,1.9717728766989535e-09,1.096692415867911e-09,5.51414202537695e-11,2.2145595531125377e-10,8.505356074509794e-10,6.131766456285821e-10,6.535850573133124e-11,1.4053459419462915e-09,6.280952400780932e-10,7.621429353376268e-10,2.0313674615338966e-10,9.066273708607875e-11,2.791534400347081e-10,6.013708732901711e-10,5.838773868178841e-10,2.1438396775009132e-10,1.1298773230166006e-10,5.029655291328197e-10,1.5144614741621682e-10
b1814,0.0,0.0,0.0,0.0,0.0,0.0,0.0,0.0,0.0,0.0,1.516696815002792e-06,0.0,0.0,0.0,0.0,0.0,0.0,0.0,0.0
b1817,0.0,5.0337566390004006e-06,0.0,0.0,0.0,0.0,0.0,7.2912187451469885e-06,0.0,0.0,0.0,0.0,0.0,0.0,0.0,0.0,0.0,0.0,0.0
b1818,0.0,1.0067513278000801e-05,0.0,0.0,0.0,0.0,0.0,1.4582437490293977e-05,0.0,0.0,0.0,0.0,0.0,0.0,0.0,0.0,0.0,0.0,0.0
b1819,0.0,5.0337566390004006e-06,0.0,0.0,0.0,0.0,0.0,7.2912187451469885e-06,0.0,0.0,0.0,0.0,0.0,0.0,0.0,0.0,0.0,0.0,0.0
b1822,4.2893665716156497e-10,2.0514405230130216e-10,5.946824114003724e-12,2.902545254936058e-11,1.4898384143703152e-10,9.904370345370522e-11,7.188781774427924e-12,2.8167764627395705e-10,1.0221660022721431e-10,1.299520389191259e-10,2.6271562250488123e-11,1.0391442239728171e-11,3.8254101562728753e-11,9.667442552248285e-11,9.333403799870493e-11,2.7980149730433153e-11,1.3342681718349367e-11,7.770322188182448e-11,1.8664083656026615e-11
b1835,2.1446832858078248e-10,1.0257202615065108e-10,2.973412057001862e-12,1.451272627468029e-11,7.449192071851576e-11,4.952185172685261e-11,3.594390887213962e-12,1.4083882313697853e-10,5.1108300113607156e-11,6.497601945956295e-11,1.3135781125244061e-11,5.1957211198640855e-12,1.9127050781364377e-11,4.833721276124142e-11,4.666701899935246e-11,1.3990074865216577e-11,6.671340859174683e-12,3.885161094091224e-11,9.332041828013308e-12
b1849,1.0716053487362791e-06,3.02703869407377e-07,2.540234321139195e-08,1.0734770787765844e-07,4.3041773891391664e-07,0.0,3.022693352064541e-08,3.92723075573426e-07,1.6399154702887683e-06,4.0085548218108667e-07,4.285648240928042e-07,0.0,7.415238701939153e-06,1.5272028896178821e-06,1.5146758091733056e-06,1.0726567027964321e-07,2.530165731774328e-07,1.0303375273368173e-06,1.098012976848062e-07
b1850,4.2890093309471035e-05,3.147700919239742e-05,0.0,9.486290230289438e-06,3.2693244658798104e-05,0.0,2.411664211532382e-07,4.410346337438959e-05,0.0,1.2883082359207433e-05,0.0,0.0,0.0,0.0,0.0,0.0,0.0,0.0,3.095011919331809e-06
b1851,1.347452875195281e-06,9.888947135836222e-07,0.0,2.980252095398869e-07,1.027104469022746e-06,0.0,7.576583833445023e-09,1.3855726099986872e-06,0.0,4.047402331591186e-07,0.0,0.0,0.0,0.0,0.0,0.0,0.0,0.0,9.723417198876559e-08
b1852,3.052125807077005e-06,2.1179358838568538e-06,0.0,5.58499518549712e-07,1.8502272636532074e-06,0.0,1.3648467509183496e-08,2.4959722171493453e-06,0.0,8.263256940652954e-07,0.0,0.0,0.0,0.0,0.0,0.0,0.0,0.0,1.7515775794796487e-07
b1854,0.0,0.0,0.0,0.0,0.0,0.0,0.0,0.0,0.0,0.0,0.0,0.0,0.0,0.0,0.0,0.0,0.0,0.0,0.0
b1855,0.0,0.0,0.0,0.0,0.0,0.0,0.0,0.0,0.0,0.0,0.0,0.0,0.0,0.0,0.0,0.0,0.0,0.0,0.0
b1857,0.0,0.0,0.0,0.0,0.0,0.0,0.0,0.0,0.0,0.0,0.0,0.0,0.0,0.0,0.0,0.0,0.0,0.0,0.0
b1858,0.0,0.0,0.0,0.0,0.0,0.0,0.0,0.0,0.0,0.0,0.0,0.0,0.0,0.0,0.0,0.0,0.0,0.0,0.0
b1859,0.0,0.0,0.0,0.0,0.0,0.0,0.0,0.0,0.0,0.0,0.0,0.0,0.0,0.0,0.0,0.0,0.0,0.0,0.0
b1865,0.0,0.0,0.0,0.0,0.0,0.0,0.0,0.0,0.0,0.0,0.0,0.0,0.0,0.0,0.0,0.0,0.0,0.0,0.0
b1866,1.5025937037082681e-06,8.490441653302282e-07,4.4148132987597246e-08,1.7419645826536886e-07,6.545272280256886e-07,4.7548311600441854e-07,5.197088884885516e-08,1.0769100746268443e-06,4.846753648702441e-07,5.896101738402227e-07,1.5882606040142416e-07,7.178899640840514e-08,2.175052978752406e-07,4.6774091705353626e-07,4.511748041678802e-07,1.6723303439595849e-07,8.829857596157248e-08,3.901259451099376e-07,1.1865490088753458e-07
b1870,2.5711176524555054e-10,1.216058974578311e-10,3.941891877404316e-12,1.7661534333622602e-11,8.853034591110244e-11,5.860571918397718e-11,4.368021483545917e-12,1.687882818260966e-10,6.098226742188653e-11,7.739177361816033e-11,1.5495589654559542e-11,6.344079742591023e-12,2.2708988840420487e-11,5.713677306871459e-11,5.549997405029964e-11,1.6495894849340648e-11,8.144066647239038e-12,4.605872646083011e-11,1.1415987038237957e-11
b1871,2.5711176524555054e-10,1.216058974578311e-10,3.941891877404316e-12,1.7661534333622602e-11,8.853034591110244e-11,5.860571918397718e-11,4.368021483545917e-12,1.687882818260966e-10,6.098226742188653e-11,7.739177361816033e-11,1.5495589654559542e-11,6.344079742591023e-12,2.2708988840420487e-11,5.713677306871459e-11,5.549997405029964e-11,1.6495894849340648e-11,8.144066647239038e-12,4.605872646083011e-11,1.1415987038237957e-11
b1872,0.0,0.0,0.0,0.0,0.0,0.0,0.0,0.0,0.0,0.0,0.0,0.0,0.0,0.0,0.0,0.0,0.0,0.0,0.0
b1873,0.0,0.0,0.0,0.0,0.0,0.0,0.0,0.0,0.0,0.0,0.0,0.0,0.0,0.0,0.0,0.0,0.0,0.0,0.0
b1876,7.324059805731091e-07,4.185987847652761e-07,2.1666115889213203e-08,8.582223597497963e-08,3.224518344661267e-07,2.3345301052076094e-07,2.55654517393421e-08,5.252530653829647e-07,2.3280323565050807e-07,2.843009348074365e-07,7.697720393062861e-08,3.471496098633941e-08,1.0392061128434921e-07,2.2912409886572878e-07,2.1815474119775895e-07,8.135557657685498e-08,4.330458871983689e-08,1.8877417343407465e-07,5.8315345958595654e-08
b1896,0.0,0.0,0.0,0.0,0.0,0.0,0.0,0.0,0.0,0.0,0.0,0.0,0.0,0.0,0.0,0.0,0.0,0.0,0.0
b1897,0.0,0.0,0.0,0.0,0.0,0.0,0.0,0.0,0.0,0.0,0.0,0.0,0.0,0.0,0.0,0.0,0.0,0.0,0.0
b4460,0.0,0.0,0.0,0.0,0.0,0.0,0.0,0.0,0.0,0.0,0.0,0.0,0.0,0.0,0.0,0.0,0.0,0.0,0.0
b1900,0.0,0.0,0.0,0.0,0.0,0.0,0.0,0.0,0.0,0.0,0.0,0.0,0.0,0.0,0.0,0.0,0.0,0.0,0.0
b1901,0.0,0.0,0.0,0.0,0.0,0.0,0.0,0.0,0.0,0.0,0.0,0.0,0.0,0.0,0.0,0.0,0.0,0.0,0.0
b1907,0.0,0.0,0.0,0.0,0.0,0.0,0.0,0.0,0.0,0.0,0.0,0.0,0.0,0.0,0.0,0.0,0.0,0.0,0.0
b1912,2.7055386702369177e-08,1.5009299926374853e-08,7.532154707147156e-10,3.0263807118033113e-09,1.1641655807595504e-08,8.387142723976912e-09,8.928341171344736e-10,1.925460858503159e-08,8.59429614099782e-09,1.043230164120473e-08,2.776308705934526e-09,1.2387169926286783e-09,3.817013118107507e-09,8.224955550706793e-09,7.987422800910049e-09,2.930160207923455e-09,1.5437945843438627e-09,6.880311876045355e-09,2.0692312629973234e-09
b1919,0.0,0.0,0.0,0.0,0.0,0.0,0.0,0.0,0.0,0.0,0.0,0.0,0.0,0.0,0.0,0.0,0.0,0.0,0.0
b1922,1.059360489726529e-08,5.385614634517454e-09,3.4307550525366554e-10,1.0744945270489306e-09,4.0737605405470655e-09,2.882973971010733e-09,3.90092177042391e-10,7.134148408654466e-09,2.957799125860084e-09,3.623803889196492e-09,9.953227755516299e-10,5.042300975597587e-10,1.3307531802244632e-09,2.8255098888398724e-09,2.7424010688128064e-09,1.0448152667625687e-09,6.027304227565028e-10,2.356263255439324e-09,7.698402992311833e-10
b1927,0.0,0.0,0.0,0.0,0.0,0.0,0.0,0.0,0.0,0.0,0.0,0.0,0.0,0.0,0.0,0.0,0.0,0.0,0.0
b1981,0.0,0.0,0.0,0.0,0.0,0.0,0.0,0.0,0.0,0.0,0.0,0.0,0.0,0.0,0.0,0.0,0.0,0.0,0.0
b1982,0.0,0.0,0.0,0.0,0.0,0.0,0.0,0.0,0.0,0.0,0.0,0.0,0.0,0.0,0.0,0.0,0.0,0.0,0.0
b1991,0.0,0.0,0.0,0.0,0.0,0.0,0.0,0.0,0.0,0.0,0.0,0.0,0.0,0.0,0.0,0.0,0.0,0.0,0.0
b1992,0.0,0.0,0.0,0.0,0.0,0.0,0.0,0.0,0.0,0.0,0.0,0.0,0.0,0.0,0.0,0.0,0.0,0.0,0.0
b1993,0.0,0.0,0.0,0.0,0.0,0.0,0.0,0.0,0.0,0.0,0.0,0.0,0.0,0.0,0.0,0.0,0.0,0.0,0.0
b2010,0.0,0.0,0.0,0.0,0.0,0.0,0.0,0.0,0.0,0.0,0.0,0.0,0.0,0.0,0.0,0.0,0.0,0.0,0.0
b2019,7.523553906612878e-05,4.4029403942371836e-05,2.3765989961305977e-06,9.307210843176786e-06,3.418552046123841e-05,2.4958241590510994e-05,2.8117483754351475e-06,5.520963968127621e-05,2.500645048613045e-05,3.05267939667798e-05,8.441315506838042e-06,3.826050415621688e-06,1.1381928008775194e-05,2.448994231359617e-05,2.3522051691858997e-05,8.870118796610756e-06,4.715705429054087e-06,2.041015433723107e-05,6.436171395035669e-06
b2020,6.245691236412215e-05,3.655108553227981e-05,1.9729377508084503e-06,7.726397115009208e-06,2.837916870234414e-05,2.071912725196271e-05,2.3341777576706067e-06,4.583237749114005e-05,2.0759147949710733e-05,2.534187060007574e-05,7.007572609868413e-06,3.1762023436711007e-06,9.44872714414908e-06,2.0330367800492004e-05,1.9526871733470273e-05,7.363544399573298e-06,3.914750985682026e-06,1.6943524783655686e-05,5.342998771190921e-06
b2021,3.788439876669516e-05,2.2170738950199993e-05,1.1967219906379776e-06,4.68658949434389e-06,1.7213911208401623e-05,1.2567570973331587e-05,1.415838817782175e-06,2.780047875529426e-05,1.2591846269932359e-05,1.5371581702760524e-05,4.250573156596308e-06,1.9265844499298276e-06,5.731300722644548e-06,1.2331761716575912e-05,1.1844386272316705e-05,4.466494448898628e-06,2.374564828777624e-06,1.0277409258964996e-05,3.2408950169947147e-06
b2022,1.8072963812598015e-05,1.0576674720723727e-05,5.709029029003428e-07,2.2357636677143442e-06,8.21199238923166e-06,5.9954298552299e-06,6.754338078804097e-07,1.3262373506611759e-05,6.007010520920483e-06,7.33309881904771e-06,2.027759640981812e-06,9.190878614683441e-07,2.7341489882777866e-06,5.88293573356609e-06,5.650430558507351e-06,2.130766098235658e-06,1.1327994007626618e-06,4.902895431135213e-06,1.5460870508539493e-06
b2023,3.993716608884626e-05,2.3372061127838013e-05,1.2615664088168113e-06,4.940532491448633e-06,1.8146647521115186e-05,1.3248545196302483e-05,1.4925560880356854e-06,2.9306848558876665e-05,1.327413585060246e-05,1.620449133407141e-05,4.480890594917231e-06,2.0309764881019412e-06,6.041851430056291e-06,1.2999958607655921e-05,1.2486174709833669e-05,4.708511589139712e-06,2.503230697671635e-06,1.0834290998413991e-05,3.4165030140063425e-06
b2024,3.3829775179351276e-05,1.9797888805476247e-05,1.068641372528774e-06,4.1850015867466835e-06,1.5371571546477588e-05,1.1222511493362073e-05,1.2643069562945531e-06,2.482509890051976e-05,1.1244188696990766e-05,1.3726419583899387e-05,3.7956504247720075e-06,1.7203894195744109e-06,5.117901332586792e-06,1.1011940007448264e-05,1.0576726509439151e-05,3.988462479676362e-06,2.120424156683784e-06,9.1774571057103e-06,2.8940343089513773e-06
b2025,3.993716608884626e-05,2.3372061127838013e-05,1.2615664088168113e-06,4.940532491448633e-06,1.8146647521115186e-05,1.3248545196302483e-05,1.4925560880356854e-06,2.9306848558876665e-05,1.327413585060246e-05,1.620449133407141e-05,4.480890594917231e-06,2.0309764881019412e-06,6.041851430056291e-06,1.2999958607655921e-05,1.2486174709833669e-05,4.708511589139712e-06,2.503230697671635e-06,1.0834290998413991e-05,3.4165030140063425e-06
b2026,4.517961261743793e-05,2.6440049989468478e-05,1.4271689061441472e-06,5.589063169653733e-06,2.0528710111410385e-05,1.4987646804532094e-05,1.688479991725895e-06,3.3153881324037064e-05,1.5016596676571782e-05,1.8331612200707505e-05,5.069085292860094e-06,2.2975774185739435e-06,6.834949342544658e-06,1.4706428909602924e-05,1.412520195371309e-05,5.326585495044941e-06,2.8318231934956637e-06,1.22564798214274e-05,3.864978359649424e-06
b2027,0.0,0.0,0.0,0.0,0.0,0.0,0.0,0.0,0.0,0.0,0.0,0.0,0.0,0.0,0.0,0.0,0.0,0.0,0.0
b2028,0.0,0.0,0.0,0.0,0.0,0.0,0.0,0.0,0.0,0.0,0.0,0.0,0.0,0.0,0.0,0.0,0.0,0.0,0.0
b2029,5.322667108570616e-06,2.8668763129783007e-06,0.0,1.8431486860669025e-07,0.0,0.0,0.0,0.0,0.0,8.282389563808149e-07,0.0,0.0,0.0,0.0,0.0,0.0,0.0,0.0,0.0
b2032,0.0,0.0,0.0,0.0,0.0,0.0,0.0,0.0,0.0,0.0,0.0,0.0,0.0,0.0,0.0,0.0,0.0,0.0,0.0
b2033,0.0,0.0,0.0,0.0,0.0,0.0,0.0,0.0,0.0,0.0,0.0,0.0,0.0,0.0,0.0,0.0,0.0,0.0,0.0
b2034,0.0,0.0,0.0,0.0,0.0,0.0,0.0,0.0,0.0,0.0,0.0,0.0,0.0,0.0,0.0,0.0,0.0,0.0,0.0
b2035,0.0,0.0,0.0,0.0,0.0,0.0,0.0,0.0,0.0,0.0,0.0,0.0,0.0,0.0,0.0,0.0,0.0,0.0,0.0
b2036,0.0,0.0,0.0,0.0,0.0,0.0,0.0,0.0,0.0,0.0,0.0,0.0,0.0,0.0,0.0,0.0,0.0,0.0,0.0
b2037,0.0,0.0,0.0,0.0,0.0,0.0,0.0,0.0,0.0,0.0,0.0,0.0,0.0,0.0,0.0,0.0,0.0,0.0,0.0
b2038,0.0,0.0,0.0,0.0,0.0,0.0,0.0,0.0,0.0,0.0,0.0,0.0,0.0,0.0,0.0,0.0,0.0,0.0,0.0
b2039,0.0,0.0,0.0,0.0,0.0,0.0,0.0,0.0,0.0,0.0,0.0,0.0,0.0,0.0,0.0,0.0,0.0,0.0,0.0
b2040,0.0,0.0,0.0,0.0,0.0,0.0,0.0,0.0,0.0,0.0,0.0,0.0,0.0,0.0,0.0,0.0,0.0,0.0,0.0
b2041,0.0,0.0,0.0,0.0,0.0,0.0,0.0,0.0,0.0,0.0,0.0,0.0,0.0,0.0,0.0,0.0,0.0,0.0,0.0
b2045,0.0,0.0,0.0,0.0,0.0,0.0,0.0,0.0,0.0,0.0,0.0,0.0,0.0,0.0,0.0,0.0,0.0,0.0,0.0
b2048,0.0,0.0,0.0,0.0,0.0,0.0,0.0,0.0,0.0,0.0,0.0,0.0,0.0,0.0,0.0,0.0,0.0,0.0,0.0
b2049,0.0,0.0,0.0,0.0,0.0,0.0,0.0,0.0,0.0,0.0,0.0,0.0,0.0,0.0,0.0,0.0,0.0,0.0,0.0
b2051,0.0,0.0,0.0,0.0,0.0,0.0,0.0,0.0,0.0,0.0,0.0,0.0,0.0,0.0,0.0,0.0,0.0,0.0,0.0
b2052,0.0,0.0,0.0,0.0,0.0,0.0,0.0,0.0,0.0,0.0,0.0,0.0,0.0,0.0,0.0,0.0,0.0,0.0,0.0
b2053,0.0,0.0,0.0,0.0,0.0,0.0,0.0,0.0,0.0,0.0,0.0,0.0,0.0,0.0,0.0,0.0,0.0,0.0,0.0
b2065,0.0,0.0,0.0,0.0,0.0,0.0,0.0,0.0,0.0,0.0,0.0,0.0,0.0,0.0,0.0,0.0,0.0,0.0,0.0
b2066,0.0,0.0,0.0,2.309167839628932e-07,1.0372560747565795e-06,0.0,0.0,0.0,0.0,0.0,0.0,0.0,0.0,0.0,0.0,0.0,0.0,0.0,0.0
b2091,0.0,0.0,0.0,0.0,0.0,0.0,0.0,0.0,0.0,0.0,0.0,0.0,0.0,0.0,0.0,0.0,0.0,0.0,0.0
b2092,0.0,0.0,0.0,0.0,0.0,0.0,0.0,0.0,0.0,0.0,0.0,0.0,0.0,0.0,0.0,0.0,0.0,0.0,0.0
b2093,0.0,0.0,0.0,0.0,0.0,0.0,0.0,0.0,0.0,0.0,0.0,0.0,0.0,0.0,0.0,0.0,0.0,0.0,0.0
b2094,0.0,0.0,0.0,0.0,0.0,0.0,0.0,0.0,0.0,0.0,0.0,0.0,0.0,0.0,0.0,0.0,0.0,0.0,0.0
b2095,0.0,0.0,0.0,0.0,0.0,0.0,0.0,0.0,0.0,0.0,0.0,0.0,0.0,0.0,0.0,0.0,0.0,0.0,0.0
b2096,0.0,0.0,0.0,0.0,0.0,0.0,0.0,0.0,0.0,0.0,0.0,0.0,0.0,0.0,0.0,0.0,0.0,0.0,0.0
b2097,0.0,0.0,0.0,0.0,0.0,0.0,0.0,0.0,0.0,0.0,0.0,0.0,0.0,0.0,0.0,0.0,0.0,0.0,0.0
b2103,8.439534933539935e-07,3.4845399753763237e-07,4.333436219757839e-09,3.4279653310746264e-08,2.8537013937184825e-07,1.4316307499928836e-07,5.592060218103494e-09,5.359592708721645e-07,1.5069349884832413e-07,1.9645224211317143e-07,3.053405255918129e-08,9.120105413363527e-09,5.0769350679273845e-08,1.3987412965923565e-07,1.3475548396514457e-07,3.3276128316640133e-08,1.2616402557211904e-08,1.084995574832045e-07,2.0808079235289168e-08
b2104,0.0,0.0,0.0,0.0,0.0,0.0,0.0,0.0,0.0,0.0,0.0,0.0,0.0,0.0,0.0,0.0,0.0,0.0,0.0
b2114,7.995787286877578e-07,4.7114927974517963e-07,2.611772779676002e-08,1.0101957413228212e-07,3.669362642064022e-07,2.7003657633780237e-07,3.071135389872847e-08,5.968750503366264e-07,2.7756468363942194e-07,3.32482006677258e-07,9.348901136596172e-08,4.2690930153617464e-08,1.2707683762564004e-07,2.6562484976086977e-07,2.590978622598242e-07,9.871060150664067e-08,5.292498037076181e-08,2.2397651947028288e-07,6.983548061630853e-08
b2128,0.0,0.0,0.0,0.0,0.0,0.0,0.0,0.0,0.0,0.0,0.0,0.0,0.0,0.0,0.0,0.0,0.0,0.0,0.0
b2129,0.0,0.0,0.0,0.0,0.0,0.0,0.0,0.0,0.0,0.0,0.0,0.0,0.0,0.0,0.0,0.0,0.0,0.0,0.0
b2130,0.0,0.0,0.0,0.0,0.0,0.0,0.0,0.0,0.0,0.0,0.0,0.0,0.0,0.0,0.0,0.0,0.0,0.0,0.0
b2131,0.0,0.0,0.0,0.0,0.0,0.0,0.0,0.0,0.0,0.0,0.0,0.0,0.0,0.0,0.0,0.0,0.0,0.0,0.0
b2132,0.0,0.0,0.0,0.0,0.0,0.0,0.0,0.0,0.0,0.0,0.0,0.0,0.0,0.0,0.0,0.0,0.0,0.0,0.0
b2133,0.0,0.0,0.0,0.0,0.0,0.0,0.0,0.0,0.0,0.0,0.0,0.0,0.0,0.0,0.0,0.0,0.0,0.0,0.0
b2134,0.0,0.0,0.0,0.0,0.0,0.0,0.0,0.0,0.0,0.0,0.0,0.0,0.0,0.0,0.0,0.0,0.0,0.0,0.0
b2140,3.478611313762592e-09,1.6612871222916302e-09,4.717905153936515e-11,2.3541299051917707e-10,1.2067496535451889e-09,8.017592246505934e-10,5.826948862178527e-11,2.2832202881741172e-09,8.280934624531764e-10,1.0530089433702902e-09,2.1260779909746153e-10,8.430539555557136e-11,3.096823449821804e-10,7.825719763158701e-10,7.559196031660767e-10,2.264684414162682e-10,1.0833858546473503e-10,6.297140061717183e-10,1.514109959108164e-10
b2143,0.0,0.0,0.0,0.0,1.4781565513883522e-05,0.0,0.0,0.0,0.0,0.0,0.0,0.0,0.0,0.0,0.0,0.0,0.0,0.0,0.0
b2146,0.0,0.0,0.0,0.0,0.0,0.0,0.0,0.0,0.0,0.0,0.0,0.0,0.0,0.0,0.0,0.0,0.0,0.0,0.0
b2147,0.0,0.0,0.0,0.0,0.0,0.0,0.0,0.0,0.0,0.0,0.0,0.0,0.0,0.0,0.0,0.0,0.0,0.0,0.0
b2148,0.0,0.0,0.0,0.0,0.0,0.0,0.0,0.0,0.0,0.0,0.0,0.0,0.0,0.0,0.0,0.0,0.0,0.0,0.0
b2149,0.0,0.0,0.0,0.0,0.0,0.0,0.0,0.0,0.0,0.0,0.0,0.0,0.0,0.0,0.0,0.0,0.0,0.0,0.0
b2150,0.0,0.0,0.0,0.0,0.0,0.0,0.0,0.0,0.0,0.0,0.0,0.0,0.0,0.0,0.0,0.0,0.0,0.0,0.0
b2153,0.00011860545582019727,6.466532875827023e-05,3.0857466732342327e-06,1.2589221237661015e-05,4.975922942275215e-05,3.5564369623446576e-05,3.662651470942713e-06,8.355806888482727e-05,3.644863141586698e-05,4.4471252798069135e-05,1.1530725064581498e-05,5.096740560269763e-06,1.5930476908970084e-05,3.485966673122442e-05,3.3820450327299313e-05,1.2178641658189189e-05,6.360078951297687e-06,2.903265098956417e-05,8.561538197180559e-06
b2154,0.0,0.0,0.0,0.0,0.0,0.0,0.0,0.0,0.0,0.0,0.0,0.0,0.0,0.0,0.0,0.0,0.0,0.0,0.0
b2155,0.0,0.0,0.0,0.0,0.0,0.0,0.0,0.0,0.0,0.0,0.0,0.0,0.0,0.0,0.0,0.0,0.0,0.0,0.0
b2156,0.0,0.0,0.0,0.0,0.0,0.0,0.0,0.0,0.0,0.0,0.0,0.0,0.0,0.0,0.0,0.0,0.0,0.0,0.0
b2162,0.0,0.0,0.0,0.0,0.0,0.0,0.0,0.0,0.0,0.0,0.0,0.0,0.0,0.0,0.0,0.0,0.0,0.0,0.0
b2167,0.0,0.0,0.0,0.0,0.0,0.0,0.0,0.0,0.0,0.0,0.0,0.0,0.0,0.0,0.0,0.0,0.0,0.0,0.0
b2168,0.0,0.0,0.0,0.0,0.0,0.0,0.0,0.0,0.0,0.0,0.0,0.0,0.0,0.0,0.0,0.0,0.0,0.0,0.0
b2169,0.0,0.0,0.0,0.0,0.0,0.0,0.0,0.0,0.0,0.0,0.0,0.0,0.0,0.0,0.0,0.0,0.0,0.0,0.0
b2170,0.0,0.0,0.0,0.0,0.0,0.0,0.0,0.0,0.0,0.0,0.0,0.0,0.0,0.0,0.0,0.0,0.0,0.0,0.0
b2174,0.0,0.0,0.0,0.0,0.0,0.0,0.0,0.0,0.0,0.0,0.0,0.0,0.0,0.0,0.0,0.0,0.0,0.0,0.0
b2183,2.1446832858078248e-10,1.0257202615065108e-10,2.973412057001862e-12,1.451272627468029e-11,7.449192071851576e-11,4.952185172685261e-11,3.594390887213962e-12,1.4083882313697853e-10,5.1108300113607156e-11,6.497601945956295e-11,1.3135781125244061e-11,5.1957211198640855e-12,1.9127050781364377e-11,4.833721276124142e-11,4.666701899935246e-11,1.3990074865216577e-11,6.671340859174683e-12,3.885161094091224e-11,9.332041828013308e-12
b2185,6.768117179757674e-05,4.340299117405492e-05,5.611116301116423e-06,1.3665907236519881e-05,3.579283254236695e-05,2.8024457809149993e-05,6.23027753783754e-06,5.2645822067177326e-05,2.857668393449005e-05,3.298132007274999e-05,1.2915011694567702e-05,7.646532968856585e-06,1.604204259082175e-05,2.7621264434995126e-05,2.7063401352784352e-05,1.3389274104133668e-05,8.794894428433112e-06,2.4275772924361742e-05,1.0626266607080855e-05
b2197,0.0,0.0,0.0,0.0,0.0,0.0,0.0,0.0,0.0,0.0,0.0,0.0,0.0,0.0,0.0,0.0,0.0,0.0,0.0
b2198,0.0,0.0,0.0,0.0,0.0,0.0,0.0,0.0,0.0,0.0,0.0,0.0,0.0,0.0,0.0,0.0,0.0,0.0,0.0
b2199,0.0,0.0,0.0,0.0,0.0,0.0,0.0,0.0,0.0,0.0,0.0,0.0,0.0,0.0,0.0,0.0,0.0,0.0,0.0
b2200,0.0,0.0,0.0,0.0,0.0,0.0,0.0,0.0,0.0,0.0,0.0,0.0,0.0,0.0,0.0,0.0,0.0,0.0,0.0
b2201,0.0,0.0,0.0,0.0,0.0,0.0,0.0,0.0,0.0,0.0,0.0,0.0,0.0,0.0,0.0,0.0,0.0,0.0,0.0
b2202,0.0,0.0,0.0,0.0,0.0,0.0,0.0,0.0,0.0,0.0,0.0,0.0,0.0,0.0,0.0,0.0,0.0,0.0,0.0
b2203,0.0,0.0,0.0,0.0,0.0,0.0,0.0,0.0,0.0,0.0,0.0,0.0,0.0,0.0,0.0,0.0,0.0,0.0,0.0
b2204,0.0,0.0,0.0,0.0,0.0,0.0,0.0,0.0,0.0,0.0,0.0,0.0,0.0,0.0,0.0,0.0,0.0,0.0,0.0
b2205,0.0,0.0,0.0,0.0,0.0,0.0,0.0,0.0,0.0,0.0,0.0,0.0,0.0,0.0,0.0,0.0,0.0,0.0,0.0
b2206,0.0,0.0,0.0,0.0,0.0,0.0,0.0,0.0,0.0,0.0,0.0,0.0,0.0,0.0,0.0,0.0,0.0,0.0,0.0
b2207,0.0,0.0,0.0,0.0,0.0,0.0,0.0,0.0,0.0,0.0,0.0,0.0,0.0,0.0,0.0,0.0,0.0,0.0,0.0
b2210,0.0,0.0,2.1105323454097055e-06,0.0,0.0,0.0,0.0,0.0,0.0,0.0,0.0,0.0,0.0,0.0,0.0,0.0,0.0,0.0,0.0
b2215,0.0,0.0,0.0,0.0,0.0,0.0,0.0,0.0,0.0,0.0,0.0,0.0,0.0,0.0,0.0,0.0,0.0,0.0,0.0
b2221,0.0,0.0,0.0,0.0,0.0,0.0,0.0,0.0,0.0,0.0,0.0,0.0,0.0,0.0,0.0,0.0,0.0,0.0,0.0
b2222,0.0,0.0,0.0,0.0,0.0,0.0,0.0,0.0,0.0,0.0,0.0,0.0,0.0,0.0,0.0,0.0,0.0,0.0,0.0
b2223,0.0,0.0,0.0,0.0,0.0,0.0,5.475372946073202e-07,0.0,0.0,0.0,0.0,0.0,0.0,0.0,0.0,0.0,0.0,0.0,0.0
b2224,0.0,0.0,0.0,0.0,0.0,0.0,0.0,0.0,0.0,0.0,0.0,0.0,0.0,0.0,0.0,0.0,0.0,0.0,0.0
b2232,8.99055506461912e-10,5.00051180860016e-10,2.5142448250063292e-11,1.009757251528337e-10,3.878127802431881e-10,2.795858722882664e-10,2.980106135258868e-11,6.407857733117717e-10,2.8638819959837716e-10,3.475089909307818e-10,9.26228433062295e-11,4.133885498243042e-11,1.2728364426594543e-10,2.7420287673420755e-10,2.662264938931691e-10,9.775116037986771e-11,5.15182271187927e-11,2.2933367928482306e-10,6.90538420403379e-11
b2234,0.0,0.0,0.0,0.0,3.589890108714681e-08,0.0,0.0,0.0,0.0,0.0,3.3039082265422395e-08,0.0,0.0,8.634955636145072e-08,8.442320009768537e-08,2.060623032328024e-08,0.0,0.0,0.0
b2235,0.0,0.0,0.0,0.0,3.589890108714681e-08,0.0,0.0,0.0,0.0,0.0,3.3039082265422395e-08,0.0,0.0,8.634955636145072e-08,8.442320009768537e-08,2.060623032328024e-08,0.0,0.0,0.0
b2239,0.0,0.0,0.0,0.0,0.0,0.0,0.0,0.0,0.0,0.0,0.0,0.0,0.0,0.0,0.0,0.0,0.0,0.0,0.0
b2240,0.0,0.0,0.0,0.0,0.0,0.0,0.0,0.0,0.0,0.0,0.0,0.0,0.0,0.0,0.0,0.0,0.0,0.0,0.0
b2241,0.0,0.0,0.0,0.0,0.0,0.0,0.0,0.0,0.0,0.0,0.0,0.0,0.0,0.0,0.0,0.0,0.0,0.0,0.0
b2242,0.0,0.0,0.0,0.0,0.0,0.0,0.0,0.0,0.0,0.0,0.0,0.0,0.0,0.0,0.0,0.0,0.0,0.0,0.0
b2243,0.0,0.0,0.0,0.0,0.0,0.0,0.0,0.0,0.0,0.0,0.0,0.0,0.0,0.0,0.0,0.0,0.0,0.0,0.0
b2251,2.2381992069586698e-07,1.6544388798649054e-07,1.1818288514733713e-08,4.643172362501839e-08,0.0,1.1335382075974101e-07,1.3998542103124493e-08,1.884952296190347e-07,1.154170203362167e-07,1.324337139137379e-07,4.274380598010544e-08,1.9378481320636048e-08,5.776784962198756e-08,1.11712754016932e-07,1.0922058189617904e-07,4.501253716707658e-08,2.4099079633747323e-08,9.704214299374697e-08,3.213371345977405e-08
b2253,0.0,0.0,0.0,0.0,0.0,0.0,0.0,0.0,0.0,0.0,0.0,0.0,0.0,0.0,0.0,0.0,0.0,0.0,0.0
b2254,0.0,0.0,0.0,0.0,0.0,0.0,0.0,0.0,0.0,0.0,0.0,0.0,0.0,0.0,0.0,0.0,0.0,0.0,0.0
b2255,0.0,0.0,0.0,0.0,0.0,0.0,0.0,0.0,0.0,0.0,0.0,0.0,0.0,0.0,0.0,0.0,0.0,0.0,0.0
b2256,0.0,0.0,0.0,0.0,0.0,0.0,0.0,0.0,0.0,0.0,0.0,0.0,0.0,0.0,0.0,0.0,0.0,0.0,0.0
b2257,0.0,0.0,0.0,0.0,0.0,0.0,0.0,0.0,0.0,0.0,0.0,0.0,0.0,0.0,0.0,0.0,0.0,0.0,0.0
b4544,0.0,0.0,0.0,0.0,0.0,0.0,0.0,0.0,0.0,0.0,0.0,0.0,0.0,0.0,0.0,0.0,0.0,0.0,0.0
b2258,0.0,0.0,0.0,0.0,0.0,0.0,0.0,0.0,0.0,0.0,0.0,0.0,0.0,0.0,0.0,0.0,0.0,0.0,0.0
b2260,0.0,0.0,0.0,0.0,0.0,0.0,0.0,0.0,0.0,0.0,0.0,0.0,0.0,0.0,0.0,0.0,0.0,0.0,0.0
b2261,0.0,0.0,0.0,0.0,0.0,0.0,0.0,0.0,0.0,0.0,0.0,0.0,0.0,0.0,0.0,0.0,0.0,0.0,0.0
b2262,0.0,0.0,0.0,0.0,0.0,0.0,0.0,0.0,0.0,0.0,0.0,0.0,0.0,0.0,0.0,0.0,0.0,0.0,0.0
b2263,0.0,0.0,0.0,0.0,0.0,0.0,0.0,0.0,0.0,0.0,0.0,0.0,0.0,0.0,0.0,0.0,0.0,0.0,0.0
b2264,0.0,0.0,0.0,0.0,0.0,0.0,0.0,0.0,0.0,0.0,0.0,0.0,0.0,0.0,0.0,0.0,0.0,0.0,0.0
b2265,0.0,0.0,0.0,0.0,0.0,0.0,0.0,0.0,0.0,0.0,0.0,0.0,0.0,0.0,0.0,0.0,0.0,0.0,0.0
b2268,0.0,0.0,0.0,0.0,0.0,0.0,0.0,0.0,0.0,0.0,0.0,0.0,0.0,0.0,0.0,0.0,0.0,0.0,0.0
b2276,1.9740673582425684e-05,1.100694127913946e-05,4.388041769747691e-07,2.272659668291604e-06,7.755714131875751e-06,4.547394030834409e-06,7.038418669036856e-07,1.7793193227363018e-05,1.1465734825687001e-05,1.1143261554848131e-05,3.7593650767127874e-06,1.8435310163244467e-06,5.5348638289915755e-06,5.478479922598587e-06,9.209107426338923e-06,3.1039490894601813e-06,0.0,1.4668642086147946e-06,3.3950181048962543e-07
b2277,1.9740673582425684e-05,1.100694127913946e-05,4.388041769747691e-07,2.272659668291604e-06,7.755714131875751e-06,4.547394030834409e-06,7.038418669036856e-07,1.7793193227363018e-05,1.1465734825687001e-05,1.1143261554848131e-05,3.7593650767127874e-06,1.8435310163244467e-06,5.5348638289915755e-06,5.478479922598587e-06,9.209107426338923e-06,3.1039490894601813e-06,0.0,1.4668642086147946e-06,3.3950181048962543e-07
b2278,1.9740673582425684e-05,1.100694127913946e-05,4.388041769747691e-07,2.272659668291604e-06,7.755714131875751e-06,4.547394030834409e-06,7.038418669036856e-07,1.7793193227363018e-05,1.1465734825687001e-05,1.1143261554848131e-05,3.7593650767127874e-06,1.8435310163244467e-06,5.5348638289915755e-06,5.478479922598587e-06,9.209107426338923e-06,3.1039490894601813e-06,0.0,1.4668642086147946e-06,3.3950181048962543e-07
b2279,1.9740673582425684e-05,1.100694127913946e-05,4.388041769747691e-07,2.272659668291604e-06,7.755714131875751e-06,4.547394030834409e-06,7.038418669036856e-07,1.7793193227363018e-05,1.1465734825687001e-05,1.1143261554848131e-05,3.7593650767127874e-06,1.8435310163244467e-06,5.5348638289915755e-06,5.478479922598587e-06,9.209107426338923e-06,3.1039490894601813e-06,0.0,1.4668642086147946e-06,3.3950181048962543e-07
b2280,1.9740673582425684e-05,1.100694127913946e-05,4.388041769747691e-07,2.272659668291604e-06,7.755714131875751e-06,4.547394030834409e-06,7.038418669036856e-07,1.7793193227363018e-05,1.1465734825687001e-05,1.1143261554848131e-05,3.7593650767127874e-06,1.8435310163244467e-06,5.5348638289915755e-06,5.478479922598587e-06,9.209107426338923e-06,3.1039490894601813e-06,0.0,1.4668642086147946e-06,3.3950181048962543e-07
b2281,1.9740673582425684e-05,1.100694127913946e-05,4.388041769747691e-07,2.272659668291604e-06,7.755714131875751e-06,4.547394030834409e-06,7.038418669036856e-07,1.7793193227363018e-05,1.1465734825687001e-05,1.1143261554848131e-05,3.7593650767127874e-06,1.8435310163244467e-06,5.5348638289915755e-06,5.478479922598587e-06,9.209107426338923e-06,3.1039490894601813e-06,0.0,1.4668642086147946e-06,3.3950181048962543e-07
b2282,1.9740673582425684e-05,1.100694127913946e-05,4.388041769747691e-07,2.272659668291604e-06,7.755714131875751e-06,4.547394030834409e-06,7.038418669036856e-07,1.7793193227363018e-05,1.1465734825687001e-05,1.1143261554848131e-05,3.7593650767127874e-06,1.8435310163244467e-06,5.5348638289915755e-06,5.478479922598587e-06,9.209107426338923e-06,3.1039490894601813e-06,0.0,1.4668642086147946e-06,3.3950181048962543e-07
b2283,1.9740673582425684e-05,1.100694127913946e-05,4.388041769747691e-07,2.272659668291604e-06,7.755714131875751e-06,4.547394030834409e-06,7.038418669036856e-07,1.7793193227363018e-05,1.1465734825687001e-05,1.1143261554848131e-05,3.7593650767127874e-06,1.8435310163244467e-06,5.5348638289915755e-06,5.478479922598587e-06,9.209107426338923e-06,3.1039490894601813e-06,0.0,1.4668642086147946e-06,3.3950181048962543e-07
b2284,1.9740673582425684e-05,1.100694127913946e-05,4.388041769747691e-07,2.272659668291604e-06,7.755714131875751e-06,4.547394030834409e-06,7.038418669036856e-07,1.7793193227363018e-05,1.1465734825687001e-05,1.1143261554848131e-05,3.7593650767127874e-06,1.8435310163244467e-06,5.5348638289915755e-06,5.478479922598587e-06,9.209107426338923e-06,3.1039490894601813e-06,0.0,1.4668642086147946e-06,3.3950181048962543e-07
b2285,1.9740673582425684e-05,1.100694127913946e-05,4.388041769747691e-07,2.272659668291604e-06,7.755714131875751e-06,4.547394030834409e-06,7.038418669036856e-07,1.7793193227363018e-05,1.1465734825687001e-05,1.1143261554848131e-05,3.7593650767127874e-06,1.8435310163244467e-06,5.5348638289915755e-06,5.478479922598587e-06,9.209107426338923e-06,3.1039490894601813e-06,0.0,1.4668642086147946e-06,3.3950181048962543e-07
b2286,1.9740673582425684e-05,1.100694127913946e-05,4.388041769747691e-07,2.272659668291604e-06,7.755714131875751e-06,4.547394030834409e-06,7.038418669036856e-07,1.7793193227363018e-05,1.1465734825687001e-05,1.1143261554848131e-05,3.7593650767127874e-06,1.8435310163244467e-06,5.5348638289915755e-06,5.478479922598587e-06,9.209107426338923e-06,3.1039490894601813e-06,0.0,1.4668642086147946e-06,3.3950181048962543e-07
b2287,1.9740673582425684e-05,1.100694127913946e-05,4.388041769747691e-07,2.272659668291604e-06,7.755714131875751e-06,4.547394030834409e-06,7.038418669036856e-07,1.7793193227363018e-05,1.1465734825687001e-05,1.1143261554848131e-05,3.7593650767127874e-06,1.8435310163244467e-06,5.5348638289915755e-06,5.478479922598587e-06,9.209107426338923e-06,3.1039490894601813e-06,0.0,1.4668642086147946e-06,3.3950181048962543e-07
b2288,1.9740673582425684e-05,1.100694127913946e-05,4.388041769747691e-07,2.272659668291604e-06,7.755714131875751e-06,4.547394030834409e-06,7.038418669036856e-07,1.7793193227363018e-05,1.1465734825687001e-05,1.1143261554848131e-05,3.7593650767127874e-06,1.8435310163244467e-06,5.5348638289915755e-06,5.478479922598587e-06,9.209107426338923e-06,3.1039490894601813e-06,0.0,1.4668642086147946e-06,3.3950181048962543e-07
b2290,3.269912097380993e-06,1.8526225017395909e-06,9.646728705722442e-08,3.816428979522017e-07,1.4474031015291697e-06,1.0463357694587934e-06,1.143784354260563e-07,2.3756678429526656e-06,1.0797491999348274e-06,1.3030852359560088e-06,3.5282800767862134e-07,5.324685862361177e-07,4.856870324475419e-07,1.1075093826901232e-05,1.081085092974502e-05,3.718585566312458e-07,1.9787616314598724e-07,8.639590947890702e-07,2.6386266642160484e-07
b2291,0.0,0.0,0.0,0.0,0.0,0.0,0.0,0.0,0.0,0.0,0.0,0.0,0.0,0.0,0.0,0.0,0.0,0.0,0.0
b2296,0.0,0.0,0.0,0.0,0.0,0.0,0.0,0.0,0.0,0.0,0.0,0.0,0.0,0.0,0.0,0.0,0.0,0.0,0.0
b2297,0.0,2.1161474303111328e-08,0.0,0.0,0.0,0.0,0.0,2.745455249137086e-08,9.157831026806676e-08,0.0,2.996018362768998e-08,0.0,5.084396081642339e-07,8.482959444634729e-08,8.440084690363574e-08,0.0,1.7239828566397984e-08,7.202901354037983e-08,7.676008053528627e-09
b2303,0.0,0.0,0.0,0.0,0.0,0.0,0.0,0.0,0.0,0.0,0.0,0.0,0.0,0.0,0.0,0.0,0.0,0.0,0.0
b2306,0.0,0.0,0.0,0.0,0.0,0.0,0.0,0.0,0.0,0.0,0.0,0.0,0.0,0.0,0.0,0.0,0.0,0.0,0.0
b2307,0.0,0.0,0.0,0.0,0.0,0.0,0.0,0.0,0.0,0.0,0.0,0.0,0.0,0.0,0.0,0.0,0.0,0.0,0.0
b2308,0.0,0.0,0.0,0.0,0.0,0.0,0.0,0.0,0.0,0.0,0.0,0.0,0.0,0.0,0.0,0.0,0.0,0.0,0.0
b2309,0.0,0.0,0.0,0.0,0.0,0.0,0.0,0.0,0.0,0.0,0.0,0.0,0.0,0.0,0.0,0.0,0.0,0.0,0.0
b2310,0.0,0.0,0.0,0.0,0.0,0.0,0.0,0.0,0.0,0.0,0.0,0.0,0.0,0.0,0.0,0.0,0.0,0.0,0.0
b2311,8.99055506461912e-10,5.00051180860016e-10,2.5142448250063292e-11,1.009757251528337e-10,3.878127802431881e-10,2.795858722882664e-10,2.980106135258868e-11,6.407857733117717e-10,2.8638819959837716e-10,3.475089909307818e-10,9.26228433062295e-11,4.133885498243042e-11,1.2728364426594543e-10,2.7420287673420755e-10,2.662264938931691e-10,9.775116037986771e-11,5.15182271187927e-11,2.2933367928482306e-10,6.90538420403379e-11
b2312,2.573848341692504e-06,8.871475027903188e-11,5.28290195102839e-08,2.2866487225708927e-07,9.998339107440464e-07,7.019260893022205e-07,6.443352490914267e-08,1.3645271172422418e-10,7.517842987188377e-07,9.167572648484308e-07,2.1916355107847112e-07,9.551985117717003e-08,3.1697513552512623e-07,6.876192957864682e-07,6.864910371449151e-07,2.3277330093068994e-07,1.1462246854722923e-07,5.750214691452459e-07,5.297639189648339e-12
b2315,2.7784260951147374e-09,1.5453498029971376e-09,7.76998014148831e-11,3.120536915922356e-10,1.1984901275862649e-09,8.640275019816528e-10,9.209670140389208e-11,1.9802736328862334e-09,8.850493004914027e-10,1.073935971415997e-09,2.862400852851611e-10,1.2775290579927546e-10,3.9335524466284577e-10,8.473919825840334e-10,8.227419025045722e-10,3.0208855056790224e-10,1.5921106713889568e-10,7.087289654908759e-10,2.1340283810489511e-10
b2316,8.624678904185022e-07,4.796973968371543e-07,2.4118619498991073e-08,9.686439946451572e-08,3.7202642351340596e-07,2.682041650121636e-07,2.858754218188887e-08,6.147055451240603e-07,2.747296344158138e-07,3.333628721546944e-07,8.885157321893253e-08,3.965555011528167e-08,1.2210132622127852e-07,2.630402613992088e-07,2.5538852576892037e-07,9.377110985642428e-08,4.942046086726019e-08,2.199973273147487e-07,6.624212446909319e-08
b2318,1.6765896792605145e-09,8.059640147707459e-10,2.3590604419170925e-11,1.1471110094254822e-10,5.851599059491791e-10,3.901523682118326e-10,2.8490022384324792e-11,1.1057737285664382e-09,4.0323956310242324e-10,5.122031519670088e-10,1.0406366949863682e-10,4.122210505105831e-11,1.514450109234638e-10,3.8115784217992366e-10,3.6846470476540383e-10,1.1078231327789453e-10,5.2948344334243803e-11,3.0696679396333804e-10,7.388910111939453e-11
b2320,8.442636513959381e-07,3.647543971794223e-07,4.388799942029717e-09,3.520427588210975e-08,2.61234716137341e-07,2.77990919980822e-07,2.0758573234926315e-08,5.219115002571262e-07,1.8680787219533273e-07,2.129420759942632e-07,3.706953139195867e-08,2.5264488483023004e-08,9.733852880335897e-08,1.5508658062519462e-07,1.5139896104365437e-07,6.313390577352738e-08,2.3297870512609592e-08,1.1531052162594086e-07,1.1426658933380754e-07
b2323,4.0299827494752603e-07,2.2414528824292644e-07,1.1269878943333367e-08,4.5261576222635294e-08,1.7383480704680686e-07,1.2532255792922452e-07,1.3358063594498276e-08,2.872292130814705e-07,1.2837166908181933e-07,1.5576879413114713e-07,4.1517454377598764e-08,1.8529786376467482e-08,5.705392688498563e-08,1.2290965584949045e-07,1.1933428078817044e-07,4.3816187108508133e-08,2.3092610387772628e-08,1.0279726293721377e-07,3.0952817884765675e-08
b2324,1.9868705402126798e-10,9.344107345504207e-11,2.611437036305356e-12,1.2876557724396185e-11,6.714388507616715e-11,4.454090784031161e-11,3.153902664047969e-12,1.2839538458441558e-10,4.548931001054716e-11,5.84843757510328e-11,1.1560093840901909e-11,4.545062644925246e-12,1.677862261837472e-11,4.342848973855153e-11,4.1601389471871085e-11,1.2317935307829957e-11,5.772075010997556e-12,3.45544762463224e-11,8.19182521644061e-12
b2328,0.0,0.0,0.0,0.0,0.0,0.0,0.0,0.0,0.0,0.0,0.0,0.0,0.0,0.0,0.0,0.0,0.0,0.0,0.0
b2329,3.947096626591632e-05,2.3322897654510725e-05,1.3244415949360429e-06,5.119447386361829e-06,1.8539897705275157e-05,1.3529720247226307e-05,1.5674711334849382e-06,2.9576348381056475e-05,1.3912644695155549e-05,1.666528618552648e-05,4.732796349850255e-06,2.1659702579571994e-06,6.442875231202388e-06,1.3301689404135186e-05,1.2993761760320881e-05,5.000775923783807e-06,2.7183503002666754e-06,1.125317893921491e-05,3.571408417806032e-06
b2341,1.4551054265697022e-05,7.442482921268585e-06,0.0,1.5028066795474338e-06,5.772003537348526e-06,6.99022243170085e-08,1.967344727203817e-06,9.537372855700042e-06,4.262417418170194e-06,5.172149326910807e-06,1.3784993484832679e-06,6.152363681826236e-07,1.8943721201930734e-06,4.081011507906557e-06,3.962320056856055e-06,1.4548217627910856e-06,7.6673438366765e-07,3.4132317277469274e-06,0.0
b2342,1.0624607764474513e-05,5.434208435239548e-06,0.0,0.0,0.0,3.03829706169169e-06,1.4364777755879263e-06,1.443045665727409e-07,0.0,5.374528163602452e-07,0.0,0.0,0.0,2.267316102697982e-06,0.0,0.0,0.0,2.0863329694024888e-06,0.0
b2344,0.0,0.0,0.0,0.0,0.0,0.0,0.0,0.0,0.0,0.0,0.0,0.0,0.0,0.0,0.0,0.0,0.0,0.0,0.0
b2366,0.0,0.0,0.0,0.0,0.0,0.0,0.0,0.0,0.0,0.0,0.0,0.0,0.0,0.0,0.0,0.0,0.0,0.0,0.0
b2373,0.0,0.0,0.0,0.0,0.0,0.0,0.0,0.0,0.0,0.0,0.0,0.0,0.0,0.0,0.0,0.0,0.0,0.0,0.0
b2374,0.0,0.0,0.0,0.0,0.0,0.0,0.0,0.0,0.0,0.0,0.0,0.0,0.0,0.0,0.0,0.0,0.0,0.0,0.0
b2378,0.0,0.0,0.0,0.0,0.0,0.0,0.0,0.0,0.0,0.0,0.0,0.0,0.0,0.0,0.0,0.0,0.0,0.0,0.0
b2379,0.0,0.0,0.0,0.0,0.0,0.0,0.0,0.0,0.0,0.0,0.0,0.0,0.0,0.0,0.0,0.0,0.0,0.0,0.0
b2388,8.99312118817637e-06,7.323671102563588e-06,0.0,1.2633387618143433e-06,0.0,0.0,0.0,9.424388881695276e-07,0.0,0.0,0.0,0.0,0.0,0.0,0.0,0.0,0.0,0.0,0.0
b2392,0.0,0.0,0.0,0.0,0.0,0.0,0.0,0.0,0.0,0.0,0.0,0.0,0.0,0.0,0.0,0.0,0.0,0.0,0.0
b2393,0.0,0.0,0.0,0.0,1.013208514723947e-05,0.0,0.0,7.082155799214979e-06,0.0,0.0,0.0,0.0,0.0,0.0,0.0,0.0,0.0,0.0,0.0
b2400,7.802303760461018e-07,4.436847532410507e-07,2.300504230356395e-08,9.112209174372839e-08,3.430303649511473e-07,2.4853957848234326e-07,2.7224499474090058e-08,5.630663391986478e-07,2.511980987462017e-07,3.0690435375220183e-07,8.27359782247333e-08,3.731675858838534e-08,1.1236974904364505e-07,2.4341919954677533e-07,2.34386323911799e-07,8.721715817683214e-08,4.559360911396827e-08,2.014065576810212e-07,6.204273661735732e-08
b2406,0.0,0.0,0.0,0.0,0.0,0.0,0.0,0.0,0.0,0.0,0.0,0.0,0.0,0.0,0.0,0.0,0.0,0.0,0.0
b2407,0.0,0.0,0.0,0.0,0.0,0.0,0.0,0.0,0.0,0.0,0.0,0.0,0.0,0.0,0.0,0.0,0.0,0.0,0.0
b2411,0.0,0.0,0.0,0.0,0.0,0.0,0.0,0.0,0.0,0.0,0.0,0.0,0.0,0.0,0.0,0.0,0.0,0.0,0.0
b2414,1.3398352936075338e-06,7.907882228023026e-07,0.0,1.6930668651514457e-07,6.17170810396609e-07,4.5316713581909575e-07,5.144231647308575e-08,9.980749095434154e-07,4.626608114111522e-07,5.558786616789517e-07,1.558413892479727e-07,7.115451797847265e-08,2.1158962143437446e-07,4.4416732765578416e-07,4.3175263475476656e-07,1.6426244319403705e-07,8.843013620107668e-08,3.7369234829467885e-07,1.1735417795031973e-07
b2415,1.110161494126108e-05,5.0337566390004006e-06,3.3790625898792816e-07,1.2514229054468912e-06,3.52612887108876e-06,2.7527633164213227e-06,3.870281258682531e-07,7.2912187451469885e-06,4.192974846239861e-06,5.664667346384312e-06,1.4563879062439865e-06,7.415709723364446e-07,2.344943430105808e-06,2.6392316036439264e-06,2.941535755396134e-06,1.5487755794205528e-06,6.653439900894847e-07,3.0630472911441424e-06,9.805729138695126e-07
b2416,2.220322988252216e-05,1.0067513278000801e-05,6.758125179758563e-07,2.5028458108937823e-06,7.05225774217752e-06,5.505526632842645e-06,7.740562517365062e-07,1.4582437490293977e-05,8.385949692479722e-06,1.1329334692768623e-05,2.912775812487973e-06,1.4831419446728893e-06,4.689886860211616e-06,5.278463207287853e-06,5.883071510792268e-06,3.0975511588411057e-06,1.3306879801789694e-06,6.126094582288285e-06,1.9611458277390253e-06
b2417,1.110161494126108e-05,0.0,3.3790625898792816e-07,1.2514229054468912e-06,3.52612887108876e-06,2.7527633164213227e-06,3.870281258682531e-07,0.0,4.192974846239861e-06,5.664667346384312e-06,1.4563879062439865e-06,7.415709723364446e-07,2.344943430105808e-06,2.6392316036439264e-06,2.941535755396134e-06,1.5487755794205528e-06,6.653439900894847e-07,3.0630472911441424e-06,9.805729138695126e-07
b2418,0.0,0.0,0.0,0.0,0.0,0.0,0.0,0.0,0.0,0.0,0.0,0.0,0.0,0.0,0.0,0.0,0.0,0.0,0.0
b2421,0.0,0.0,0.0,0.0,0.0,0.0,0.0,0.0,0.0,0.0,0.0,0.0,0.0,0.0,0.0,0.0,0.0,0.0,0.0
b2422,7.418675764382304e-12,0.0,1.2790437890140247e-14,0.0,0.0,4.142625213457396e-12,2.29790765355077e-13,0.0,2.636496725895867e-12,0.0,6.720925789260107e-15,6.926304127826951e-13,1.979353965406796e-12,0.0,0.0,0.0,0.0,1.1215902231490248e-12,2.7420921645808614e-12
b2423,3.709337882191152e-12,0.0,6.3952189450701234e-15,0.0,0.0,2.071312606728698e-12,1.148953826775385e-13,0.0,1.3182483629479335e-12,0.0,3.3604628946300535e-15,3.4631520639134756e-13,9.89676982703398e-13,0.0,0.0,0.0,0.0,5.607951115745124e-13,1.3710460822904307e-12
b2424,3.709337882191152e-12,0.0,6.3952189450701234e-15,0.0,0.0,2.071312606728698e-12,1.148953826775385e-13,0.0,1.3182483629479335e-12,0.0,3.3604628946300535e-15,3.4631520639134756e-13,9.89676982703398e-13,0.0,0.0,0.0,0.0,5.607951115745124e-13,1.3710460822904307e-12
b2425,3.709337882191152e-12,0.0,6.3952189450701234e-15,0.0,0.0,2.071312606728698e-12,1.148953826775385e-13,0.0,1.3182483629479335e-12,0.0,3.3604628946300535e-15,3.4631520639134756e-13,9.89676982703398e-13,0.0,0.0,0.0,0.0,5.607951115745124e-13,1.3710460822904307e-12
b2428,0.0,0.0,0.0,0.0,0.0,0.0,0.0,0.0,0.0,0.0,0.0,0.0,0.0,0.0,0.0,0.0,0.0,0.0,0.0
b2429,0.0,0.0,0.0,0.0,0.0,0.0,0.0,0.0,0.0,0.0,0.0,0.0,0.0,0.0,0.0,0.0,0.0,0.0,0.0
b2435,0.0,0.0,0.0,0.0,0.0,0.0,0.0,0.0,0.0,0.0,0.0,0.0,0.0,0.0,0.0,0.0,0.0,0.0,0.0
b2436,1.1560183482798517e-11,4.6767691248481005e-12,1.0781081954068205e-13,4.713932433512275e-13,3.0742766313748166e-12,2.643028671513712e-12,1.263241394828328e-13,8.029695689542617e-12,3.4546319284902107e-12,3.7988846039697115e-12,7.185263572905509e-13,3.5390797750796865e-13,1.373063729673167e-12,2.548611237509769e-12,3.0200728540700312e-12,8.637926805243071e-13,4.3451285019560733e-13,2.79854725997525e-12,3.873986459274696e-13
b2440,0.0,0.0,0.0,0.0,0.0,0.0,0.0,0.0,0.0,0.0,0.0,0.0,0.0,0.0,0.0,0.0,0.0,0.0,0.0
b2441,0.0,0.0,0.0,0.0,0.0,0.0,0.0,0.0,0.0,0.0,0.0,0.0,0.0,0.0,0.0,0.0,0.0,0.0,0.0
b2458,0.0,0.0,0.0,0.0,0.0,0.0,0.0,0.0,0.0,0.0,0.0,0.0,0.0,0.0,0.0,0.0,0.0,0.0,0.0
b2463,0.0,0.0,0.0,0.0,0.0,0.0,0.0,0.0,0.0,0.0,0.0,0.0,0.0,0.0,0.0,0.0,0.0,0.0,0.0
b2464,0.0,0.0,1.4327253372089066e-08,0.0,0.0,2.296707445948901e-07,1.7790992225641694e-08,0.0,2.4618711821831166e-07,0.0,6.52849979050367e-08,2.7254754128455527e-08,9.713059351006228e-08,2.2433262708112254e-07,2.2320587806536355e-07,6.938840635705421e-08,3.175534907282991e-08,1.8410900264687115e-07,0.0
b2465,1.1870036592190974e-06,7.013600093599889e-07,5.6558442217470605e-08,1.5394212870824433e-07,3.6292623500556604e-06,6.751151721709542e-07,6.791457446121923e-08,1.5724442185536157e-06,7.059019197155224e-07,5.01145000269127e-07,2.1856496253758068e-07,9.696461101942554e-08,3.0718995049257615e-07,6.620006023252421e-07,6.514249294619415e-07,2.314202488354422e-07,1.1883001853758248e-07,5.534183093701177e-07,1.769729724131608e-07
b2467,0.0,0.0,0.0,0.0,0.0,0.0,0.0,0.0,0.0,0.0,0.0,0.0,0.0,0.0,0.0,0.0,0.0,0.0,0.0
b2470,0.0,0.0,0.0,0.0,0.0,0.0,0.0,0.0,0.0,0.0,0.0,0.0,0.0,0.0,0.0,0.0,0.0,0.0,0.0
b2472,8.54783996818155e-06,4.786975433080913e-06,2.4256948014218655e-07,9.659258112579038e-07,3.6983366755637817e-06,2.675630064090977e-06,2.865877933837676e-07,6.1306452865706e-06,2.725970666008007e-06,3.3261671779180163e-06,8.857630994056448e-07,3.9699284675146017e-07,1.2108079291436527e-06,2.622656114484554e-06,2.536835102552399e-06,9.346072902448285e-07,4.908348067572087e-07,2.194490652400401e-06,6.599363718171337e-07
b2474,4.5294294991421915e-11,2.241472542052802e-11,6.873689517296573e-13,3.285637481739678e-12,1.6250144201055274e-11,1.0999848033044728e-11,8.253275743535513e-13,3.056353297528627e-11,1.1392020456742314e-11,1.4332445127701918e-11,2.9991672816073904e-12,1.2003208023884139e-12,4.338138763007269e-12,1.0773998119462319e-11,1.0445075787528336e-11,3.1994671992532913e-12,1.5392512714415767e-12,8.707174061058925e-12,2.123939197225691e-12
b2476,1.1730183032448485e-07,0.0,2.4078064444208887e-09,1.042175762852617e-08,4.556741527121145e-08,3.1990934346851605e-08,2.9367054303475006e-09,0.0,3.426329922924492e-08,4.1781955054378243e-08,9.988747056095779e-09,4.353526295205136e-09,1.4446597669471901e-08,3.133889323104481e-08,3.128752852070625e-08,1.0609024454824861e-08,5.224150487821462e-09,2.620724014306209e-08,0.0
b2477,3.0174152951421438e-06,9.913014164842979e-07,2.2614627479572563e-08,1.3706184596089433e-07,9.290782419911207e-07,5.452857961207941e-07,3.1863533499031036e-08,1.7278045525952873e-06,6.870346168286054e-07,9.033322900657699e-07,1.5320204084409526e-07,6.103940145334328e-08,2.928766459055343e-07,5.088296201760028e-07,5.805730787758429e-07,1.669752996738466e-07,7.272726837816995e-08,5.301267539294148e-07,7.944352311727414e-08
b2478,2.3789522705409997e-07,1.3322647730821378e-07,6.750959513704693e-09,2.6882714351459663e-08,1.02928534744541e-07,7.44655519966538e-08,7.976034697859335e-09,1.7062219904277504e-07,7.586658301357395e-08,9.257067270282977e-08,2.4651703171050015e-08,1.1048721521266811e-08,3.369803696545011e-08,7.29912321899561e-08,7.060274466613597e-08,2.601108751998669e-08,1.3660440325768317e-08,6.107494454320663e-08,1.8366711777372556e-08
b2480,0.0,0.0,0.0,0.0,0.0,0.0,0.0,0.0,0.0,0.0,0.0,0.0,0.0,0.0,0.0,0.0,0.0,0.0,0.0
b2481,0.0,0.0,0.0,0.0,0.0,0.0,0.0,0.0,0.0,0.0,0.0,0.0,0.0,0.0,0.0,0.0,0.0,0.0,0.0
b2482,0.0,0.0,0.0,0.0,0.0,0.0,0.0,0.0,0.0,0.0,0.0,0.0,0.0,0.0,0.0,0.0,0.0,0.0,0.0
b2483,0.0,0.0,0.0,0.0,0.0,0.0,0.0,0.0,0.0,0.0,0.0,0.0,0.0,0.0,0.0,0.0,0.0,0.0,0.0
b2484,0.0,0.0,0.0,0.0,0.0,0.0,0.0,0.0,0.0,0.0,0.0,0.0,0.0,0.0,0.0,0.0,0.0,0.0,0.0
b2485,0.0,0.0,0.0,0.0,0.0,0.0,0.0,0.0,0.0,0.0,0.0,0.0,0.0,0.0,0.0,0.0,0.0,0.0,0.0
b2486,0.0,0.0,0.0,0.0,0.0,0.0,0.0,0.0,0.0,0.0,0.0,0.0,0.0,0.0,0.0,0.0,0.0,0.0,0.0
b2487,0.0,0.0,0.0,0.0,0.0,0.0,0.0,0.0,0.0,0.0,0.0,0.0,0.0,0.0,0.0,0.0,0.0,0.0,0.0
b2488,0.0,0.0,0.0,0.0,0.0,0.0,0.0,0.0,0.0,0.0,0.0,0.0,0.0,0.0,0.0,0.0,0.0,0.0,0.0
b2489,0.0,0.0,0.0,0.0,0.0,0.0,0.0,0.0,0.0,0.0,0.0,0.0,0.0,0.0,0.0,0.0,0.0,0.0,0.0
b2490,0.0,0.0,0.0,0.0,0.0,0.0,0.0,0.0,0.0,0.0,0.0,0.0,0.0,0.0,0.0,0.0,0.0,0.0,0.0
b2492,0.0,3.1018393040176954e-07,0.0,0.0,0.0,0.0,0.0,4.5974704356609164e-07,0.0,0.0,1.464615252357814e-08,0.0,0.0,0.0,0.0,0.0,0.0,0.0,0.0
b2497,0.0,0.0,0.0,0.0,0.0,0.0,0.0,0.0,0.0,0.0,0.0,0.0,0.0,0.0,0.0,0.0,0.0,0.0,0.0
b2498,0.0,0.0,0.0,0.0,0.0,0.0,0.0,0.0,0.0,0.0,0.0,0.0,0.0,0.0,0.0,0.0,0.0,0.0,0.0
b2499,2.797589795752185e-05,9.642661383464438e-10,5.742138085897375e-07,2.485424268831437e-06,1.0867482364190967e-05,7.629436563899657e-06,7.003465156444603e-07,1.4831437724546795e-09,8.17135978306914e-06,9.964498404110158e-06,2.3821516760181895e-06,1.0382327374009025e-06,3.445293921510316e-06,7.473931910026839e-06,7.461668542323897e-06,2.5300799618171507e-06,1.2458645801981914e-06,6.250073745065113e-06,5.758156414449566e-11
b2500,6.617857703743123e-07,8.085223493295957e-11,8.229000677096157e-09,3.970984813913918e-08,2.3485135662985953e-07,6.397165398012777e-07,1.122353968820076e-08,1.243593277427504e-10,1.6668629401047263e-07,2.0559248689824643e-07,1.997397599024342e-07,8.705422067747455e-08,6.530789891095658e-08,1.336270049314677e-07,1.426465592034977e-07,4.358307557357503e-08,9.439128883586273e-08,5.240590856492049e-07,4.8281257288590705e-12
b2501,4.1133607532919176e-10,1.961732420724739e-10,5.717426098119633e-12,2.787933064700429e-11,1.42334553939194e-10,9.488851191161042e-11,6.90574885856069e-12,2.687415228572144e-10,9.767233034787803e-11,1.246205654604355e-10,2.5145134389174976e-11,9.981329352122247e-12,3.667752459136701e-11,9.256172954826963e-11,8.923899135601899e-11,2.677486119740591e-11,1.2647088357377436e-11,7.434221427535564e-11,1.786904413619704e-11
b2502,0.0,0.0,0.0,0.0,0.0,0.0,0.0,0.0,0.0,0.0,0.0,0.0,0.0,0.0,0.0,0.0,0.0,0.0,0.0
b2507,1.374079030707777e-05,7.027548617392594e-06,2.7767524158705294e-07,1.2073703637693815e-06,5.311816138130275e-06,3.7218954114358877e-06,3.388567548982122e-07,9.529886750081836e-06,3.984310594463977e-06,4.864995078541573e-06,1.1561922826249369e-06,5.024467600490855e-07,1.673460039751654e-06,3.6453627818617055e-06,3.637610463970475e-06,1.2280714247641423e-06,6.035728301140146e-07,3.044597346568329e-06,0.0
b2508,0.0,0.0,0.0,0.0,0.0,0.0,0.0,0.0,0.0,0.0,0.0,0.0,0.0,0.0,0.0,0.0,0.0,0.0,0.0
b2512,3.0174152951421438e-06,9.913014164842979e-07,2.2614627479572563e-08,1.3706184596089433e-07,9.290782419911207e-07,5.452857961207941e-07,3.1863533499031036e-08,1.7278045525952873e-06,6.870346168286054e-07,9.033322900657699e-07,1.5320204084409526e-07,6.103940145334328e-08,2.928766459055343e-07,5.088296201760028e-07,5.805730787758429e-07,1.669752996738466e-07,7.272726837816995e-08,5.301267539294148e-07,7.944352311727414e-08
b2514,5.482368418148275e-07,3.208396146818131e-07,1.7318133744661567e-08,6.782108485037948e-08,2.491078286418911e-07,1.8186920326052872e-07,2.0489041063048962e-08,4.0230931913697356e-07,1.8222049857933491e-07,2.2244690903814943e-07,6.15113576864751e-08,2.7880198939507285e-08,8.293942387798878e-08,1.7845673463483993e-07,1.714037739693096e-07,6.463602143266253e-08,3.436306143937191e-08,1.4872756537255078e-07,4.6899993311563154e-08
b2515,1.1180520430969097e-08,6.191571046692694e-09,3.073880754570712e-10,1.2390250868651983e-09,4.792651911195272e-09,3.450039363451391e-09,3.644565858145574e-10,7.953753543519817e-09,3.5368663155733137e-09,4.294545845196852e-09,1.1371840979988214e-09,5.065223539573121e-10,1.5657924646990958e-09,3.3831813662518416e-09,3.2861684000083677e-09,1.2007569743102471e-09,6.317223716555378e-10,2.8293346650738285e-09,8.466388426600532e-10
b2517,2.1446832858078248e-10,1.0257202615065108e-10,2.973412057001862e-12,1.451272627468029e-11,7.449192071851576e-11,4.952185172685261e-11,3.594390887213962e-12,1.4083882313697853e-10,5.1108300113607156e-11,6.497601945956295e-11,1.3135781125244061e-11,5.1957211198640855e-12,1.9127050781364377e-11,4.833721276124142e-11,4.666701899935246e-11,1.3990074865216577e-11,6.671340859174683e-12,3.885161094091224e-11,9.332041828013308e-12
b2518,0.0,0.0,5.021058186742295e-06,2.0478920478713453e-05,4.773523532058746e-05,0.0,1.95320066052893e-06,0.0,0.0,0.0,0.0,0.0,0.0,0.0,0.0,0.0,0.0,0.0,1.332319524714626e-05
b2519,2.4742444119433416e-08,1.3761651322258814e-08,6.919323850215379e-10,2.778900990045933e-09,1.0672796034285452e-08,7.69433897234969e-09,8.201396798268425e-10,1.7634735647287994e-08,7.881542323135954e-09,9.563616180876839e-09,2.54902562546566e-09,1.137665363275852e-09,3.5029076991715364e-09,7.546196320717867e-09,7.3266823915987845e-09,2.690159401644367e-09,1.4178066275744554e-09,6.311374218416165e-09,1.9003952655148158e-09
b2521,0.0,0.0,0.0,0.0,0.0,0.0,0.0,0.0,0.0,0.0,0.0,0.0,0.0,0.0,0.0,0.0,0.0,0.0,0.0
b2523,0.0,0.0,0.0,0.0,0.0,0.0,0.0,0.0,0.0,0.0,0.0,0.0,0.0,0.0,0.0,0.0,0.0,0.0,0.0
b2526,4.4002979717436847e-10,1.846767986767218e-10,2.9145809460853435e-12,2.0242830347891794e-11,1.338959381633335e-10,8.417962784823803e-11,3.639988654126564e-12,3.059551491210197e-10,1.2037582767904735e-10,1.4874520375251614e-10,2.6190024923369782e-11,9.516908207555431e-12,3.7644303944099995e-11,8.231732449047951e-11,1.0420528298776396e-10,2.5431941591359972e-11,9.91258989325502e-12,8.51803976870998e-11,8.759561198997571e-12
b2527,4.4002979717436847e-10,1.846767986767218e-10,2.9145809460853435e-12,2.0242830347891794e-11,1.338959381633335e-10,8.417962784823803e-11,3.639988654126564e-12,3.059551491210197e-10,1.2037582767904735e-10,1.4874520375251614e-10,2.6190024923369782e-11,9.516908207555431e-12,3.7644303944099995e-11,8.231732449047951e-11,1.0420528298776396e-10,2.5431941591359972e-11,9.91258989325502e-12,8.51803976870998e-11,8.759561198997571e-12
b2528,0.0,0.0,0.0,0.0,0.0,0.0,0.0,0.0,0.0,0.0,0.0,0.0,0.0,0.0,0.0,0.0,0.0,0.0,0.0
b2529,6.99190578699364e-09,2.9832881859575836e-09,4.600375384615523e-11,3.2601525394926166e-10,2.1419596452409448e-09,1.3463867744215199e-09,5.7176624767825337e-11,4.8555054974172734e-09,1.8580984201020685e-09,2.3478828023976587e-09,4.067108725236158e-10,1.463749954296735e-10,5.790287066131369e-10,1.3096612440172611e-09,1.6257905351467057e-09,3.955519830571748e-10,1.5909888515266908e-10,1.4065469878515176e-09,1.4381592128172944e-10
b2530,1.0984089594008247e-08,4.9630876877804076e-09,1.1183794354543936e-10,6.285145305642286e-10,3.594898005389487e-09,2.336109595410515e-09,1.3721913266064874e-10,7.40627744023097e-09,2.769951335043461e-09,3.4966621851953676e-09,6.536885860628893e-10,2.505113068282479e-10,9.491083890605206e-10,2.2598957262117633e-09,2.465175043100367e-09,6.663157695100286e-10,2.9515846398016885e-10,2.100266892854126e-09,3.6278016950360436e-10
b2532,7.885326735306221e-11,4.043725988519282e-11,1.596756959175539e-12,7.544480459742519e-12,2.9624736921925845e-11,2.0096467298344185e-11,1.90988676424335e-12,5.3105869477993236e-11,2.0378311470108626e-11,2.5528911582848785e-11,5.542685380248799e-12,2.7326221594951466e-12,7.921133223635295e-12,1.9704376572888655e-11,1.883224331694818e-11,5.9075905004221995e-12,3.541714992831857e-12,1.5818296900697274e-11,4.8932899869642875e-12
b2533,0.0,0.0,0.0,0.0,0.0,0.0,0.0,0.0,0.0,0.0,0.0,0.0,0.0,0.0,0.0,0.0,0.0,0.0,0.0
b2536,0.0,0.0,0.0,0.0,0.0,0.0,0.0,0.0,0.0,0.0,0.0,0.0,0.0,0.0,0.0,0.0,0.0,0.0,0.0
b2538,0.0,0.0,0.0,0.0,0.0,0.0,0.0,0.0,0.0,0.0,0.0,0.0,0.0,0.0,0.0,0.0,0.0,0.0,0.0
b2539,0.0,0.0,0.0,0.0,0.0,0.0,0.0,0.0,0.0,0.0,0.0,0.0,0.0,0.0,0.0,0.0,0.0,0.0,0.0
b2540,0.0,0.0,0.0,0.0,0.0,0.0,0.0,0.0,0.0,0.0,0.0,0.0,0.0,0.0,0.0,0.0,0.0,0.0,0.0
b2541,0.0,0.0,0.0,0.0,0.0,0.0,0.0,0.0,0.0,0.0,0.0,0.0,0.0,0.0,0.0,0.0,0.0,0.0,0.0
b2542,0.0,0.0,0.0,0.0,0.0,0.0,0.0,0.0,0.0,0.0,0.0,0.0,0.0,0.0,0.0,0.0,0.0,0.0,0.0
b2551,3.829526030076691e-06,1.1976740130919713e-06,9.639923384088751e-08,3.9615040825194286e-07,1.6057949571538904e-06,1.3195820919025765e-06,1.1617016877580677e-07,1.5589677600646711e-06,1.200097974424228e-06,1.454237631361843e-06,2.3071733607096904e-06,1.9089085849672916e-07,5.25341944446412e-07,1.1143880282193835e-06,1.1030271750256927e-06,3.9437067095559075e-07,2.2965095983690808e-07,1.0867091818014626e-06,1.7099455472009794e-07
b2552,0.0,0.0,0.0,0.0,0.0,0.0,0.0,0.0,0.0,0.0,0.0,0.0,0.0,0.0,0.0,0.0,0.0,0.0,0.0
b2557,2.4095194890135646e-06,8.305070516304596e-11,4.94561198628363e-08,2.1406562975421736e-07,9.359989299642446e-07,6.571112076124163e-07,6.031972882766234e-08,1.2774080854043875e-10,7.037861904894809e-07,8.582263611128357e-07,2.0517092598305286e-07,8.942133041440994e-08,2.967376726160477e-07,6.437178396959407e-07,6.426616153872144e-07,2.17911753396356e-07,1.073043300063982e-07,5.383088871489579e-07,4.9594083172848816e-12
b2558,0.0,0.0,0.0,0.0,0.0,0.0,0.0,0.0,0.0,0.0,0.0,0.0,0.0,0.0,0.0,0.0,0.0,0.0,0.0
b2559,1.8364206979701062e-10,8.724361908418812e-11,2.4547439471222576e-12,1.2087134054324896e-11,6.249892948932504e-11,4.141946493525831e-11,2.959431682527592e-12,1.1821952727492506e-10,4.163986829376146e-11,5.351796095780028e-11,1.0674199177068593e-11,4.208078664268138e-12,1.5367709178564878e-11,4.045186269351937e-11,3.828461727226551e-11,1.1404470021381035e-11,5.409940899940188e-12,3.187078541629734e-11,7.660157954508375e-12
b2563,0.0,0.0,0.0,0.0,0.0,0.0,0.0,0.0,0.0,0.0,0.0,0.0,0.0,0.0,0.0,0.0,0.0,0.0,0.0
b2564,6.754109211167505e-06,2.9180351774353786e-06,3.511039953623774e-08,2.81634207056878e-07,2.089877729098728e-06,2.223927359846576e-06,1.6606858587941052e-07,4.17529200205701e-06,1.4944629775626619e-06,1.7035366079541055e-06,2.965562511356694e-07,2.0211590786418403e-07,7.787082304268717e-07,1.240692645001557e-06,1.211191688349235e-06,5.05071246188219e-07,1.8638296410087674e-07,9.224841730075269e-07,9.141327146704603e-07
b2566,4.2893665716156497e-10,2.0514405230130216e-10,5.946824114003724e-12,2.902545254936058e-11,1.4898384143703152e-10,9.904370345370522e-11,7.188781774427924e-12,2.8167764627395705e-10,1.0221660022721431e-10,1.299520389191259e-10,2.6271562250488123e-11,1.0391442239728171e-11,3.8254101562728753e-11,9.667442552248285e-11,9.333403799870493e-11,2.7980149730433153e-11,1.3342681718349367e-11,7.770322188182448e-11,1.8664083656026615e-11
b2567,8.941029453155923e-09,4.2425178588675446e-09,1.2264761722418926e-10,5.942537913393857e-10,3.0734102710852136e-09,2.039233988569909e-09,1.4663415999665396e-10,5.831432221496973e-09,2.1033808866450488e-09,2.679322407656759e-09,5.37286957788927e-10,2.1189937533145993e-10,7.836510549101699e-10,1.989442167092258e-09,1.9186039187773833e-09,5.720327109323916e-10,2.721812187789362e-10,1.5976427561395247e-09,3.817833449408109e-10
b2573,5.10156692102475e-09,2.124275445539442e-09,1.3672756638704107e-10,4.0432406848723606e-10,1.706432722612905e-09,1.1426566677564537e-09,1.5547291841205193e-10,3.091670224628132e-09,1.2472422789518645e-09,1.5635597569246325e-09,3.931237070308178e-10,2.0618630251536577e-10,5.669308389802511e-10,1.1052196137363415e-09,1.123926385556159e-09,4.14523901110513e-10,2.387387452609105e-10,9.853529616171191e-10,2.8676918607257984e-10
b2574,7.745343811517376e-09,4.296152817708846e-09,2.1432294915389047e-10,8.628855420286968e-10,3.328473219694644e-09,2.396410588895637e-09,2.54093602225198e-10,5.512185413645373e-09,2.4550349031872037e-09,2.981138089158549e-09,7.913650031192226e-10,3.5264570439156845e-10,1.0883745736176876e-09,2.3501328150993252e-09,2.28161008978401e-09,8.352992060631512e-10,4.396676288662658e-10,1.9643797028310018e-09,5.896239700968416e-10
b2575,6.604410184081982e-11,3.126693458518451e-11,1.2299796822537461e-12,4.3788683485690734e-12,2.295587669898343e-11,1.5126347113027867e-11,1.0829121182523005e-12,4.374802284076505e-11,1.580641746964678e-11,1.9951669328403244e-11,4.001542937629205e-12,1.5746231783529833e-12,5.866468157640479e-12,1.4697086845920673e-11,1.433846941589242e-11,4.256859940831178e-12,1.9979416210055933e-12,1.1771939578711187e-11,2.824540840288972e-12
b2578,0.0,0.0,0.0,0.0,0.0,0.0,0.0,0.0,0.0,0.0,0.0,0.0,0.0,0.0,0.0,0.0,0.0,0.0,0.0
b2579,2.644787931957991e-06,0.0,3.5684414881477764e-08,0.0,0.0,2.1235411933632657e-06,3.7790672845924524e-07,0.0,1.502138905246914e-06,1.8854310365116036e-07,0.0,9.286516602791615e-07,1.583531063060087e-06,1.4733801384456696e-07,1.4460252327645083e-07,5.0143004819884697e-08,0.0,6.251686604736424e-07,2.8386903637456917e-06
b2582,0.0,0.0,0.0,0.0,0.0,0.0,0.0,0.0,0.0,0.0,0.0,0.0,0.0,0.0,0.0,0.0,0.0,0.0,0.0
b2585,1.7146208534259383e-07,8.698819568484323e-08,4.373744712713325e-09,1.756559423358815e-08,6.746336236794397e-08,4.8636362636922986e-08,5.184150454552573e-09,1.1147018620182407e-07,4.981968586825022e-08,6.045217222233017e-08,1.6112538729639278e-08,7.191248704611445e-09,2.214208260811121e-08,4.769994434905538e-08,4.631238407924429e-08,1.700465350950707e-08,8.962037874279667e-09,3.989456226549311e-08,1.2012508627345337e-08
b2587,0.0,0.0,0.0,0.0,0.0,0.0,0.0,0.0,0.0,0.0,0.0,0.0,0.0,0.0,0.0,0.0,0.0,0.0,0.0
b2594,6.434049857423469e-10,3.07716078451953e-10,8.920236171005582e-12,4.353817882404083e-11,2.2347576215554714e-10,1.4856555518055772e-10,1.0783172661641879e-11,4.2251646941093527e-10,1.5332490034082135e-10,1.9492805837868873e-10,3.940734337573215e-11,1.5587163359592245e-11,5.738115234409309e-11,1.4501163828372417e-10,1.4000105699805728e-10,4.1970224595649694e-11,2.0014022577524035e-11,1.1655483282273663e-10,2.7996125484039902e-11
b2595,3.0174152951421438e-06,9.913014164842979e-07,2.2614627479572563e-08,1.3706184596089433e-07,9.290782419911207e-07,5.452857961207941e-07,3.1863533499031036e-08,1.7278045525952873e-06,6.870346168286054e-07,9.033322900657699e-07,1.5320204084409526e-07,6.103940145334328e-08,2.928766459055343e-07,5.088296201760028e-07,5.805730787758429e-07,1.669752996738466e-07,7.272726837816995e-08,5.301267539294148e-07,7.944352311727414e-08
b2599,2.461295751841535e-05,1.3578059028625605e-05,7.613140542139677e-07,2.950325012244239e-06,1.0818936102492905e-05,8.337623502319128e-06,9.022966454803174e-07,1.7413536890888505e-05,8.130036516985216e-06,1.0354283843774703e-05,2.7489684308035004e-06,1.2506170247516508e-06,3.7529929903932724e-06,8.214751521689431e-06,7.584780899533252e-06,2.9096518028504212e-06,1.6071665077428966e-06,6.594056977144344e-06,2.079884583974044e-06
b2600,2.268585648563092e-06,2.2003904349932583e-06,1.2196392714481248e-07,4.752162521611316e-07,1.74679419451277e-06,7.776178818412957e-07,1.4495999899342765e-07,2.827004090346241e-06,1.3191311195366345e-06,9.57833887698073e-07,4.421755334510677e-07,2.0184902290345855e-07,6.067118891096186e-07,7.645118561468359e-07,1.2268859752427708e-06,4.670550298044044e-07,2.484766122510924e-07,1.055074145243955e-06,3.2947580756192107e-07
b2601,2.268585648563092e-06,1.3404787343049484e-06,7.612200761414947e-08,2.942391830752578e-07,1.065576798314507e-06,7.776178818412957e-07,9.00900802378242e-08,1.699894525564367e-06,7.996263855400347e-07,9.57833887698073e-07,2.72016494466045e-07,1.2448869402670877e-07,3.7030292561167007e-07,7.645118561468359e-07,7.468137783028131e-07,0.0,1.5623662307647305e-07,6.467741395087108e-07,2.0526596251048463e-07
b2606,6.768117179757674e-05,4.340299117405492e-05,5.611116301116423e-06,1.3665907236519881e-05,3.579283254236695e-05,2.8024457809149993e-05,6.23027753783754e-06,5.2645822067177326e-05,2.857668393449005e-05,3.298132007274999e-05,1.2915011694567702e-05,7.646532968856585e-06,1.604204259082175e-05,2.7621264434995126e-05,2.7063401352784352e-05,1.3389274104133668e-05,8.794894428433112e-06,2.4275772924361742e-05,1.0626266607080855e-05
b2607,1.3710897966882528e-10,6.643290917267116e-11,1.9383096261722016e-12,9.424478586946134e-12,4.793730035803427e-11,3.19701000913452e-11,2.3470168295289843e-12,9.131890403202851e-11,3.3137688420829867e-11,4.2121915941208926e-11,8.577885094012487e-12,3.3887733122656835e-12,1.2435724240391357e-11,3.139944164237522e-11,3.035741992772357e-11,9.112034928102094e-12,4.364067167822707e-12,2.5131866537181164e-11,6.061697171755534e-12
b2608,2.1446832858078248e-10,1.0257202615065108e-10,2.973412057001862e-12,1.451272627468029e-11,7.449192071851576e-11,4.952185172685261e-11,3.594390887213962e-12,1.4083882313697853e-10,5.1108300113607156e-11,6.497601945956295e-11,1.3135781125244061e-11,5.1957211198640855e-12,1.9127050781364377e-11,4.833721276124142e-11,4.666701899935246e-11,1.3990074865216577e-11,6.671340859174683e-12,3.885161094091224e-11,9.332041828013308e-12
b2609,6.768117179757674e-05,4.340299117405492e-05,5.611116301116423e-06,1.3665907236519881e-05,3.579283254236695e-05,2.8024457809149993e-05,6.23027753783754e-06,5.2645822067177326e-05,2.857668393449005e-05,3.298132007274999e-05,1.2915011694567702e-05,7.646532968856585e-06,1.604204259082175e-05,2.7621264434995126e-05,2.7063401352784352e-05,1.3389274104133668e-05,8.794894428433112e-06,2.4275772924361742e-05,1.0626266607080855e-05
b2610,3.916673004855152e-06,1.9149034566620764e-06,8.184111987635227e-08,3.4297927095226897e-07,1.6705679584850998e-06,1.1181111842088752e-06,1.0893448125429369e-07,3.3139152302264137e-06,1.6394906463070506e-06,1.7739540021911053e-06,4.6153909980075266e-07,1.959286468387282e-07,7.37182031336472e-07,1.117349314553659e-06,1.4120947454738418e-06,4.914433851221062e-07,2.8688923005171836e-07,1.146038680220329e-06,2.955095221747595e-07
b2614,2.273450538353143e-09,8.298595230888016e-10,1.3539530393207789e-11,8.453262848243888e-11,7.281711000011918e-10,4.1531574845189117e-10,3.416124461201064e-11,1.9402956498353917e-09,7.187365952303865e-10,8.87818087322188e-10,1.6586482185448258e-10,6.169095513111367e-11,2.8924702051902086e-10,4.4514886462836514e-10,5.772860194534452e-10,1.863714266465563e-10,6.990955366002291e-11,4.0958514189585996e-10,7.845413304094753e-11
b2615,3.72810170003678e-09,2.0735436388021204e-09,1.0425589505866652e-10,4.18708393163687e-10,1.6081255745528069e-09,1.159343390944978e-09,1.2357338158131164e-10,2.6571285429742884e-09,1.1875504198226836e-09,1.4409985556954376e-09,3.8407201100059795e-10,1.7141623770427665e-10,5.277979438188005e-10,1.1370218795889173e-09,1.103946460442485e-09,4.053372891315125e-10,2.1362627494201104e-10,9.5096425809596e-10,2.86339966540913e-10
b2617,3.0174152951421438e-06,9.913014164842979e-07,2.2614627479572563e-08,1.3706184596089433e-07,9.290782419911207e-07,5.452857961207941e-07,3.1863533499031036e-08,1.7278045525952873e-06,6.870346168286054e-07,9.033322900657699e-07,1.5320204084409526e-07,6.103940145334328e-08,2.928766459055343e-07,5.088296201760028e-07,5.805730787758429e-07,1.669752996738466e-07,7.272726837816995e-08,5.301267539294148e-07,7.944352311727414e-08
b2661,0.0,0.0,0.0,0.0,0.0,0.0,0.0,0.0,0.0,0.0,0.0,1.2428236047309217e-06,0.0,0.0,0.0,0.0,0.0,0.0,0.0
b2662,0.0,0.0,0.0,0.0,0.0,8.199298320793457e-06,0.0,0.0,0.0,0.0,0.0,1.1453967777699315e-06,0.0,0.0,0.0,0.0,3.006512478991319e-06,0.0,0.0
b2663,0.0,0.0,0.0,0.0,0.0,0.0,0.0,0.0,0.0,0.0,0.0,0.0,0.0,0.0,0.0,0.0,2.3276817832495413e-06,0.0,0.0
b2675,0.0,0.0,0.0,0.0,0.0,0.0,0.0,0.0,0.0,0.0,0.0,0.0,0.0,0.0,0.0,0.0,0.0,0.0,0.0
b2676,0.0,0.0,0.0,0.0,0.0,0.0,0.0,0.0,0.0,0.0,0.0,0.0,0.0,0.0,0.0,0.0,0.0,0.0,0.0
b2677,0.0,0.0,0.0,0.0,0.0,0.0,0.0,0.0,0.0,0.0,0.0,0.0,0.0,0.0,0.0,0.0,0.0,0.0,0.0
b2678,0.0,0.0,0.0,0.0,0.0,0.0,0.0,0.0,0.0,0.0,0.0,0.0,0.0,0.0,0.0,0.0,0.0,0.0,0.0
b2679,0.0,0.0,0.0,0.0,0.0,0.0,0.0,0.0,0.0,0.0,0.0,0.0,0.0,0.0,0.0,0.0,0.0,0.0,0.0
b2682,0.0,0.0,0.0,0.0,0.0,0.0,0.0,0.0,0.0,0.0,0.0,0.0,0.0,0.0,0.0,0.0,0.0,0.0,0.0
b2683,0.0,0.0,0.0,0.0,0.0,0.0,0.0,0.0,0.0,0.0,0.0,0.0,0.0,0.0,0.0,0.0,0.0,0.0,0.0
b2687,6.868628554339721e-05,3.285706946083305e-05,9.577659767180432e-07,4.656509945237399e-06,2.3853772944973394e-05,1.5859615980999703e-05,1.1530338744871814e-06,4.5106955402421434e-05,1.6364284172658144e-05,2.080625304639077e-05,4.205917199517491e-06,1.6665804362215398e-06,6.1232671368149004e-06,1.548255080385033e-05,1.4944610334312264e-05,4.479410501893239e-06,2.1400541502216304e-06,1.243895870380231e-05,2.9934418921176566e-06
b2688,0.0,0.0,0.0,0.0,0.0,0.0,0.0,0.0,0.0,0.0,0.0,0.0,0.0,0.0,0.0,0.0,0.0,0.0,0.0
b2690,1.0592605282895755e-06,5.891565917816293e-07,2.962264601510855e-08,1.1896885031129599e-07,4.569181407880645e-07,3.294060006904782e-07,3.5111389413719655e-08,7.549690446030619e-07,3.374204522658458e-07,4.0943251520401175e-07,1.0912754688344228e-07,4.870513227809309e-08,1.4996464545148705e-07,3.230637952611249e-07,3.136660801686627e-07,1.1516969201643424e-07,6.069839301596733e-08,2.7019923967745046e-07,8.135872443285238e-08
b2697,5.592663454594494e-06,3.1741272579431724e-06,1.6578279798885088e-07,6.54959427057631e-07,2.481655644316113e-06,1.7942966095754975e-06,1.9657539290244676e-07,4.07163264030395e-06,1.853498378204542e-06,2.235662573416887e-06,6.061105844614966e-07,2.731133035009697e-07,8.3455098710747e-07,1.7582230471829075e-06,1.7181469517300497e-06,6.386836183469876e-07,3.40163296731408e-07,1.4828256127935267e-06,4.5330972196480925e-07
b2701,0.0,0.0,0.0,0.0,0.0,0.0,0.0,0.0,0.0,0.0,0.0,0.0,0.0,0.0,0.0,0.0,0.0,0.0,0.0
b2702,0.0,0.0,0.0,0.0,0.0,0.0,0.0,0.0,0.0,0.0,0.0,0.0,0.0,0.0,0.0,0.0,0.0,0.0,0.0
b2703,0.0,0.0,0.0,0.0,0.0,0.0,0.0,0.0,0.0,0.0,0.0,0.0,0.0,0.0,0.0,0.0,0.0,0.0,0.0
b2704,0.0,0.0,0.0,0.0,0.0,0.0,0.0,0.0,0.0,0.0,0.0,0.0,0.0,0.0,0.0,0.0,0.0,0.0,0.0
b2705,0.0,0.0,0.0,0.0,0.0,0.0,0.0,0.0,0.0,0.0,0.0,0.0,0.0,0.0,0.0,0.0,0.0,0.0,0.0
b2708,0.0,0.0,0.0,0.0,0.0,0.0,0.0,0.0,0.0,0.0,0.0,0.0,0.0,0.0,0.0,0.0,0.0,0.0,0.0
b2710,0.0,0.0,0.0,0.0,0.0,0.0,0.0,0.0,0.0,0.0,0.0,0.0,0.0,0.0,0.0,0.0,0.0,0.0,0.0
b2711,0.0,0.0,0.0,0.0,0.0,0.0,0.0,0.0,0.0,0.0,0.0,0.0,0.0,0.0,0.0,0.0,0.0,0.0,0.0
b2715,0.0,0.0,0.0,0.0,0.0,0.0,0.0,0.0,0.0,0.0,0.0,0.0,0.0,0.0,0.0,0.0,0.0,0.0,0.0
b2719,0.0,0.0,0.0,0.0,0.0,0.0,0.0,0.0,0.0,0.0,0.0,0.0,0.0,0.0,0.0,0.0,0.0,0.0,0.0
b2720,0.0,0.0,0.0,0.0,0.0,0.0,0.0,0.0,0.0,0.0,0.0,0.0,0.0,0.0,0.0,0.0,0.0,0.0,0.0
b2721,0.0,0.0,0.0,0.0,0.0,0.0,0.0,0.0,0.0,0.0,0.0,0.0,0.0,0.0,0.0,0.0,0.0,0.0,0.0
b2722,0.0,0.0,0.0,0.0,0.0,0.0,0.0,0.0,0.0,0.0,0.0,0.0,0.0,0.0,0.0,0.0,0.0,0.0,0.0
b2723,0.0,0.0,0.0,0.0,0.0,0.0,0.0,0.0,0.0,0.0,0.0,0.0,0.0,0.0,0.0,0.0,0.0,0.0,0.0
b2724,0.0,0.0,0.0,0.0,0.0,0.0,0.0,0.0,0.0,0.0,0.0,0.0,0.0,0.0,0.0,0.0,0.0,0.0,0.0
b2738,0.0,0.0,0.0,0.0,0.0,0.0,0.0,0.0,0.0,0.0,0.0,0.0,0.0,0.0,0.0,0.0,0.0,0.0,0.0
b2741,1.219750044931497e-08,5.737359193408863e-09,2.539462066750948e-09,1.344184317000746e-09,6.6895503806843935e-09,3.5516978974922504e-09,5.958977675999009e-09,2.8506965611944303e-08,3.019166887849428e-08,2.395717657740745e-08,1.5983969172657045e-08,1.1469989294259998e-08,2.5261264748687855e-08,7.649009817929394e-09,2.4133001303463684e-08,1.7609580819606148e-08,6.316434986485292e-09,1.777775513826029e-08,1.4849976241594995e-08
b2744,6.0278250242402146e-05,3.242046563959695e-05,1.6912056452456743e-06,6.611994931097176e-06,2.5134395089855153e-05,1.8826389640783016e-05,2.056682620844707e-06,4.1633163949800993e-05,1.8943363986496777e-05,2.3516454825476804e-05,6.314376176502795e-06,2.857837145380197e-06,8.688209788506513e-06,1.8468449663967204e-05,1.8023214803204127e-05,6.449608466920109e-06,3.5233860279366866e-06,1.5496450881167863e-05,4.51718948426046e-06
b2745,1.0276631404701837e-10,4.8717388489641756e-11,1.3787353110062394e-12,6.7799510940311235e-12,3.503363460609325e-11,2.3259802008113108e-11,1.666429391131419e-12,6.660361938534096e-11,2.3654604451493495e-11,3.041652632732946e-11,6.054992050743612e-12,2.3882988075103726e-12,8.759303204997548e-12,2.2667421678197476e-11,2.166279435640748e-11,6.448848227729257e-12,3.0160791153222588e-12,1.7935724375091445e-11,4.306161904029564e-12
b2746,2.4104554366826006e-05,1.3348668501841258e-05,6.627108838373416e-07,2.6712663111349256e-06,1.0332679884443055e-05,7.438085008427073e-06,7.857472862158457e-07,1.7147831882588897e-05,7.625278887357025e-06,9.258792061202967e-06,2.4517030387400882e-06,1.0920328525278166e-06,3.3757578482627402e-06,7.293943039517495e-06,7.084788704212535e-06,2.5887624773203943e-06,1.3619568379064536e-06,6.09988163585925e-06,1.8253042993810799e-06
b2747,7.5737448723912e-05,4.1942036380564095e-05,2.0822634104568248e-06,8.393222798838866e-06,3.246568266806953e-05,2.3370752819440014e-05,2.4688485791559452e-06,5.3879155705165263e-05,2.3958923278479877e-05,2.909148529813951e-05,7.70334644470289e-06,3.4312097587242592e-06,1.060676264934445e-05,2.2917853138611342e-05,2.2260682070253224e-05,8.13399253936334e-06,4.2793214346697704e-06,1.91660656980922e-05,5.735177206601645e-06
b2750,2.172497047284603e-05,1.2822360235337071e-05,0.0,2.7452499444863357e-06,1.0007213346699822e-05,7.347949924819552e-06,8.341195457118274e-07,1.6183442877621814e-05,7.501886623531881e-06,9.013382144117364e-06,2.5269147603535516e-06,1.1537461428783026e-06,3.430853254839657e-06,7.202021117344433e-06,7.0007211232400375e-06,2.663459266384515e-06,1.4338643764976735e-06,6.0592934604456394e-06,1.9028578087170632e-06
b2751,1.8435045958590283e-06,1.08806039820165e-06,0.0,2.3295225628812155e-07,8.49176933033877e-07,6.23521190672177e-07,7.07804513675896e-08,1.3732700515753337e-06,6.365837175880245e-07,7.648439121094601e-07,2.14425100364499e-07,9.790284039783753e-08,2.911301421983589e-07,6.111381852460083e-07,5.940565756419039e-07,2.2601178697113933e-07,1.2167268863338147e-07,5.141703348205631e-07,1.614698220198132e-07
b2752,1.8435045958590283e-06,1.08806039820165e-06,0.0,2.3295225628812155e-07,8.49176933033877e-07,6.23521190672177e-07,7.07804513675896e-08,1.3732700515753337e-06,6.365837175880245e-07,7.648439121094601e-07,2.14425100364499e-07,9.790284039783753e-08,2.911301421983589e-07,6.111381852460083e-07,5.940565756419039e-07,2.2601178697113933e-07,1.2167268863338147e-07,5.141703348205631e-07,1.614698220198132e-07
b2762,1.5678785528189207e-06,9.253823214457745e-07,0.0,1.9812310057991962e-07,7.222147988364312e-07,5.302972958564732e-07,6.019792514071528e-08,1.1679497116144685e-06,5.414068183621299e-07,6.50490575800139e-07,1.8236597663098584e-07,8.326519177908321e-08,2.476026949199071e-07,5.197656982294636e-07,5.052379940913455e-07,1.922203146508596e-07,1.0348116267277329e-07,4.3729570421018404e-07,1.373281473998087e-07
b2763,1.0166601217280236e-05,6.000460315466015e-06,0.0,1.2846904193604187e-06,4.683060330015413e-06,3.4386088921757827e-06,3.903416485371258e-07,7.573341020880161e-06,3.5106464137212765e-06,4.217978661592678e-06,1.1825164370503442e-06,5.399168185420465e-07,1.6055311523004954e-06,3.3703188112494528e-06,3.2761167607721816e-06,1.2464149607773345e-06,9.228960991385909e-07,2.835558296745281e-06,8.904774595019173e-07
b2764,2.033320243456047e-05,1.200092063093203e-05,0.0,2.5693808387208374e-06,9.366120660030825e-06,6.877217784351565e-06,7.806832970742516e-07,1.5146682041760323e-05,7.021292827442553e-06,8.435957323185356e-06,2.3650328741006883e-06,1.079833637084093e-06,3.2110623046009907e-06,6.7406376224989056e-06,6.552233521544363e-06,2.492829921554669e-06,1.8457921982771818e-06,5.671116593490562e-06,1.7809549190038345e-06
b2765,1.0938654209245763e-09,5.216832144907583e-10,1.5204342824586063e-11,7.413946303852558e-11,3.7851007021984607e-10,2.523368803478596e-10,1.8364447795937852e-11,7.14663936988403e-10,2.597398846263645e-10,3.31403286677792e-10,6.686841894625311e-11,2.6543334484844744e-11,9.753648727138498e-11,2.461492714267632e-10,2.373131186327745e-10,7.120234905352828e-11,3.3632383491872124e-11,1.976981412235636e-10,4.751912282412405e-11
b2779,2.5689427545242642e-05,1.1239045693235718e-05,9.07496290216999e-07,2.250829316525705e-06,8.974308966139688e-06,6.530855444144973e-06,9.661003904655728e-07,1.5784667300651012e-05,1.11983999622722e-05,1.280073791817489e-05,4.253008367473776e-06,2.0584765429238314e-06,6.554064358208572e-06,6.273658765035798e-06,7.303628469995694e-06,4.220859119224678e-06,1.7271823846055479e-06,8.742755999511985e-06,2.5785643328571266e-06
b2780,2.0259631889124427e-05,1.0182339845842596e-05,3.8057395190015834e-07,1.6829776774984739e-06,0.0,5.291615419226674e-06,4.6501921667843954e-07,1.3881920733786422e-05,5.64687526199461e-06,6.941322579647491e-06,1.6026074899412894e-06,6.881623551636327e-07,2.32718129278302e-06,5.179222889012072e-06,5.1489515828495445e-06,1.702689682555411e-06,8.312356511921517e-07,4.297242828837946e-06,1.1535049105410203e-06
b2781,0.0,0.0,0.0,0.0,0.0,0.0,0.0,0.0,0.0,0.0,0.0,0.0,0.0,0.0,0.0,0.0,0.0,0.0,0.0
b2784,0.0,0.0,0.0,0.0,0.0,0.0,0.0,0.0,0.0,0.0,0.0,0.0,0.0,0.0,0.0,0.0,0.0,0.0,0.0
b2785,2.1446832858078248e-10,1.0257202615065108e-10,2.973412057001862e-12,1.451272627468029e-11,7.449192071851576e-11,4.952185172685261e-11,3.594390887213962e-12,1.4083882313697853e-10,5.1108300113607156e-11,6.497601945956295e-11,1.3135781125244061e-11,5.1957211198640855e-12,1.9127050781364377e-11,4.833721276124142e-11,4.666701899935246e-11,1.3990074865216577e-11,6.671340859174683e-12,3.885161094091224e-11,9.332041828013308e-12
b2787,0.0,0.0,0.0,0.0,0.0,0.0,0.0,0.0,0.0,0.0,0.0,0.0,0.0,0.0,0.0,0.0,0.0,0.0,0.0
b2788,0.0,0.0,0.0,0.0,0.0,0.0,0.0,0.0,0.0,0.0,0.0,0.0,0.0,0.0,0.0,0.0,0.0,0.0,0.0
b2789,0.0,0.0,0.0,0.0,0.0,0.0,0.0,0.0,0.0,0.0,0.0,0.0,0.0,0.0,0.0,0.0,0.0,0.0,0.0
b2791,2.333629522041892e-10,1.1158285696894449e-10,3.2298659814681064e-12,1.5758025855273973e-11,8.066237691461125e-11,5.3734091439228325e-11,3.897724522988247e-12,1.5294551598209288e-10,5.532534496588271e-11,7.051173530277276e-11,1.4238809196498375e-11,5.628983352262493e-12,2.0687461528324493e-11,5.2514976183743036e-11,5.060736190589677e-11,1.5145481722830114e-11,7.190751290739607e-12,4.211651820369544e-11,1.0095992771279394e-11
b2794,3.286030872372772e-06,1.56716458498737e-06,4.567466798017944e-08,2.2271895586553458e-07,1.1370647178837566e-06,7.580336330226444e-07,5.5167794188542e-08,2.1468891102987776e-06,7.802726581733923e-07,9.95553392947154e-07,2.008763462496315e-07,7.973761205395189e-08,2.9300488179401415e-07,7.394457212448813e-07,7.129014404598577e-07,2.1389570663783602e-07,1.0103349859286985e-07,5.938959062461634e-07,1.4275001443611043e-07
b2796,0.0,0.0,0.0,0.0,0.0,0.0,0.0,0.0,0.0,0.0,0.0,0.0,0.0,0.0,0.0,0.0,0.0,1.0449641844222222e-05,0.0
b2797,0.0,0.0,0.0,0.0,0.0,0.0,0.0,0.0,0.0,0.0,0.0,0.0,0.0,0.0,0.0,0.0,0.0,9.164111359724633e-06,0.0
b2799,0.0,0.0,0.0,0.0,0.0,0.0,0.0,0.0,0.0,0.0,0.0,0.0,0.0,0.0,0.0,0.0,0.0,0.0,0.0
b2800,0.0,0.0,0.0,0.0,0.0,0.0,0.0,0.0,0.0,0.0,0.0,0.0,0.0,0.0,0.0,0.0,0.0,0.0,0.0
b2801,0.0,0.0,0.0,0.0,0.0,0.0,0.0,0.0,0.0,0.0,0.0,0.0,0.0,0.0,0.0,0.0,0.0,0.0,0.0
b2802,0.0,0.0,0.0,0.0,0.0,0.0,0.0,0.0,0.0,0.0,0.0,0.0,0.0,0.0,0.0,0.0,0.0,0.0,0.0
b2803,0.0,0.0,0.0,0.0,0.0,0.0,0.0,0.0,0.0,0.0,0.0,0.0,0.0,0.0,0.0,0.0,0.0,0.0,0.0
b2806,2.1446832858078248e-10,1.0257202615065108e-10,2.973412057001862e-12,1.451272627468029e-11,7.449192071851576e-11,4.952185172685261e-11,3.594390887213962e-12,1.4083882313697853e-10,5.1108300113607156e-11,6.497601945956295e-11,1.3135781125244061e-11,5.1957211198640855e-12,1.9127050781364377e-11,4.833721276124142e-11,4.666701899935246e-11,1.3990074865216577e-11,6.671340859174683e-12,3.885161094091224e-11,9.332041828013308e-12
b2810,0.0,0.0,0.0,0.0,0.0,0.0,0.0,0.0,0.0,0.0,0.0,0.0,0.0,0.0,0.0,0.0,0.0,0.0,0.0
b2811,0.0,0.0,0.0,0.0,0.0,0.0,0.0,0.0,0.0,0.0,0.0,0.0,0.0,0.0,0.0,0.0,0.0,0.0,0.0
b2813,0.0,0.0,0.0,0.0,0.0,0.0,0.0,0.0,0.0,0.0,0.0,0.0,0.0,0.0,0.0,0.0,0.0,0.0,0.0
b2817,0.0,0.0,0.0,0.0,0.0,0.0,0.0,0.0,0.0,0.0,0.0,0.0,0.0,0.0,0.0,0.0,0.0,0.0,0.0
b2818,9.100743020613172e-06,5.2014320881278895e-06,2.692192010888022e-07,1.066411438163766e-06,4.00672763445381e-06,2.9008444940269997e-06,3.176716365745403e-07,6.526698710323447e-06,2.892770510099674e-06,3.5326715193914345e-06,9.565046845600628e-07,0.0,1.2912985460657228e-06,2.8470542280046525e-06,2.710750991978003e-06,0.0,5.380949145775577e-07,2.3456734200993946e-06,7.246158439504386e-07
b2827,8.860105367767005e-07,6.54830754008988e-07,4.6777345124332985e-08,1.837783741402789e-07,5.632790701637055e-07,4.48713513151858e-07,5.540983514351591e-08,7.460684999654313e-07,4.568636674788178e-07,5.241813061524263e-07,1.691809775496323e-07,7.670997291008852e-08,2.286748970997155e-07,4.4216555610199713e-07,4.323013531189145e-07,1.7816145656662999e-07,9.538471731743879e-08,3.8411011046703395e-07,1.2722349096575698e-07
b2828,8.491944676245887e-09,4.711008051967541e-09,2.3641370115925057e-10,9.498979946807003e-10,3.6539968230925594e-09,2.63249432681564e-09,2.802361692766661e-10,6.04349413540407e-09,2.6975141092415478e-09,3.2744136817405786e-09,8.714072430135064e-10,3.887993280837966e-10,1.1980558468467704e-09,2.5815882164074693e-09,2.5070331936957124e-09,9.196970145706401e-10,4.845548262146296e-10,2.1595414048019636e-09,6.494750047757755e-10
b2835,1.600679488562081e-08,8.879961241773996e-09,4.4562532692800193e-10,1.790499460700471e-09,6.887559904100711e-09,4.962090349548371e-09,5.282279916037718e-10,1.139161578483465e-08,5.084648651619093e-09,6.172068963296938e-09,1.642549207813238e-09,7.328628875448318e-10,2.2582617919824656e-09,4.866135453609439e-09,4.725603808416541e-09,1.733572465483616e-09,9.133561286322529e-10,4.070603098765353e-09,1.2242205503132526e-09
b2836,1.061239981028224e-06,5.499911541556905e-07,2.7651752490859916e-08,1.1105502285188298e-07,4.265448237312693e-07,3.0750236144912795e-07,3.277536903511212e-08,7.048045327496211e-07,3.149876988646949e-07,3.8221637058316853e-07,1.0186929260945497e-07,4.5464950381287356e-08,1.3999148723572519e-07,3.015814228377876e-07,2.9281059350989e-07,1.0750911436151299e-07,5.666041849583344e-08,2.5223367856614886e-07,7.594621201727891e-08
b2838,2.2198693612696975e-05,1.243942600085832e-05,6.307793429724999e-07,2.509887141197568e-06,9.607184035530347e-06,6.952692364769254e-06,7.45030378538508e-07,1.5930249792325355e-05,7.080061656042049e-06,8.643249504229797e-06,2.3015296344540313e-06,1.0319180527372525e-06,3.1446138857601085e-06,6.814697964735538e-06,6.589477099763496e-06,2.4283979957428944e-06,1.2749350697199862e-06,5.702386462820054e-06,1.7146497433893044e-06
b2841,0.0,0.0,0.0,0.0,0.0,0.0,0.0,0.0,0.0,0.0,0.0,0.0,0.0,0.0,0.0,0.0,0.0,0.0,0.0
b2866,3.370715442391577e-07,4.337860815925831e-06,6.81157490850569e-09,2.9617670009468956e-08,1.3030269936306343e-07,9.130079171524244e-08,8.312401768519595e-09,5.573653610080692e-06,9.773802632827036e-08,1.1934185495831604e-07,2.8362234590032482e-08,1.2325383149211626e-08,4.1051187538395176e-08,8.94233908482803e-08,8.923322087227215e-08,3.012548203781341e-08,1.4806078934378007e-08,7.468617934338297e-08,2.900507102341481e-07
b2867,3.370715442391577e-07,4.337860815925831e-06,6.81157490850569e-09,2.9617670009468956e-08,1.3030269936306343e-07,9.130079171524244e-08,8.312401768519595e-09,5.573653610080692e-06,9.773802632827036e-08,1.1934185495831604e-07,2.8362234590032482e-08,1.2325383149211626e-08,4.1051187538395176e-08,8.94233908482803e-08,8.923322087227215e-08,3.012548203781341e-08,1.4806078934378007e-08,7.468617934338297e-08,2.900507102341481e-07
b2868,3.370715442391577e-07,4.337860815925831e-06,6.81157490850569e-09,2.9617670009468956e-08,1.3030269936306343e-07,9.130079171524244e-08,8.312401768519595e-09,5.573653610080692e-06,9.773802632827036e-08,1.1934185495831604e-07,2.8362234590032482e-08,1.2325383149211626e-08,4.1051187538395176e-08,8.94233908482803e-08,8.923322087227215e-08,3.012548203781341e-08,1.4806078934378007e-08,7.468617934338297e-08,2.900507102341481e-07
b2871,0.0,0.0,0.0,0.0,0.0,0.0,0.0,0.0,0.0,0.0,0.0,0.0,0.0,0.0,0.0,0.0,0.0,0.0,0.0
b2874,3.814324786398519e-06,0.0,9.032111198576162e-08,1.924130378937325e-07,7.229354530231827e-07,1.0967819649412144e-06,1.0825345461424409e-07,0.0,1.1335382741852319e-06,1.3880735329857596e-06,3.4740514586674163e-07,1.5312213941093548e-07,4.863091378042789e-07,1.0749116121776123e-06,1.0471729073051961e-06,1.8567395334045985e-07,1.8800028168020777e-07,8.895260352362156e-07,0.0
b2877,0.0,0.0,0.0,0.0,0.0,0.0,0.0,0.0,0.0,0.0,0.0,0.0,0.0,0.0,0.0,0.0,0.0,0.0,0.0
b2882,0.0,0.0,0.0,0.0,0.0,0.0,0.0,0.0,0.0,0.0,0.0,0.0,0.0,0.0,0.0,0.0,0.0,0.0,0.0
b2883,0.0,0.0,0.0,0.0,0.0,0.0,0.0,0.0,0.0,0.0,0.0,0.0,0.0,0.0,0.0,0.0,0.0,0.0,5.910407804332101e-07
b2889,0.0,0.0,0.0,0.0,0.0,0.0,0.0,0.0,0.0,0.0,0.0,0.0,0.0,0.0,0.0,0.0,0.0,0.0,0.0
b2890,2.0191219390604518e-09,8.094542829577919e-07,4.104592723039864e-08,1.633226996961374e-07,6.251556074998395e-07,4.52423494655702e-07,4.848043982245405e-08,1.0366082112432905e-06,6.443132542547517e-10,7.84115332196672e-10,1.4976455860153128e-07,6.714873368021812e-08,2.0462552130433643e-07,4.4344401269919076e-07,6.000055572593794e-10,2.2220088466998707e-10,8.29622627072998e-08,3.710641136762415e-07,1.1157524458468572e-07
b2891,2.0191219390604518e-09,1.1437145892186176e-09,5.85569676210465e-11,2.334067076652964e-10,8.888455254829902e-10,6.377422306326953e-10,6.894520857514086e-11,1.4467618115612816e-09,6.443132542547517e-10,7.84115332196672e-10,2.1060871836532303e-10,9.467302604748067e-11,2.865791486504217e-10,6.243968414894614e-10,6.000055572593794e-10,2.2220088466998707e-10,1.1721207848468645e-10,5.180993175068104e-10,5.382123245706432e-12
b2893,0.0,0.0,0.0,0.0,0.0,0.0,0.0,0.0,0.0,0.0,0.0,0.0,0.0,0.0,0.0,0.0,0.0,0.0,0.0
b2895,9.806470350088289e-07,7.204814633479344e-07,5.118584617412036e-08,2.011639200127265e-07,4.688804171626848e-07,4.920327382435663e-07,6.063182823437185e-08,8.227410788100197e-07,5.010246099151026e-07,5.753530451341565e-07,4.735052459009768e-08,8.394213055317332e-08,2.50350473634855e-07,1.2461046490438366e-07,1.217856585366881e-07,1.0905239343780376e-07,1.043845875128614e-07,4.209429167610693e-07,1.3922592212940635e-07
b2901,0.0,0.0,0.0,0.0,0.0,0.0,0.0,0.0,0.0,0.0,0.0,0.0,0.0,0.0,0.0,0.0,0.0,0.0,0.0
b2903,0.0,0.0,0.0,0.0,0.0,6.298969285199185e-08,0.0,0.0,0.0,0.0,9.848186295345536e-07,8.892281212804943e-09,0.0,0.0,0.0,0.0,9.103298274883188e-09,5.1178574810745144e-08,0.0
b2904,0.0,0.0,0.0,0.0,0.0,3.1494846425995927e-08,0.0,0.0,0.0,0.0,4.924093147672768e-07,4.446140606402471e-09,0.0,0.0,0.0,0.0,4.551649137441594e-09,2.5589287405372572e-08,0.0
b2905,0.0,0.0,0.0,0.0,0.0,3.1494846425995927e-08,0.0,0.0,0.0,0.0,4.924093147672768e-07,4.446140606402471e-09,0.0,0.0,0.0,0.0,4.551649137441594e-09,2.5589287405372572e-08,0.0
b2907,0.0,0.0,0.0,0.0,0.0,0.0,0.0,0.0,0.0,0.0,0.0,0.0,0.0,0.0,0.0,0.0,0.0,0.0,0.0
b2912,0.0,0.0,0.0,0.0,0.0,0.0,0.0,0.0,0.0,0.0,0.0,0.0,0.0,0.0,0.0,0.0,0.0,0.0,0.0
b2913,7.14076231556934e-07,3.1187944905240765e-07,1.650202564569529e-08,7.968612842908223e-08,3.0799324068548343e-07,2.389249370170084e-07,2.372990259998098e-08,3.990968509602626e-07,2.3015891082260834e-07,2.779528828315747e-07,0.0,3.573898979390877e-08,1.0273170609016317e-07,2.1733690429806325e-07,2.130463400466553e-07,7.83411209619118e-08,4.387304758680231e-08,0.0,4.521355625067245e-08
b2914,0.0,0.0,0.0,0.0,0.0,0.0,0.0,0.0,0.0,0.0,0.0,0.0,0.0,0.0,0.0,0.0,0.0,0.0,0.0
b2917,0.0,0.0,0.0,0.0,0.0,0.0,0.0,0.0,0.0,0.0,0.0,0.0,0.0,0.0,0.0,0.0,0.0,0.0,0.0
b2919,0.0,0.0,0.0,0.0,0.0,0.0,0.0,0.0,0.0,0.0,0.0,0.0,0.0,0.0,0.0,0.0,0.0,0.0,0.0
b2920,0.0,0.0,0.0,0.0,0.0,0.0,0.0,0.0,0.0,0.0,0.0,0.0,0.0,0.0,0.0,0.0,0.0,0.0,0.0
b2923,0.0,0.0,0.0,0.0,0.0,0.0,0.0,0.0,0.0,0.0,0.0,0.0,0.0,0.0,0.0,0.0,0.0,0.0,0.0
b2925,1.6698909445854557e-05,5.438880384672142e-06,7.92813241961405e-07,6.21252832328014e-07,4.0475377858871535e-06,6.185960295816529e-06,8.286084254986748e-07,7.7751676811975e-06,9.853320243309393e-06,9.223186537880655e-06,3.4544545745433567e-06,1.7778168078471437e-06,5.623745948460406e-06,5.9113190742793515e-06,6.705441103393315e-06,3.6751798005693505e-06,1.552021003661528e-06,7.144676739016607e-06,1.804064686335768e-06
b2926,6.876879724549793e-05,3.0079784415804675e-05,2.347739787701598e-06,6.186470401119006e-06,2.457346422792975e-05,1.8021767219081223e-05,2.557211219281309e-06,4.1880347957692816e-05,2.9219849485949227e-05,3.353977053616265e-05,1.0276461792090378e-05,5.309759778431821e-06,1.680221351797278e-05,1.7197955987902547e-05,1.9647003675799838e-05,1.0934936757720027e-05,4.585428376712819e-06,2.1123673788755476e-05,6.6552226917329695e-06
b2927,0.0,0.0,0.0,0.0,0.0,0.0,0.0,0.0,0.0,0.0,0.0,0.0,0.0,0.0,0.0,0.0,0.0,0.0,0.0
b2930,0.0,0.0,0.0,0.0,0.0,0.0,0.0,0.0,0.0,0.0,0.0,0.0,0.0,0.0,0.0,0.0,0.0,0.0,0.0
b2935,0.0,0.0,0.0,0.0,0.0,0.0,0.0,0.0,0.0,0.0,0.0,0.0,0.0,0.0,0.0,0.0,0.0,0.0,0.0
b2937,0.0,0.0,0.0,0.0,0.0,0.0,0.0,0.0,0.0,0.0,0.0,0.0,0.0,0.0,0.0,0.0,0.0,0.0,0.0
b2938,0.0,0.0,0.0,0.0,0.0,0.0,0.0,0.0,0.0,0.0,0.0,0.0,0.0,0.0,0.0,0.0,0.0,0.0,0.0
b2942,1.0016248388124573e-09,4.786903971701795e-10,1.3897436881588437e-11,6.779256211858461e-11,3.4785790705876683e-10,2.3128059704303826e-10,1.6789123531996253e-11,6.574283219084573e-10,2.385797897951785e-10,3.0307773143009144e-10,6.132817226455055e-11,2.430119473209813e-11,8.935671485771375e-11,2.255425436054904e-10,2.177104154480833e-10,6.523867304808887e-11,3.114367153316774e-11,1.8129991941197422e-10,4.378360716417099e-11
b2943,6.739679527992176e-06,5.488550100335608e-06,0.0,9.467790116198453e-07,0.0,0.0,0.0,7.062882783488743e-07,0.0,0.0,0.0,0.0,0.0,0.0,0.0,0.0,0.0,0.0,0.0
b2946,4.2893665716156497e-10,2.0514405230130216e-10,5.946824114003724e-12,2.902545254936058e-11,1.4898384143703152e-10,9.904370345370522e-11,7.188781774427924e-12,2.8167764627395705e-10,1.0221660022721431e-10,1.299520389191259e-10,2.6271562250488123e-11,1.0391442239728171e-11,3.8254101562728753e-11,9.667442552248285e-11,9.333403799870493e-11,2.7980149730433153e-11,1.3342681718349367e-11,7.770322188182448e-11,1.8664083656026615e-11
b2947,0.0,0.0,0.0,0.0,0.0,0.0,0.0,0.0,0.0,0.0,0.0,0.0,0.0,0.0,0.0,0.0,0.0,0.0,0.0
b2954,0.0,0.0,0.0,0.0,0.0,0.0,0.0,0.0,0.0,0.0,0.0,0.0,0.0,0.0,0.0,0.0,0.0,0.0,0.0
b2957,0.0,0.0,0.0,0.0,0.0,0.0,0.0,0.0,1.13039113167968e-05,0.0,0.0,0.0,0.0,0.0,0.0,0.0,0.0,0.0,0.0
b2960,1.2144930051085766e-09,5.780098344012052e-10,1.663153811479183e-11,8.140243798802255e-11,4.2019722497822034e-10,2.787596215453078e-10,2.012746585935053e-11,7.965058107730571e-10,2.88136997599843e-10,3.6659376594547953e-10,7.377269979886916e-11,2.9135983123686886e-11,1.0757985012965022e-10,2.71996609393049e-10,2.628865847908316e-10,7.861174913273919e-11,3.743001337406208e-11,2.1879648850977244e-10,5.237745701507077e-11
b2963,0.0,0.0,0.0,0.0,0.0,0.0,0.0,0.0,0.0,0.0,0.0,0.0,0.0,0.0,0.0,0.0,0.0,0.0,0.0
b2964,0.0,0.0,0.0,0.0,0.0,0.0,0.0,0.0,0.0,0.0,0.0,0.0,0.0,0.0,0.0,0.0,0.0,0.0,7.130660293384215e-07
b2965,0.0,0.0,0.0,0.0,0.0,0.0,0.0,0.0,0.0,0.0,0.0,7.576367856354093e-07,0.0,0.0,0.0,0.0,0.0,0.0,0.0
b2975,0.0,0.0,0.0,0.0,0.0,0.0,0.0,0.0,0.0,0.0,0.0,0.0,0.0,0.0,0.0,0.0,0.0,0.0,0.0
b2976,1.211681825990135e-09,0.0,0.0,0.0,0.0,0.0,0.0,0.0,0.0,0.0,0.0,0.0,0.0,0.0,0.0,0.0,0.0,0.0,0.0
b4467,1.211681825990135e-09,6.739327255748877e-10,3.3885168809418526e-11,1.3608776116099216e-10,5.226659470187944e-10,3.768055674209288e-10,0.0,8.636046053823944e-10,0.0,4.683474219918338e-10,1.2483035263011855e-10,5.571351149004357e-11,0.0,3.6955075630486437e-10,3.5880076583579946e-10,1.3174192655562186e-10,0.0,3.090793052037689e-10,9.306576158389354e-11
b4468,1.211681825990135e-09,6.739327255748877e-10,3.3885168809418526e-11,1.3608776116099216e-10,5.226659470187944e-10,3.768055674209288e-10,0.0,8.636046053823944e-10,0.0,4.683474219918338e-10,1.2483035263011855e-10,5.571351149004357e-11,0.0,3.6955075630486437e-10,3.5880076583579946e-10,1.3174192655562186e-10,0.0,3.090793052037689e-10,9.306576158389354e-11
b2979,1.211681825990135e-09,6.739327255748877e-10,3.3885168809418526e-11,1.3608776116099216e-10,5.226659470187944e-10,3.768055674209288e-10,0.0,8.636046053823944e-10,0.0,4.683474219918338e-10,1.2483035263011855e-10,5.571351149004357e-11,0.0,3.6955075630486437e-10,3.5880076583579946e-10,1.3174192655562186e-10,0.0,3.090793052037689e-10,9.306576158389354e-11
b2987,0.0,0.0,0.0,0.0,0.0,0.0,0.0,0.0,0.0,0.0,0.0,0.0,0.0,0.0,0.0,0.0,0.0,0.0,0.0
b2988,0.0,0.0,0.0,0.0,0.0,0.0,0.0,0.0,0.0,0.0,0.0,0.0,0.0,0.0,0.0,0.0,0.0,0.0,0.0
b2994,0.0,0.0,0.0,0.0,0.0,0.0,0.0,0.0,0.0,0.0,0.0,0.0,0.0,0.0,0.0,0.0,0.0,0.0,0.0
b2995,0.0,0.0,0.0,0.0,0.0,0.0,0.0,0.0,0.0,0.0,0.0,0.0,0.0,0.0,0.0,0.0,0.0,0.0,0.0
b2996,0.0,0.0,0.0,0.0,0.0,0.0,0.0,0.0,0.0,0.0,0.0,0.0,0.0,0.0,0.0,0.0,0.0,0.0,0.0
b2997,0.0,0.0,0.0,0.0,0.0,0.0,0.0,0.0,0.0,0.0,0.0,0.0,0.0,0.0,0.0,0.0,0.0,0.0,0.0
b3001,0.0,0.0,0.0,0.0,0.0,0.0,0.0,0.0,0.0,0.0,0.0,0.0,0.0,0.0,0.0,0.0,0.0,0.0,0.0
b3005,0.0,0.0,0.0,0.0,0.0,0.0,0.0,0.0,0.0,0.0,0.0,0.0,0.0,0.0,0.0,0.0,0.0,0.0,0.0
b3006,0.0,0.0,0.0,0.0,0.0,0.0,0.0,0.0,0.0,0.0,0.0,0.0,0.0,0.0,0.0,0.0,0.0,0.0,0.0
b3008,0.0,0.0,1.7750562154011949e-06,0.0,0.0,0.0,0.0,0.0,0.0,0.0,0.0,0.0,0.0,0.0,0.0,0.0,0.0,0.0,0.0
b3012,0.0,0.0,0.0,0.0,0.0,0.0,0.0,0.0,0.0,0.0,0.0,0.0,0.0,0.0,0.0,0.0,0.0,0.0,0.0
b3018,4.271153225516447e-08,2.270564063542216e-08,1.1404624290673157e-09,4.581361173285951e-09,1.7610284319970906e-08,1.2691191245423302e-08,1.3518228254369353e-09,2.9112979556279727e-08,1.300247072871843e-08,1.5780536602180305e-08,4.202605941550398e-09,1.8753673209815714e-09,5.776713000176985e-09,1.2446271137335748e-08,1.208561315577624e-08,4.43540275672736e-09,2.3372049540243194e-09,1.0410633917012616e-08,3.132706959828388e-09
b3028,0.0,0.0,6.286348215176548e-07,0.0,0.0,0.0,0.0,0.0,7.5300042450909145e-06,0.0,1.4415045894689509e-07,6.967460880165393e-06,7.968913261790677e-06,6.652650324033442e-07,5.647255983292846e-06,4.47115139771535e-06,0.0,5.0454258567221e-06,0.0
b3029,0.0,0.0,0.0,0.0,0.0,0.0,0.0,0.0,0.0,0.0,0.0,0.0,0.0,0.0,0.0,0.0,0.0,0.0,0.0
b3034,0.0,0.0,0.0,0.0,0.0,0.0,0.0,0.0,0.0,0.0,0.0,0.0,0.0,0.0,0.0,0.0,0.0,0.0,0.0
b3035,0.0,0.0,0.0,0.0,0.0,0.0,0.0,0.0,0.0,0.0,0.0,0.0,0.0,0.0,0.0,0.0,0.0,0.0,0.0
b3040,6.338090085885971e-09,2.2599323474559324e-09,3.1286916841017075e-11,2.517805901708904e-10,1.6464827499343572e-09,9.788550249179269e-10,1.1389189521322485e-11,3.608149314042937e-09,1.2618378635052943e-09,1.6615852922281416e-09,2.6848834919310864e-10,9.168919396262626e-11,3.9565094154225424e-10,9.563003376341575e-10,1.1158066205573437e-09,2.6020712701285266e-10,1.0667557952907746e-10,9.37838971466019e-10,1.1596629412020844e-10
b3041,2.175956176995329e-05,1.1118078433614485e-05,4.979724899950122e-07,1.9035656840947962e-06,8.412245357657235e-06,6.629467943229412e-06,5.595292931860713e-07,1.4860834167194676e-05,6.102764758202005e-06,7.555648916435017e-06,1.8412332362765246e-06,8.703807970187806e-07,2.7733172181499775e-06,6.424254578333398e-06,5.965556354958627e-06,2.1694385232113678e-06,1.3199491787529074e-06,6.758650058530286e-06,1.4226230030352542e-06
b3052,0.0,0.0,0.0,0.0,0.0,0.0,0.0,0.0,0.0,0.0,0.0,0.0,0.0,0.0,0.0,0.0,0.0,0.0,0.0
b3057,0.0,0.0,0.0,0.0,0.0,0.0,0.0,0.0,0.0,0.0,0.0,0.0,0.0,0.0,0.0,0.0,0.0,0.0,0.0
b3058,1.1538958429708797e-08,6.417923862540701e-09,3.2269160590573135e-10,1.2959763736207206e-09,4.9773962981956555e-09,3.5883543726505743e-09,3.8248273397710426e-10,8.224186768724921e-09,3.675659073519971e-09,4.4601159455444814e-09,1.1887710278956975e-09,5.305649381440423e-10,1.6336262548977653e-09,3.5192661334048887e-09,3.416892976952746e-09,1.2545905875355161e-09,6.612124355207757e-10,2.943390894977907e-09,8.862738807427494e-10
b3059,0.0,0.0,0.0,0.0,0.0,0.0,0.0,0.0,0.0,0.0,0.0,0.0,0.0,0.0,0.0,0.0,0.0,0.0,0.0
b3061,0.0,0.0,0.0,0.0,0.0,0.0,0.0,0.0,0.0,0.0,0.0,0.0,0.0,0.0,0.0,0.0,0.0,0.0,0.0
b3062,0.0,0.0,0.0,0.0,0.0,0.0,0.0,0.0,0.0,0.0,0.0,0.0,0.0,0.0,0.0,0.0,0.0,0.0,0.0
b3063,0.0,0.0,0.0,0.0,0.0,0.0,0.0,0.0,0.0,0.0,0.0,0.0,0.0,0.0,0.0,0.0,0.0,0.0,0.0
b3065,6.768117179757674e-05,4.340299117405492e-05,5.611116301116423e-06,1.3665907236519881e-05,3.579283254236695e-05,2.8024457809149993e-05,6.23027753783754e-06,5.2645822067177326e-05,2.857668393449005e-05,3.298132007274999e-05,1.2915011694567702e-05,7.646532968856585e-06,1.604204259082175e-05,2.7621264434995126e-05,2.7063401352784352e-05,1.3389274104133668e-05,8.794894428433112e-06,2.4275772924361742e-05,1.0626266607080855e-05
b3067,3.51843460378905e-06,1.9765609432941827e-06,2.5210223968032957e-07,5.375327934363023e-07,1.552309156874445e-06,1.172249038539305e-06,2.7042115111491003e-07,2.5332163619288806e-06,1.2139740747266623e-06,1.4316480794274071e-06,5.13014758666894e-07,3.254499028157128e-07,6.451121224513453e-07,1.1519232255392275e-06,1.1338421403442395e-06,5.30741615941932e-07,3.596672045017868e-07,9.951299979368952e-07,4.2050062001016197e-07
b3073,0.0,0.0,0.0,0.0,0.0,6.485331199816962e-06,0.0,0.0,0.0,0.0,0.0,9.059650190069323e-07,0.0,0.0,0.0,0.0,0.0,0.0,0.0
b3084,2.1446832858078248e-10,1.0257202615065108e-10,2.973412057001862e-12,1.451272627468029e-11,7.449192071851576e-11,4.952185172685261e-11,3.594390887213962e-12,1.4083882313697853e-10,5.1108300113607156e-11,6.497601945956295e-11,1.3135781125244061e-11,5.1957211198640855e-12,1.9127050781364377e-11,4.833721276124142e-11,4.666701899935246e-11,1.3990074865216577e-11,6.671340859174683e-12,3.885161094091224e-11,9.332041828013308e-12
b3089,0.0,0.0,0.0,0.0,0.0,0.0,0.0,0.0,0.0,0.0,0.0,0.0,0.0,0.0,0.0,0.0,0.0,0.0,0.0
b3091,0.0,0.0,0.0,0.0,0.0,0.0,0.0,0.0,0.0,0.0,0.0,0.0,0.0,0.0,0.0,0.0,0.0,0.0,0.0
b3092,0.0,0.0,0.0,0.0,0.0,0.0,0.0,0.0,0.0,0.0,0.0,0.0,0.0,0.0,0.0,0.0,0.0,0.0,0.0
b3093,0.0,0.0,0.0,0.0,0.0,0.0,0.0,0.0,0.0,0.0,0.0,0.0,0.0,0.0,0.0,0.0,0.0,0.0,0.0
b4471,0.0,0.0,0.0,0.0,0.0,0.0,0.0,0.0,0.0,0.0,0.0,0.0,0.0,0.0,0.0,0.0,0.0,0.0,0.0
b3114,0.0,0.0,0.0,0.0,0.0,0.0,0.0,0.0,0.0,0.0,0.0,0.0,0.0,0.0,0.0,0.0,0.0,0.0,0.0
b3115,0.0,0.0,0.0,0.0,0.0,0.0,0.0,0.0,0.0,0.0,0.0,0.0,0.0,0.0,0.0,0.0,0.0,0.0,0.0
b3116,0.0,0.0,0.0,0.0,0.0,0.0,0.0,0.0,0.0,0.0,0.0,0.0,0.0,0.0,0.0,0.0,0.0,6.403340898413118e-07,0.0
b3117,2.3352255885069947e-06,1.3565141253463252e-06,7.341614535845604e-08,2.872704689763731e-07,1.0647480214859102e-06,7.741459023700424e-07,8.701890373252893e-08,1.7333612166843579e-06,7.979002432280971e-07,9.588547529064756e-07,2.66217774679556e-07,1.2041720593080272e-07,3.624790081457623e-07,7.588397774726623e-07,7.428543985255097e-07,2.8037534095170775e-07,1.4982243846104022e-07,6.403340898413118e-07,1.98499573542894e-07
b3124,0.0,0.0,0.0,0.0,0.0,4.989295249389622e-10,2.9502241714715487e-12,0.0,4.255161817975425e-11,0.0,0.0,7.186159060454791e-11,1.5695062050264807e-11,0.0,0.0,0.0,0.0,0.0,0.0
b3125,0.0,0.0,0.0,0.0,0.0,6.328539285595618e-10,3.742133635558168e-12,0.0,5.397347197466088e-11,0.0,0.0,9.115092944678048e-11,1.9907985358676282e-11,0.0,0.0,0.0,0.0,0.0,0.0
b3126,0.0,0.0,0.0,0.0,0.0,0.0,0.0,0.0,0.0,0.0,0.0,0.0,0.0,0.0,0.0,0.0,0.0,0.0,0.0
b3127,0.0,0.0,0.0,0.0,0.0,0.0,0.0,0.0,0.0,0.0,0.0,0.0,0.0,0.0,0.0,0.0,0.0,0.0,0.0
b3128,0.0,0.0,0.0,0.0,0.0,0.0,0.0,0.0,0.0,0.0,0.0,0.0,0.0,0.0,0.0,0.0,0.0,0.0,0.0
b3132,0.0,0.0,0.0,0.0,0.0,0.0,0.0,0.0,0.0,0.0,0.0,0.0,0.0,0.0,0.0,0.0,0.0,0.0,0.0
b3137,0.0,0.0,0.0,0.0,0.0,0.0,0.0,0.0,0.0,0.0,0.0,0.0,0.0,0.0,0.0,0.0,0.0,0.0,0.0
b3146,2.1446832858078248e-10,1.0257202615065108e-10,2.973412057001862e-12,1.451272627468029e-11,7.449192071851576e-11,4.952185172685261e-11,3.594390887213962e-12,1.4083882313697853e-10,5.1108300113607156e-11,6.497601945956295e-11,1.3135781125244061e-11,5.1957211198640855e-12,1.9127050781364377e-11,4.833721276124142e-11,4.666701899935246e-11,1.3990074865216577e-11,6.671340859174683e-12,3.885161094091224e-11,9.332041828013308e-12
b3161,0.0,0.0,0.0,0.0,0.0,0.0,0.0,0.0,0.0,0.0,0.0,0.0,0.0,0.0,0.0,0.0,0.0,0.0,0.0
b3164,1.6674325941159714e-08,8.165789724061262e-09,3.2822735937114994e-10,1.3070293591139523e-09,6.014491149582981e-09,4.079724204848413e-09,3.820351732179719e-10,1.1078665926922175e-08,4.2039082974529865e-09,5.279097717660734e-09,1.191780020763785e-09,5.23821216360515e-10,1.679167337395651e-09,3.986548168798262e-09,3.8553395212166255e-09,1.261711189964397e-09,6.496326119350853e-10,3.2433039548408365e-09,8.7708897219014e-10
b3165,6.768117179757674e-05,4.340299117405492e-05,5.611116301116423e-06,1.3665907236519881e-05,3.579283254236695e-05,2.8024457809149993e-05,6.23027753783754e-06,5.2645822067177326e-05,2.857668393449005e-05,3.298132007274999e-05,1.2915011694567702e-05,7.646532968856585e-06,1.604204259082175e-05,2.7621264434995126e-05,2.7063401352784352e-05,1.3389274104133668e-05,8.794894428433112e-06,2.4275772924361742e-05,1.0626266607080855e-05
b3166,1.7393113385971034e-09,8.318433105450057e-10,2.4113742168139374e-11,1.1769537396521276e-10,6.041171512470294e-10,4.016142070646534e-10,2.91497758107362e-11,1.1421839925187894e-09,4.1448072634959834e-10,5.269456600955801e-10,1.0652880973801553e-10,4.2136353850571365e-11,1.5511725715849627e-10,3.920069257187318e-10,3.7846238877152285e-10,1.1345705790927511e-10,5.410339078574808e-11,3.1508072451327275e-10,7.568105504128535e-11
b3167,2.1446832858078248e-10,1.0257202615065108e-10,2.973412057001862e-12,1.451272627468029e-11,7.449192071851576e-11,4.952185172685261e-11,3.594390887213962e-12,1.4083882313697853e-10,5.1108300113607156e-11,6.497601945956295e-11,1.3135781125244061e-11,5.1957211198640855e-12,1.9127050781364377e-11,4.833721276124142e-11,4.666701899935246e-11,1.3990074865216577e-11,6.671340859174683e-12,3.885161094091224e-11,9.332041828013308e-12
b3168,5.825368692491274e-08,3.275950267308541e-08,1.6566714754077654e-09,6.618532831213473e-09,2.5380636073401748e-08,1.8216762029392087e-08,1.951162298963381e-09,4.173888300904588e-08,1.8555311446296998e-08,2.2536165223219033e-08,6.006363733426117e-09,2.69980099807989e-09,8.218216543514259e-09,1.7833880642708792e-08,1.723181965863055e-08,6.340511624354076e-09,3.3284104805034417e-09,1.4810722325882106e-08,4.498058759705407e-09
b3169,1.454975414157166e-09,7.686569593270006e-10,5.0670918008857454e-11,1.5832025019599647e-10,5.864358205192351e-10,4.172420227569301e-10,5.751452922805836e-11,1.004270253713894e-09,4.2321749587783635e-10,5.178547005285555e-10,1.4479111401072154e-10,7.362334535819978e-11,1.9198104784798465e-10,4.082683510340205e-10,3.935741854928488e-10,1.522538302654917e-10,8.806975225926684e-11,3.4029724547255265e-10,1.1336474080861527e-10
b3172,6.347518498300284e-08,3.627856134632396e-08,1.8777300437318126e-09,7.4379271178315756e-09,2.7945825653731007e-08,2.0232594245132635e-08,2.215672484076318e-09,4.5521932333190317e-08,2.0176280423044052e-08,2.4639414349977853e-08,6.671357673987819e-09,3.0086299521494182e-09,9.006452977976942e-09,1.9857421901696512e-08,1.8906744237139122e-08,0.0,3.753064355719201e-09,1.6360428364286487e-08,5.053996649744961e-09
b3175,1.1592038756615752e-05,4.427803463706771e-06,1.3836312021416428e-07,6.810038437821148e-07,3.968849228123386e-06,2.4774724844800336e-06,1.8666838814331842e-07,7.618272504966407e-06,3.4767893448749247e-06,4.0435316011790925e-06,8.419462281437816e-07,3.4756374297014203e-07,1.4731330246892797e-06,2.399906152666859e-06,2.870441550732764e-06,9.049338137842702e-07,4.6887589140303244e-07,2.488095394124732e-06,4.930026956145785e-07
b3176,8.572025921940274e-06,4.767727524963994e-06,2.3972014696704924e-07,9.627509394866002e-07,3.6975928418332536e-06,2.6657056515840762e-06,2.8413759615468734e-07,6.1095585531256106e-06,2.730562299046545e-06,3.313317205618124e-06,8.83110562226947e-07,3.941444481967984e-07,1.213583244020687e-06,2.614381593063295e-06,2.538330937697449e-06,9.320063941029491e-07,4.911994589217348e-07,2.1865771684550855e-06,6.583924126206577e-07
b3177,4.4412893178616305e-09,2.4702278691085126e-09,1.2420243915454576e-10,4.988150411863487e-10,1.9157757734029956e-09,1.381140251179262e-09,1.472157553064254e-10,3.165449729846955e-09,1.4147434084947477e-09,1.7166770663087424e-09,4.5755222186980295e-10,2.0421187982999945e-10,6.287748482198881e-10,1.3545485218805648e-09,1.3151455888553391e-09,4.828858521896809e-10,2.5449746999303504e-10,1.1328969265111104e-09,3.411225322649751e-10
b3179,2.1446832858078248e-10,1.0257202615065108e-10,2.973412057001862e-12,1.451272627468029e-11,7.449192071851576e-11,4.952185172685261e-11,3.594390887213962e-12,1.4083882313697853e-10,5.1108300113607156e-11,6.497601945956295e-11,1.3135781125244061e-11,5.1957211198640855e-12,1.9127050781364377e-11,4.833721276124142e-11,4.666701899935246e-11,1.3990074865216577e-11,6.671340859174683e-12,3.885161094091224e-11,9.332041828013308e-12
b3181,1.454975414157166e-09,7.686569593270006e-10,5.0670918008857454e-11,1.5832025019599647e-10,5.864358205192351e-10,4.172420227569301e-10,5.751452922805836e-11,1.004270253713894e-09,4.2321749587783635e-10,5.178547005285555e-10,1.4479111401072154e-10,7.362334535819978e-11,1.9198104784798465e-10,4.082683510340205e-10,3.935741854928488e-10,1.522538302654917e-10,8.806975225926684e-11,3.4029724547255265e-10,1.1336474080861527e-10
b3182,0.0,0.0,0.0,0.0,0.0,0.0,0.0,0.0,0.0,0.0,0.0,0.0,0.0,0.0,0.0,0.0,0.0,0.0,0.0
b3185,6.768117179757674e-05,4.340299117405492e-05,5.611116301116423e-06,1.3665907236519881e-05,3.579283254236695e-05,2.8024457809149993e-05,6.23027753783754e-06,5.2645822067177326e-05,2.857668393449005e-05,3.298132007274999e-05,1.2915011694567702e-05,7.646532968856585e-06,1.604204259082175e-05,2.7621264434995126e-05,2.7063401352784352e-05,1.3389274104133668e-05,8.794894428433112e-06,2.4275772924361742e-05,1.0626266607080855e-05
b3186,6.768117179757674e-05,4.340299117405492e-05,5.611116301116423e-06,1.3665907236519881e-05,3.579283254236695e-05,2.8024457809149993e-05,6.23027753783754e-06,5.2645822067177326e-05,2.857668393449005e-05,3.298132007274999e-05,1.2915011694567702e-05,7.646532968856585e-06,1.604204259082175e-05,2.7621264434995126e-05,2.7063401352784352e-05,1.3389274104133668e-05,8.794894428433112e-06,2.4275772924361742e-05,1.0626266607080855e-05
b3187,1.3330610601001409e-09,7.414433841630893e-10,3.7279587830612113e-11,1.4972024112987232e-10,5.750235800077032e-10,4.1455175639637594e-10,4.4187076496677016e-11,9.50115489119989e-10,4.2463780513306605e-10,5.152637412428146e-10,1.3733513092333455e-10,6.1294566853909e-11,1.8872791339247384e-10,4.065702005210914e-10,3.947433385649439e-10,1.449390661037298e-10,7.638787812748586e-11,3.400410713540782e-10,1.0238854799581864e-10
b3189,4.139693407858497e-06,2.3024813953305812e-06,1.1576818842677296e-07,4.649418648398277e-07,1.7856806374212613e-06,1.2873507632436003e-06,1.3721873270538094e-07,2.9504926253856712e-06,1.3186720212987106e-06,1.6001021834447333e-06,4.2648109165232356e-07,1.9034440502193335e-07,5.860764539105382e-07,1.2625648061480658e-06,1.225837619419021e-06,4.5009438385793404e-07,2.3721523716317739e-07,1.0559649693614734e-06,3.1795782643793766e-07
b3196,1.0818212203605001e-16,0.0,0.0,0.0,0.0,0.0,0.0,0.0,0.0,0.0,0.0,0.0,0.0,0.0,0.0,0.0,0.0,0.0,0.0
b3197,2.7656403262552636e-07,1.5382384080160383e-07,7.734224225465765e-09,3.106176820545124e-08,1.1929749124151206e-07,8.600514178425101e-08,9.167289054963162e-09,1.9711608042264708e-07,8.809764781819598e-08,1.0689939299038826e-07,2.8492286487206214e-08,1.2716501212539021e-08,3.9154510141420434e-08,8.434924518238881e-08,8.189558065508511e-08,3.006983986436002e-08,1.584784092114859e-08,7.054675345848269e-08,2.1242080033654765e-08
b3198,3.697411699523421e-06,2.056486026928809e-06,1.0339960285687262e-07,4.1526782814245013e-07,1.5948998705750277e-06,1.1498111827246688e-06,1.225583872311722e-07,2.6352642279617465e-06,1.1777861012915647e-06,1.4291484780661699e-06,3.809161748325112e-07,1.700081529542532e-07,5.234604894629178e-07,1.1276733385125965e-06,1.0948700565968953e-06,4.020066407833351e-07,2.1187134088900514e-07,9.431464718117261e-07,2.839874530792434e-07
b3199,2.4823798467526134e-06,1.3806900294696517e-06,6.942074920334378e-08,2.788038150359122e-07,1.0707888701748075e-06,7.71963832952226e-07,8.228363385997273e-08,1.7692719507550437e-06,7.907457213943378e-07,9.595061811552956e-07,2.557406944507157e-07,1.1414060617909302e-07,3.51442542841928e-07,7.571008577715933e-07,7.350772876224058e-07,2.699004775340265e-07,1.4224684440607766e-07,6.332126320861255e-07,1.9066438566886768e-07
b3200,2.4823798467526134e-06,1.3806900294696517e-06,6.942074920334378e-08,2.788038150359122e-07,1.0707888701748075e-06,7.71963832952226e-07,8.228363385997273e-08,1.7692719507550437e-06,7.907457213943378e-07,9.595061811552956e-07,2.557406944507157e-07,1.1414060617909302e-07,3.51442542841928e-07,7.571008577715933e-07,7.350772876224058e-07,2.699004775340265e-07,1.4224684440607766e-07,6.332126320861255e-07,1.9066438566886768e-07
b3201,4.964759693505227e-06,2.7613800589393034e-06,1.3884149840668757e-07,5.576076300718244e-07,2.141577740349615e-06,1.543927665904452e-06,1.6456726771994546e-07,3.5385439015100875e-06,1.5814914427886757e-06,1.9190123623105912e-06,5.114813889014314e-07,2.2828121235818605e-07,7.02885085683856e-07,1.5142017155431866e-06,1.4701545752448116e-06,5.39800955068053e-07,2.844936888121553e-07,1.266425264172251e-06,3.8132877133773536e-07
b3202,8.273944440559137e-10,1.2975519055822113e-09,5.1295512836469515e-11,2.4918951770770184e-09,1.0297247656376279e-08,5.037505823350535e-09,2.6015072987985313e-09,1.2839050368460643e-08,4.598823424962164e-09,6.334998337915616e-09,3.0826671268604305e-09,2.1464196515606516e-09,3.560224398471949e-09,2.314329852539979e-09,4.706008356039139e-09,3.6734154661215617e-09,2.221030177444153e-09,2.140387016358253e-09,3.6110140458692866e-09
b3212,0.0,0.0,0.0,0.0,0.0,0.0,0.0,0.0,0.0,0.0,0.0,0.0,0.0,0.0,0.0,0.0,0.0,0.0,0.0
b3213,0.0,0.0,0.0,0.0,0.0,0.0,0.0,0.0,0.0,0.0,0.0,0.0,0.0,0.0,0.0,0.0,0.0,0.0,0.0
b3222,0.0,0.0,0.0,0.0,0.0,0.0,0.0,0.0,0.0,0.0,0.0,0.0,0.0,0.0,0.0,0.0,0.0,0.0,0.0
b3223,0.0,0.0,0.0,0.0,0.0,0.0,0.0,0.0,0.0,0.0,0.0,0.0,0.0,0.0,0.0,0.0,0.0,0.0,0.0
b3224,0.0,0.0,0.0,0.0,0.0,0.0,0.0,0.0,0.0,0.0,0.0,0.0,0.0,0.0,0.0,0.0,0.0,0.0,0.0
b3225,0.0,0.0,0.0,0.0,0.0,0.0,0.0,0.0,0.0,0.0,0.0,0.0,0.0,0.0,0.0,0.0,0.0,0.0,0.0
b3230,6.768117179757674e-05,4.340299117405492e-05,5.611116301116423e-06,1.3665907236519881e-05,3.579283254236695e-05,2.8024457809149993e-05,6.23027753783754e-06,5.2645822067177326e-05,2.857668393449005e-05,3.298132007274999e-05,1.2915011694567702e-05,7.646532968856585e-06,1.604204259082175e-05,2.7621264434995126e-05,2.7063401352784352e-05,1.3389274104133668e-05,8.794894428433112e-06,2.4275772924361742e-05,1.0626266607080855e-05
b3231,6.768220606246948e-05,4.340348462892815e-05,5.611130424103328e-06,1.3665976960016089e-05,3.579319124788689e-05,2.802469613037592e-05,6.230294818549947e-06,5.2646501976731846e-05,2.857693086992673e-05,3.298163369006952e-05,1.2915074982670337e-05,7.64655798613136e-06,1.6042134954109618e-05,2.762149717016333e-05,2.7063626625230537e-05,1.3389341525366959e-05,8.794926590923681e-06,2.4275960359185944e-05,1.0626311512555727e-05
b3236,2.1839215555204676e-05,1.3935537123585063e-05,4.249234288414786e-07,3.9930647504066615e-06,1.1002121683615086e-05,9.614003052316502e-06,6.345192695644531e-07,2.1584349369827226e-05,9.656248758476939e-06,1.1968804876355743e-05,4.295566996098775e-06,3.0865892570886828e-06,2.894877595813387e-06,1.1801880453491767e-05,1.3799161024401501e-05,5.298481804138475e-06,3.4295476814026253e-06,1.2103928790083562e-05,3.2237441818214727e-06
b3247,8.941029453155923e-09,4.2425178588675446e-09,1.2264761722418926e-10,5.942537913393857e-10,3.0734102710852136e-09,2.039233988569909e-09,1.4663415999665396e-10,5.831432221496973e-09,2.1033808866450488e-09,2.679322407656759e-09,5.37286957788927e-10,2.1189937533145993e-10,7.836510549101699e-10,1.989442167092258e-09,1.9186039187773833e-09,5.720327109323916e-10,2.721812187789362e-10,1.5976427561395247e-09,3.817833449408109e-10
b3255,8.624678904185022e-07,4.796973968371543e-07,2.4118619498991073e-08,9.686439946451572e-08,3.7202642351340596e-07,2.682041650121636e-07,2.858754218188887e-08,6.147055451240603e-07,2.747296344158138e-07,3.333628721546944e-07,8.885157321893253e-08,3.965555011528167e-08,1.2210132622127852e-07,2.630402613992088e-07,2.5538852576892037e-07,9.377110985642428e-08,4.942046086726019e-08,2.199973273147487e-07,6.624212446909319e-08
b3256,8.624678904185022e-07,4.796973968371543e-07,2.4118619498991073e-08,9.686439946451572e-08,3.7202642351340596e-07,2.682041650121636e-07,2.858754218188887e-08,6.147055451240603e-07,2.747296344158138e-07,3.333628721546944e-07,8.885157321893253e-08,3.965555011528167e-08,1.2210132622127852e-07,2.630402613992088e-07,2.5538852576892037e-07,9.377110985642428e-08,4.942046086726019e-08,2.199973273147487e-07,6.624212446909319e-08
b3258,0.0,0.0,0.0,0.0,0.0,0.0,0.0,0.0,0.0,0.0,0.0,0.0,0.0,0.0,0.0,0.0,0.0,0.0,0.0
b3260,0.0,0.0,0.0,0.0,0.0,0.0,0.0,0.0,0.0,0.0,0.0,0.0,0.0,0.0,0.0,0.0,0.0,0.0,0.0
b3265,0.0,0.0,0.0,0.0,0.0,0.0,0.0,0.0,0.0,0.0,0.0,0.0,0.0,0.0,0.0,0.0,0.0,0.0,0.0
b3266,0.0,0.0,0.0,0.0,0.0,0.0,0.0,0.0,0.0,0.0,0.0,0.0,0.0,0.0,0.0,0.0,0.0,0.0,0.0
b3281,0.0,0.0,0.0,0.0,0.0,0.0,0.0,0.0,0.0,0.0,0.0,0.0,0.0,0.0,0.0,0.0,0.0,0.0,0.0
b3282,4.3676447207490523e-10,2.0942265277816648e-10,6.102583204754323e-12,2.972684555923459e-11,1.5199628856613854e-10,1.0128818131608847e-10,7.361985759226544e-12,2.867180854014765e-10,1.0418854001124047e-10,1.326004833593704e-10,2.687116946374609e-11,1.0635021007407372e-11,3.904058481698406e-11,9.87848445298589e-11,9.521965608428546e-11,2.8628437673423926e-11,1.366474434399302e-11,7.958095214070285e-11,1.9112345042532382e-11
b3287,3.563355628040123e-09,2.003886181013756e-09,1.0133795708616665e-10,4.048531081624442e-10,1.5525237486164444e-09,1.1143123281754262e-09,1.1935184751812654e-10,2.5531514231897637e-09,1.1350212658200561e-09,1.3785285605374567e-09,3.6740695985728113e-10,1.6514578885790804e-10,5.027051456937091e-10,1.0908916209870843e-09,1.0540637821104844e-09,3.878466578504852e-10,2.0359758916920147e-10,9.059661892868346e-10,2.751445246257337e-10
b3288,2.3585433446539688e-09,1.3263487872170458e-09,6.707440659743114e-11,2.6796752934373534e-10,1.0275972810298787e-09,7.375502755893968e-10,7.89975896373998e-11,1.6899010162423847e-09,7.512572788063223e-10,9.124319044347781e-10,2.431823624709459e-10,1.0930806292345255e-10,3.327346466261411e-10,7.220483838805035e-10,6.976724687748402e-10,2.567111591167983e-10,1.3475885907765086e-10,5.996484070828536e-10,1.82114937467223e-10
b3289,2.1446832858078248e-10,1.0257202615065108e-10,2.973412057001862e-12,1.451272627468029e-11,7.449192071851576e-11,4.952185172685261e-11,3.594390887213962e-12,1.4083882313697853e-10,5.1108300113607156e-11,6.497601945956295e-11,1.3135781125244061e-11,5.1957211198640855e-12,1.9127050781364377e-11,4.833721276124142e-11,4.666701899935246e-11,1.3990074865216577e-11,6.671340859174683e-12,3.885161094091224e-11,9.332041828013308e-12
b3290,0.0,0.0,0.0,0.0,0.0,0.0,0.0,0.0,0.0,0.0,0.0,0.0,0.0,0.0,0.0,0.0,0.0,0.0,0.0
b3294,6.768117179757674e-05,4.340299117405492e-05,5.611116301116423e-06,1.3665907236519881e-05,3.579283254236695e-05,2.8024457809149993e-05,6.23027753783754e-06,5.2645822067177326e-05,2.857668393449005e-05,3.298132007274999e-05,1.2915011694567702e-05,7.646532968856585e-06,1.604204259082175e-05,2.7621264434995126e-05,2.7063401352784352e-05,1.3389274104133668e-05,8.794894428433112e-06,2.4275772924361742e-05,1.0626266607080855e-05
b3295,7.099880844917181e-06,3.985359630934266e-06,5.10697842401209e-07,1.0865096336371075e-06,3.1526145118908634e-06,2.371548145285054e-06,5.594385528730806e-07,5.173603030303377e-06,2.5078191175176313e-06,2.936485927537999e-06,1.0679312819989795e-06,6.800124455772044e-07,1.3526254745821455e-06,2.3334271453905106e-06,2.334852117481929e-06,1.1077613858481468e-06,7.386095736887539e-07,2.038290853569541e-06,8.80662071888784e-07
b3296,6.768220606246948e-05,4.340348462892815e-05,5.611130424103328e-06,1.3665976960016089e-05,3.579319124788689e-05,2.802469613037592e-05,6.230294818549947e-06,5.2646501976731846e-05,2.857693086992673e-05,3.298163369006952e-05,1.2915074982670337e-05,7.64655798613136e-06,1.6042134954109618e-05,2.762149717016333e-05,2.7063626625230537e-05,1.3389341525366959e-05,8.794926590923681e-06,2.4275960359185944e-05,1.0626311512555727e-05
b3297,6.768117179757674e-05,4.340299117405492e-05,5.611116301116423e-06,1.3665907236519881e-05,3.579283254236695e-05,2.8024457809149993e-05,6.23027753783754e-06,5.2645822067177326e-05,2.857668393449005e-05,3.298132007274999e-05,1.2915011694567702e-05,7.646532968856585e-06,1.604204259082175e-05,2.7621264434995126e-05,2.7063401352784352e-05,1.3389274104133668e-05,8.794894428433112e-06,2.4275772924361742e-05,1.0626266607080855e-05
b3298,6.768117179757674e-05,4.340299117405492e-05,5.611116301116423e-06,1.3665907236519881e-05,3.579283254236695e-05,2.8024457809149993e-05,6.23027753783754e-06,5.2645822067177326e-05,2.857668393449005e-05,3.298132007274999e-05,1.2915011694567702e-05,7.646532968856585e-06,1.604204259082175e-05,2.7621264434995126e-05,2.7063401352784352e-05,1.3389274104133668e-05,8.794894428433112e-06,2.4275772924361742e-05,1.0626266607080855e-05
b3299,6.768117179757674e-05,4.340299117405492e-05,5.611116301116423e-06,1.3665907236519881e-05,3.579283254236695e-05,2.8024457809149993e-05,6.23027753783754e-06,5.2645822067177326e-05,2.857668393449005e-05,3.298132007274999e-05,1.2915011694567702e-05,7.646532968856585e-06,1.604204259082175e-05,2.7621264434995126e-05,2.7063401352784352e-05,1.3389274104133668e-05,8.794894428433112e-06,2.4275772924361742e-05,1.0626266607080855e-05
b3300,1.1592038756615752e-05,4.427803463706771e-06,1.3836312021416428e-07,6.810038437821148e-07,3.968849228123386e-06,2.4774724844800336e-06,1.8666838814331842e-07,7.618272504966407e-06,3.4767893448749247e-06,4.0435316011790925e-06,8.419462281437816e-07,3.4756374297014203e-07,1.4731330246892797e-06,2.399906152666859e-06,2.870441550732764e-06,9.049338137842702e-07,4.6887589140303244e-07,2.488095394124732e-06,4.930026956145785e-07
b3301,6.768117179757674e-05,4.340299117405492e-05,5.611116301116423e-06,1.3665907236519881e-05,3.579283254236695e-05,2.8024457809149993e-05,6.23027753783754e-06,5.2645822067177326e-05,2.857668393449005e-05,3.298132007274999e-05,1.2915011694567702e-05,7.646532968856585e-06,1.604204259082175e-05,2.7621264434995126e-05,2.7063401352784352e-05,1.3389274104133668e-05,8.794894428433112e-06,2.4275772924361742e-05,1.0626266607080855e-05
b3302,6.768117179757674e-05,4.340299117405492e-05,5.611116301116423e-06,1.3665907236519881e-05,3.579283254236695e-05,2.8024457809149993e-05,6.23027753783754e-06,5.2645822067177326e-05,2.857668393449005e-05,3.298132007274999e-05,1.2915011694567702e-05,7.646532968856585e-06,1.604204259082175e-05,2.7621264434995126e-05,2.7063401352784352e-05,1.3389274104133668e-05,8.794894428433112e-06,2.4275772924361742e-05,1.0626266607080855e-05
b3303,6.768117179757674e-05,4.340299117405492e-05,5.611116301116423e-06,1.3665907236519881e-05,3.579283254236695e-05,2.8024457809149993e-05,6.23027753783754e-06,5.2645822067177326e-05,2.857668393449005e-05,3.298132007274999e-05,1.2915011694567702e-05,7.646532968856585e-06,1.604204259082175e-05,2.7621264434995126e-05,2.7063401352784352e-05,1.3389274104133668e-05,8.794894428433112e-06,2.4275772924361742e-05,1.0626266607080855e-05
b3304,6.768117179757674e-05,4.340299117405492e-05,5.611116301116423e-06,1.3665907236519881e-05,3.579283254236695e-05,2.8024457809149993e-05,6.23027753783754e-06,5.2645822067177326e-05,2.857668393449005e-05,3.298132007274999e-05,1.2915011694567702e-05,7.646532968856585e-06,1.604204259082175e-05,2.7621264434995126e-05,2.7063401352784352e-05,1.3389274104133668e-05,8.794894428433112e-06,2.4275772924361742e-05,1.0626266607080855e-05
b3305,6.768117179757674e-05,4.340299117405492e-05,5.611116301116423e-06,1.3665907236519881e-05,3.579283254236695e-05,2.8024457809149993e-05,6.23027753783754e-06,5.2645822067177326e-05,2.857668393449005e-05,3.298132007274999e-05,1.2915011694567702e-05,7.646532968856585e-06,1.604204259082175e-05,2.7621264434995126e-05,2.7063401352784352e-05,1.3389274104133668e-05,8.794894428433112e-06,2.4275772924361742e-05,1.0626266607080855e-05
b3306,6.768117179757674e-05,4.340299117405492e-05,5.611116301116423e-06,1.3665907236519881e-05,3.579283254236695e-05,2.8024457809149993e-05,6.23027753783754e-06,5.2645822067177326e-05,2.857668393449005e-05,3.298132007274999e-05,1.2915011694567702e-05,7.646532968856585e-06,1.604204259082175e-05,2.7621264434995126e-05,2.7063401352784352e-05,1.3389274104133668e-05,8.794894428433112e-06,2.4275772924361742e-05,1.0626266607080855e-05
b3307,6.768117179757674e-05,4.340299117405492e-05,5.611116301116423e-06,1.3665907236519881e-05,3.579283254236695e-05,2.8024457809149993e-05,6.23027753783754e-06,5.2645822067177326e-05,2.857668393449005e-05,3.298132007274999e-05,1.2915011694567702e-05,7.646532968856585e-06,1.604204259082175e-05,2.7621264434995126e-05,2.7063401352784352e-05,1.3389274104133668e-05,8.794894428433112e-06,2.4275772924361742e-05,1.0626266607080855e-05
b3308,6.768117179757674e-05,4.340299117405492e-05,5.611116301116423e-06,1.3665907236519881e-05,3.579283254236695e-05,2.8024457809149993e-05,6.23027753783754e-06,5.2645822067177326e-05,2.857668393449005e-05,3.298132007274999e-05,1.2915011694567702e-05,7.646532968856585e-06,1.604204259082175e-05,2.7621264434995126e-05,2.7063401352784352e-05,1.3389274104133668e-05,8.794894428433112e-06,2.4275772924361742e-05,1.0626266607080855e-05
b3309,6.768117179757674e-05,4.340299117405492e-05,5.611116301116423e-06,1.3665907236519881e-05,3.579283254236695e-05,2.8024457809149993e-05,6.23027753783754e-06,5.2645822067177326e-05,2.857668393449005e-05,3.298132007274999e-05,1.2915011694567702e-05,7.646532968856585e-06,1.604204259082175e-05,2.7621264434995126e-05,2.7063401352784352e-05,1.3389274104133668e-05,8.794894428433112e-06,2.4275772924361742e-05,1.0626266607080855e-05
b3310,6.768117179757674e-05,4.340299117405492e-05,5.611116301116423e-06,1.3665907236519881e-05,3.579283254236695e-05,2.8024457809149993e-05,6.23027753783754e-06,5.2645822067177326e-05,2.857668393449005e-05,3.298132007274999e-05,1.2915011694567702e-05,7.646532968856585e-06,1.604204259082175e-05,2.7621264434995126e-05,2.7063401352784352e-05,1.3389274104133668e-05,8.794894428433112e-06,2.4275772924361742e-05,1.0626266607080855e-05
b3311,6.768117179757674e-05,4.340299117405492e-05,5.611116301116423e-06,1.3665907236519881e-05,3.579283254236695e-05,2.8024457809149993e-05,6.23027753783754e-06,5.2645822067177326e-05,2.857668393449005e-05,3.298132007274999e-05,1.2915011694567702e-05,7.646532968856585e-06,1.604204259082175e-05,2.7621264434995126e-05,2.7063401352784352e-05,1.3389274104133668e-05,8.794894428433112e-06,2.4275772924361742e-05,1.0626266607080855e-05
b3312,6.768117179757674e-05,4.340299117405492e-05,5.611116301116423e-06,1.3665907236519881e-05,3.579283254236695e-05,2.8024457809149993e-05,6.23027753783754e-06,5.2645822067177326e-05,2.857668393449005e-05,3.298132007274999e-05,1.2915011694567702e-05,7.646532968856585e-06,1.604204259082175e-05,2.7621264434995126e-05,2.7063401352784352e-05,1.3389274104133668e-05,8.794894428433112e-06,2.4275772924361742e-05,1.0626266607080855e-05
b3313,6.768117179757674e-05,4.340299117405492e-05,5.611116301116423e-06,1.3665907236519881e-05,3.579283254236695e-05,2.8024457809149993e-05,6.23027753783754e-06,5.2645822067177326e-05,2.857668393449005e-05,3.298132007274999e-05,1.2915011694567702e-05,7.646532968856585e-06,1.604204259082175e-05,2.7621264434995126e-05,2.7063401352784352e-05,1.3389274104133668e-05,8.794894428433112e-06,2.4275772924361742e-05,1.0626266607080855e-05
b3314,6.768117179757674e-05,4.340299117405492e-05,5.611116301116423e-06,1.3665907236519881e-05,3.579283254236695e-05,2.8024457809149993e-05,6.23027753783754e-06,5.2645822067177326e-05,2.857668393449005e-05,3.298132007274999e-05,1.2915011694567702e-05,7.646532968856585e-06,1.604204259082175e-05,2.7621264434995126e-05,2.7063401352784352e-05,1.3389274104133668e-05,8.794894428433112e-06,2.4275772924361742e-05,1.0626266607080855e-05
b3315,6.768117179757674e-05,4.340299117405492e-05,5.611116301116423e-06,1.3665907236519881e-05,3.579283254236695e-05,2.8024457809149993e-05,6.23027753783754e-06,5.2645822067177326e-05,2.857668393449005e-05,3.298132007274999e-05,1.2915011694567702e-05,7.646532968856585e-06,1.604204259082175e-05,2.7621264434995126e-05,2.7063401352784352e-05,1.3389274104133668e-05,8.794894428433112e-06,2.4275772924361742e-05,1.0626266607080855e-05
b3316,6.768117179757674e-05,4.340299117405492e-05,5.611116301116423e-06,1.3665907236519881e-05,3.579283254236695e-05,2.8024457809149993e-05,6.23027753783754e-06,5.2645822067177326e-05,2.857668393449005e-05,3.298132007274999e-05,1.2915011694567702e-05,7.646532968856585e-06,1.604204259082175e-05,2.7621264434995126e-05,2.7063401352784352e-05,1.3389274104133668e-05,8.794894428433112e-06,2.4275772924361742e-05,1.0626266607080855e-05
b3317,6.768117179757674e-05,4.340299117405492e-05,5.611116301116423e-06,1.3665907236519881e-05,3.579283254236695e-05,2.8024457809149993e-05,6.23027753783754e-06,5.2645822067177326e-05,2.857668393449005e-05,3.298132007274999e-05,1.2915011694567702e-05,7.646532968856585e-06,1.604204259082175e-05,2.7621264434995126e-05,2.7063401352784352e-05,1.3389274104133668e-05,8.794894428433112e-06,2.4275772924361742e-05,1.0626266607080855e-05
b3318,6.768117179757674e-05,4.340299117405492e-05,5.611116301116423e-06,1.3665907236519881e-05,3.579283254236695e-05,2.8024457809149993e-05,6.23027753783754e-06,5.2645822067177326e-05,2.857668393449005e-05,3.298132007274999e-05,1.2915011694567702e-05,7.646532968856585e-06,1.604204259082175e-05,2.7621264434995126e-05,2.7063401352784352e-05,1.3389274104133668e-05,8.794894428433112e-06,2.4275772924361742e-05,1.0626266607080855e-05
b3319,6.768220606246948e-05,4.340348462892815e-05,5.611130424103328e-06,1.3665976960016089e-05,3.579319124788689e-05,2.802469613037592e-05,6.230294818549947e-06,5.2646501976731846e-05,2.857693086992673e-05,3.298163369006952e-05,1.2915074982670337e-05,7.64655798613136e-06,1.6042134954109618e-05,2.762149717016333e-05,2.7063626625230537e-05,1.3389341525366959e-05,8.794926590923681e-06,2.4275960359185944e-05,1.0626311512555727e-05
b3320,6.768220606246948e-05,4.340348462892815e-05,5.611130424103328e-06,1.3665976960016089e-05,3.579319124788689e-05,2.802469613037592e-05,6.230294818549947e-06,5.2646501976731846e-05,2.857693086992673e-05,3.298163369006952e-05,1.2915074982670337e-05,7.64655798613136e-06,1.6042134954109618e-05,2.762149717016333e-05,2.7063626625230537e-05,1.3389341525366959e-05,8.794926590923681e-06,2.4275960359185944e-05,1.0626311512555727e-05
b3321,6.768220606246948e-05,4.340348462892815e-05,5.611130424103328e-06,1.3665976960016089e-05,3.579319124788689e-05,2.802469613037592e-05,6.230294818549947e-06,5.2646501976731846e-05,2.857693086992673e-05,3.298163369006952e-05,1.2915074982670337e-05,7.64655798613136e-06,1.6042134954109618e-05,2.762149717016333e-05,2.7063626625230537e-05,1.3389341525366959e-05,8.794926590923681e-06,2.4275960359185944e-05,1.0626311512555727e-05
b3339,1.3147518831564947e-05,7.543523482940298e-06,4.0073778964212e-07,1.5753424944077836e-06,5.89018167939259e-06,4.2734745747962365e-06,4.743174718933778e-07,9.614703591318963e-06,4.383277206615535e-06,5.294705806568512e-06,1.4497406274135615e-06,6.557359820060251e-07,1.981880769839149e-06,4.192114388850228e-06,4.077920925616449e-06,1.5282367493865975e-06,8.146194110905227e-07,3.5235893507191286e-06,1.086005734662656e-06
b3340,1.3147524790972778e-05,7.543523482940299e-06,4.007377999166539e-07,1.5753424944077839e-06,5.8901816793925905e-06,4.2734779025590235e-06,4.7431765648385317e-07,9.614703591318965e-06,4.383279324508233e-06,5.294705806568513e-06,1.4497406328124682e-06,6.557365383946902e-07,1.981882359850344e-06,4.192114388850228e-06,4.07792092561645e-06,1.5282367493865977e-06,8.146194110905227e-07,3.5235902516903762e-06,1.0860079373799645e-06
b3341,6.768117179757674e-05,4.340299117405492e-05,5.611116301116423e-06,1.3665907236519881e-05,3.579283254236695e-05,2.8024457809149993e-05,6.23027753783754e-06,5.2645822067177326e-05,2.857668393449005e-05,3.298132007274999e-05,1.2915011694567702e-05,7.646532968856585e-06,1.604204259082175e-05,2.7621264434995126e-05,2.7063401352784352e-05,1.3389274104133668e-05,8.794894428433112e-06,2.4275772924361742e-05,1.0626266607080855e-05
b3342,6.768117179757674e-05,4.340299117405492e-05,5.611116301116423e-06,1.3665907236519881e-05,3.579283254236695e-05,2.8024457809149993e-05,6.23027753783754e-06,5.2645822067177326e-05,2.857668393449005e-05,3.298132007274999e-05,1.2915011694567702e-05,7.646532968856585e-06,1.604204259082175e-05,2.7621264434995126e-05,2.7063401352784352e-05,1.3389274104133668e-05,8.794894428433112e-06,2.4275772924361742e-05,1.0626266607080855e-05
b3343,3.957925498767827e-10,1.863143214743243e-10,5.217429986519971e-12,2.571194891235352e-11,1.3391430831678217e-10,8.8860067349143e-11,6.300378162812102e-12,2.558248664761973e-10,9.069311683463526e-11,1.1657419401487738e-10,2.3070429983352793e-11,9.074163819610961e-12,3.346931378310846e-11,8.662876119541478e-11,8.295571262296406e-11,2.4581723798262094e-11,1.152022449199049e-11,6.891557474594637e-11,1.635635790227635e-11
b3344,3.957925498767827e-10,1.863143214743243e-10,5.217429986519971e-12,2.571194891235352e-11,1.3391430831678217e-10,8.8860067349143e-11,6.300378162812102e-12,2.558248664761973e-10,9.069311683463526e-11,1.1657419401487738e-10,2.3070429983352793e-11,9.074163819610961e-12,3.346931378310846e-11,8.662876119541478e-11,8.295571262296406e-11,2.4581723798262094e-11,1.152022449199049e-11,6.891557474594637e-11,1.635635790227635e-11
b3345,3.957925498767827e-10,1.863143214743243e-10,5.217429986519971e-12,2.571194891235352e-11,1.3391430831678217e-10,8.8860067349143e-11,6.300378162812102e-12,2.558248664761973e-10,9.069311683463526e-11,1.1657419401487738e-10,2.3070429983352793e-11,9.074163819610961e-12,3.346931378310846e-11,8.662876119541478e-11,8.295571262296406e-11,2.4581723798262094e-11,1.152022449199049e-11,6.891557474594637e-11,1.635635790227635e-11
b3350,0.0,0.0,0.0,0.0,0.0,0.0,0.0,0.0,0.0,0.0,0.0,0.0,0.0,0.0,0.0,0.0,0.0,0.0,0.0
b3359,7.28557437954232e-08,4.080079376845448e-08,2.0674907302444228e-09,8.23286861854565e-09,3.152200676510948e-08,2.280517875467596e-08,2.442671707400405e-09,5.22532855038963e-08,2.3234246450073488e-08,2.8349897124559017e-08,7.54961834498011e-09,3.3836863159820186e-09,1.0320070637672854e-08,2.2353666265588238e-08,2.1622188643069856e-08,7.965931690447592e-09,4.1835288283464174e-09,1.870428661835927e-08,5.624830998867975e-09
b3360,1.9717728766989535e-09,1.096692415867911e-09,5.51414202537695e-11,2.2145595531125377e-10,8.505356074509794e-10,6.131766456285821e-10,6.535850573133124e-11,1.4053459419462915e-09,6.280952400780932e-10,7.621429353376268e-10,2.0313674615338966e-10,9.066273708607875e-11,2.791534400347081e-10,6.013708732901711e-10,5.838773868178841e-10,2.1438396775009132e-10,1.1298773230166006e-10,5.029655291328197e-10,1.5144614741621682e-10
b3365,0.0,0.0,0.0,0.0,0.0,0.0,0.0,0.0,0.0,0.0,0.0,0.0,0.0,0.0,0.0,0.0,0.0,0.0,0.0
b3366,0.0,0.0,0.0,0.0,0.0,0.0,0.0,0.0,0.0,0.0,0.0,0.0,0.0,0.0,0.0,0.0,0.0,0.0,0.0
b3367,0.0,0.0,0.0,0.0,0.0,0.0,0.0,0.0,0.0,0.0,0.0,0.0,0.0,0.0,0.0,0.0,0.0,0.0,0.0
b3368,2.0940374451703615e-07,9.217373762368637e-08,0.0,8.86793247808512e-09,6.335139946437521e-08,3.949624380318576e-08,1.4637811820142232e-09,1.3169198552974956e-07,4.081126455950987e-08,5.401356008317295e-08,7.817747556055059e-09,2.384632615227374e-09,1.244286643032885e-08,3.833737647796255e-08,3.67198086936549e-08,8.465234941946071e-09,4.550390488808334e-09,2.949768283697524e-08,5.083142164656782e-09
b3370,0.0,0.0,0.0,0.0,0.0,0.0,0.0,0.0,0.0,0.0,0.0,0.0,0.0,0.0,0.0,0.0,0.0,0.0,0.0
b3371,0.0,0.0,0.0,0.0,0.0,0.0,0.0,0.0,0.0,0.0,0.0,0.0,0.0,0.0,0.0,0.0,0.0,0.0,0.0
b4474,0.0,0.0,0.0,0.0,0.0,0.0,0.0,0.0,0.0,0.0,0.0,0.0,0.0,0.0,0.0,0.0,0.0,0.0,0.0
b3374,0.0,0.0,0.0,0.0,0.0,0.0,0.0,0.0,0.0,0.0,0.0,0.0,0.0,0.0,0.0,0.0,0.0,0.0,0.0
b3380,0.0,3.6412418045235543e-07,0.0,8.213030341913096e-08,0.0,0.0,0.0,0.0,0.0,0.0,0.0,0.0,0.0,0.0,0.0,0.0,0.0,0.0,0.0
b3384,2.9340452501964944e-07,1.860280110525722e-07,1.1623012309565884e-08,4.372491630293448e-08,1.4782064938326548e-07,1.1024982241735121e-07,1.3562100806229514e-08,2.209969155154981e-07,1.0851054331054717e-07,1.2895159524090902e-07,3.909377709733962e-08,1.8238133969634306e-08,5.1688481781811176e-08,1.0851894846303459e-07,1.0289618873506885e-07,4.120656197094405e-08,2.3075558016175665e-08,9.032168574547871e-08,3.042442180381162e-08
b3385,0.0,0.0,0.0,0.0,0.0,0.0,0.0,0.0,0.0,0.0,0.0,0.0,0.0,0.0,0.0,0.0,0.0,0.0,0.0
b3386,0.0,0.0,1.2817037012753207e-07,3.48857196930737e-07,8.224482154369947e-06,1.529917694040292e-06,1.539051608295444e-07,3.5634071518797948e-06,1.599685330366586e-06,1.1356737854462202e-06,4.95302753170572e-07,2.1973713554283508e-07,6.961409846243915e-07,1.5001980057800474e-06,1.4762318593995478e-06,5.244348639270337e-07,2.692876051936032e-07,1.254133366590683e-06,4.01048729198517e-07
b3389,2.2511617314748288e-05,1.3301831607876325e-05,7.553735102421592e-07,2.9197927319119906e-06,1.057392614571315e-05,7.716453722699091e-06,8.939814158894266e-07,1.686838451930565e-05,7.934848392192855e-06,9.504772255177624e-06,2.6992726638280363e-06,1.2353255614206625e-06,3.674588066437635e-06,7.586400076658522e-06,7.410778602598851e-06,2.8521104123624745e-06,1.5503664459280463e-06,6.418065778965803e-06,2.0368941321242723e-06
b3390,3.192589072712321e-06,1.8864607391199406e-06,1.0712678617877575e-07,4.1408390344215944e-07,1.4995902158639895e-06,1.0943445551128712e-06,1.2678410705332234e-07,2.3922679271632357e-06,1.1253172047282152e-06,1.3479632145585191e-06,3.828098306007839e-07,1.7519340496473422e-07,5.211286929589964e-07,1.0759003961077562e-06,1.0509938249282075e-06,4.044852224238905e-07,2.198723843234034e-07,9.102076668854487e-07,2.888715571862283e-07
b3396,0.0,0.0,0.0,0.0,0.0,0.0,0.0,0.0,0.0,0.0,0.0,0.0,0.0,0.0,0.0,0.0,0.0,0.0,0.0
b3397,0.0,0.0,0.0,0.0,0.0,0.0,0.0,0.0,0.0,0.0,0.0,0.0,0.0,0.0,0.0,0.0,0.0,0.0,0.0
b3403,0.0,0.0,0.0,0.0,0.0,0.0,0.0,0.0,0.0,0.0,0.0,0.0,0.0,0.0,0.0,0.0,0.0,0.0,0.0
b3406,1.454975414157166e-09,7.686569593270006e-10,5.0670918008857454e-11,1.5832025019599647e-10,5.864358205192351e-10,4.172420227569301e-10,5.751452922805836e-11,1.004270253713894e-09,4.2321749587783635e-10,5.178547005285555e-10,1.4479111401072154e-10,7.362334535819978e-11,1.9198104784798465e-10,4.082683510340205e-10,3.935741854928488e-10,1.522538302654917e-10,8.806975225926684e-11,3.4029724547255265e-10,1.1336474080861527e-10
b3409,0.0,0.0,0.0,0.0,0.0,0.0,0.0,0.0,0.0,0.0,0.0,0.0,0.0,0.0,0.0,0.0,0.0,0.0,0.0
b3412,3.424761301936904e-12,1.4205887138939643e-12,1.6015820842496577e-14,1.289038489695016e-13,9.702384754801669e-13,5.939045327073996e-13,2.0667392062495862e-14,2.060712789713956e-12,6.157105398074199e-13,8.229886596063575e-13,1.1324456329462801e-13,3.3765737434504184e-14,1.8243154782713956e-13,5.768351733352342e-13,5.518493174944477e-13,1.2277875187468224e-13,4.6976463459153895e-14,4.412094060550433e-13,7.289895464352136e-14
b3415,0.0,0.0,0.0,0.0,0.0,0.0,0.0,0.0,0.0,0.0,0.0,0.0,0.0,0.0,0.0,0.0,0.0,0.0,0.0
b3416,0.0,0.0,0.0,0.0,0.0,0.0,0.0,0.0,0.0,0.0,0.0,0.0,0.0,0.0,0.0,0.0,0.0,0.0,0.0
b3417,0.0,0.0,0.0,0.0,0.0,0.0,0.0,0.0,0.0,0.0,0.0,0.0,0.0,0.0,0.0,0.0,0.0,0.0,0.0
b3425,0.0,0.0,0.0,0.0,0.0,0.0,0.0,0.0,0.0,0.0,0.0,0.0,0.0,0.0,0.0,0.0,0.0,0.0,0.0
b3426,0.0,0.0,0.0,0.0,0.0,0.0,0.0,0.0,0.0,0.0,0.0,0.0,0.0,0.0,0.0,0.0,0.0,0.0,0.0
b3428,0.0,0.0,0.0,0.0,0.0,0.0,0.0,0.0,0.0,0.0,0.0,0.0,0.0,0.0,0.0,0.0,0.0,0.0,0.0
b3429,3.132421851633894e-08,1.7422408678919595e-08,8.759943489140858e-10,3.5181205796520456e-09,1.3511882397086681e-08,9.741121537761149e-09,1.0383062570863173e-09,2.2325777931520307e-08,9.978123130599508e-09,1.2107647959519409e-08,3.227095727099992e-09,1.4402974203236865e-09,4.4347213913775605e-09,9.553571238813102e-09,9.275664082595434e-09,3.405772709200785e-09,1.7949594794143087e-09,7.990272270667778e-09,2.405922239413962e-09
b3430,6.396705796799124e-07,3.5578229200679747e-07,1.7888644617707513e-08,7.184339585027501e-08,2.759255954303507e-07,1.989230428060627e-07,2.1203209427531183e-08,4.559137941082693e-07,2.0376284259857463e-07,2.4724978165971764e-07,6.590038929015506e-08,2.9412254460214858e-08,9.05612633771443e-08,1.9509308585487298e-07,1.8941795523278814e-07,6.95491446024785e-08,3.665479380116072e-08,1.631690218388809e-07,4.913123922781886e-08
b3431,0.0,0.0,0.0,0.0,0.0,0.0,0.0,0.0,0.0,0.0,0.0,0.0,0.0,0.0,0.0,0.0,0.0,0.0,0.0
b3432,0.0,0.0,0.0,0.0,0.0,0.0,0.0,0.0,0.0,0.0,0.0,0.0,0.0,0.0,0.0,0.0,0.0,0.0,0.0
b3433,1.1778815134830687e-07,6.75562893658811e-08,3.578824453080341e-09,1.4070922996479006e-08,5.2657273952229606e-08,3.824720353660347e-08,4.230628069408961e-09,8.620182763406982e-08,3.922715021173264e-08,4.7413571310373104e-08,1.2972119807556653e-08,5.859336418669753e-09,1.7701696621167358e-08,3.751414590000909e-08,3.651191783137704e-08,1.3678775790511751e-08,7.2793638765242755e-09,3.1589746100165126e-08,9.693724478024654e-09
b4476,0.0,0.0,0.0,0.0,0.0,0.0,0.0,0.0,0.0,0.0,0.0,0.0,0.0,0.0,0.0,0.0,0.0,0.0,0.0
b3437,0.0,0.0,0.0,0.0,0.0,0.0,0.0,0.0,0.0,0.0,0.0,0.0,0.0,0.0,0.0,0.0,0.0,0.0,0.0
b3447,0.0,0.0,0.0,0.0,0.0,0.0,0.0,0.0,0.0,0.0,0.0,0.0,0.0,0.0,0.0,0.0,0.0,0.0,0.0
b3449,0.0,0.0,0.0,0.0,0.0,0.0,0.0,0.0,0.0,0.0,0.0,0.0,0.0,0.0,0.0,0.0,0.0,0.0,0.0
b3450,0.0,0.0,0.0,0.0,0.0,0.0,0.0,0.0,0.0,0.0,0.0,0.0,0.0,0.0,0.0,0.0,0.0,0.0,0.0
b3451,0.0,0.0,0.0,0.0,0.0,0.0,0.0,0.0,0.0,0.0,0.0,0.0,0.0,0.0,0.0,0.0,0.0,0.0,0.0
b3452,0.0,0.0,0.0,0.0,0.0,0.0,0.0,0.0,0.0,0.0,0.0,0.0,0.0,0.0,0.0,0.0,0.0,0.0,0.0
b3453,0.0,0.0,0.0,0.0,0.0,0.0,0.0,0.0,0.0,0.0,0.0,0.0,0.0,0.0,0.0,0.0,0.0,0.0,0.0
b3454,0.0,0.0,0.0,0.0,0.0,0.0,0.0,0.0,0.0,0.0,0.0,0.0,0.0,0.0,0.0,0.0,0.0,0.0,0.0
b3455,0.0,0.0,0.0,0.0,0.0,0.0,0.0,0.0,0.0,0.0,0.0,0.0,0.0,0.0,0.0,0.0,0.0,0.0,0.0
b3456,0.0,0.0,0.0,0.0,0.0,0.0,0.0,0.0,0.0,0.0,0.0,0.0,0.0,0.0,0.0,0.0,0.0,0.0,0.0
b3457,0.0,0.0,0.0,0.0,0.0,0.0,0.0,0.0,0.0,0.0,0.0,0.0,0.0,0.0,0.0,0.0,0.0,0.0,0.0
b3458,0.0,0.0,0.0,0.0,0.0,0.0,0.0,0.0,0.0,0.0,0.0,0.0,0.0,0.0,0.0,0.0,0.0,0.0,0.0
b3460,0.0,0.0,0.0,0.0,0.0,0.0,0.0,0.0,0.0,0.0,0.0,0.0,0.0,0.0,0.0,0.0,0.0,0.0,0.0
b3461,2.785751957879608e-09,1.5740709939023215e-09,1.7612086904678152e-10,4.071252926374722e-10,1.2311077707659487e-09,9.101997436119533e-10,1.920752513782721e-10,2.013318609120099e-09,9.399503238849778e-10,1.115345780148221e-09,4.957995504958379e-10,2.2949462699362736e-10,4.814416733628007e-10,8.962779829822589e-10,8.785812828532722e-10,3.967415285405359e-10,2.5864801064331347e-10,7.556704762003009e-10,3.12816161462005e-10
b3464,2.4073194496004516e-09,9.945763398057787e-10,2.36239120559947e-11,1.1964125360578668e-10,8.442861127794015e-10,5.502578171792583e-10,3.7114368215863705e-11,2.0714128272815917e-09,9.977098856054512e-10,1.0289830623057e-09,2.2731748281016866e-10,9.655944534419269e-11,4.196024060462705e-10,5.44778881312277e-10,8.116363560718449e-10,2.4716275499086893e-10,1.2228044342896146e-10,6.053261495351694e-10,1.227740895600414e-10
b3465,2.1446832858078248e-10,1.0257202615065108e-10,2.973412057001862e-12,1.451272627468029e-11,7.449192071851576e-11,4.952185172685261e-11,3.594390887213962e-12,1.4083882313697853e-10,5.1108300113607156e-11,6.497601945956295e-11,1.3135781125244061e-11,5.1957211198640855e-12,1.9127050781364377e-11,4.833721276124142e-11,4.666701899935246e-11,1.3990074865216577e-11,6.671340859174683e-12,3.885161094091224e-11,9.332041828013308e-12
b3469,0.0,0.0,0.0,0.0,0.0,0.0,0.0,0.0,0.0,0.0,0.0,0.0,0.0,0.0,0.0,0.0,0.0,0.0,0.0
b3470,1.9789627493839134e-10,9.315716073716215e-11,2.6087149932599855e-12,1.285597445617676e-11,6.695715415839108e-11,4.44300336745715e-11,3.150189081406051e-12,1.2791243323809864e-10,4.534655841731763e-11,5.828709700743869e-11,1.1535214991676397e-11,4.537081909805481e-12,1.673465689155423e-11,4.331438059770739e-11,4.147785631148203e-11,1.2290861899131047e-11,5.760112245995245e-12,3.4457787372973184e-11,8.178178951138175e-12
b3475,2.492954507879943e-11,9.83212285813233e-12,1.1084659396935403e-13,8.921543795063656e-13,6.715202219677425e-12,4.110492637439836e-12,1.4304049397616198e-13,1.4262715718655186e-11,4.2614398351336224e-12,5.696068502907028e-12,7.837799599595574e-13,2.336955100201052e-13,1.2626337566349508e-12,3.992352042230155e-12,3.819435002560693e-12,8.497642965572286e-13,3.251280682081191e-13,3.053681602697504e-12,5.045388621135894e-13
b3476,0.0,0.0,0.0,0.0,0.0,0.0,0.0,0.0,0.0,0.0,0.0,0.0,0.0,0.0,0.0,0.0,0.0,0.0,0.0
b3477,0.0,0.0,0.0,0.0,0.0,0.0,0.0,0.0,0.0,0.0,0.0,0.0,0.0,0.0,0.0,0.0,0.0,0.0,0.0
b3478,0.0,0.0,0.0,0.0,0.0,0.0,0.0,0.0,0.0,0.0,0.0,0.0,0.0,0.0,0.0,0.0,0.0,0.0,0.0
b3479,0.0,0.0,0.0,0.0,0.0,0.0,0.0,0.0,0.0,0.0,0.0,0.0,0.0,0.0,0.0,0.0,0.0,0.0,0.0
b3480,0.0,0.0,0.0,0.0,0.0,0.0,0.0,0.0,0.0,0.0,0.0,0.0,0.0,0.0,0.0,0.0,0.0,0.0,0.0
b3493,3.4880653678966106e-06,1.7812125754793838e-06,7.3539420198753e-08,3.145043743208147e-07,1.3507988555522702e-06,9.499468497400824e-07,8.90711854731993e-08,2.390088489296513e-06,1.005967849816256e-06,1.2288493538808613e-06,2.9758815172107335e-07,1.297876433751123e-07,4.25801770263285e-07,9.304557384120394e-07,9.217975214562617e-07,3.1560909480976175e-07,1.5755201138260033e-07,7.759966257143179e-07,2.160891224010035e-07
b3496,0.0,0.0,0.0,0.0,0.0,0.0,0.0,0.0,0.0,0.0,0.0,0.0,0.0,0.0,0.0,0.0,0.0,0.0,0.0
b3500,6.068760216333587e-10,2.9387987573927456e-10,9.238133922339625e-12,4.3973567341221045e-11,2.1625864153472863e-10,1.5556877218351286e-10,1.1667438562871223e-11,3.9674368933197986e-10,1.558933086579495e-10,1.8799144293008072e-10,3.9820730583556806e-11,1.7660600801975105e-11,6.234130543084678e-11,1.4210907267435547e-10,1.372103820178992e-10,4.2401482764263245e-11,2.0674074083581484e-11,1.1756166900607032e-10,3.5371521069232066e-11
b3502,0.0,0.0,0.0,0.0,0.0,0.0,0.0,0.0,0.0,0.0,0.0,0.0,0.0,0.0,0.0,0.0,0.0,0.0,0.0
b3503,0.0,0.0,0.0,0.0,0.0,0.0,0.0,0.0,0.0,0.0,0.0,0.0,0.0,0.0,0.0,0.0,0.0,0.0,0.0
b3517,0.0,0.0,0.0,0.0,0.0,0.0,0.0,0.0,0.0,0.0,0.0,0.0,0.0,0.0,0.0,0.0,0.0,0.0,0.0
b3519,0.0,0.0,0.0,0.0,0.0,0.0,0.0,0.0,0.0,0.0,0.0,0.0,0.0,0.0,0.0,0.0,0.0,0.0,0.0
b3526,0.0,0.0,0.0,0.0,0.0,0.0,0.0,0.0,0.0,0.0,0.0,0.0,0.0,0.0,0.0,0.0,0.0,0.0,0.0
b3528,0.0,0.0,0.0,0.0,0.0,0.0,0.0,0.0,0.0,0.0,0.0,0.0,0.0,0.0,0.0,0.0,0.0,0.0,0.0
b3540,0.0,0.0,0.0,0.0,0.0,0.0,0.0,0.0,0.0,0.0,0.0,0.0,0.0,0.0,0.0,0.0,0.0,0.0,0.0
b3541,0.0,0.0,0.0,0.0,0.0,0.0,0.0,0.0,0.0,0.0,0.0,0.0,0.0,0.0,0.0,0.0,0.0,0.0,0.0
b3542,0.0,0.0,0.0,0.0,0.0,0.0,0.0,0.0,0.0,0.0,0.0,0.0,0.0,0.0,0.0,0.0,0.0,0.0,0.0
b3543,0.0,0.0,0.0,0.0,0.0,0.0,0.0,0.0,0.0,0.0,0.0,0.0,0.0,0.0,0.0,0.0,0.0,0.0,0.0
b3544,0.0,0.0,0.0,0.0,0.0,0.0,0.0,0.0,0.0,0.0,0.0,0.0,0.0,0.0,0.0,0.0,0.0,0.0,0.0
b3546,0.0,0.0,0.0,0.0,0.0,0.0,0.0,0.0,0.0,0.0,0.0,0.0,0.0,0.0,0.0,0.0,0.0,0.0,0.0
b3551,0.0,0.0,0.0,0.0,0.0,0.0,0.0,0.0,0.0,0.0,0.0,0.0,0.0,0.0,0.0,0.0,0.0,0.0,0.0
b3553,0.0,0.0,0.0,0.0,0.0,0.0,0.0,0.0,0.0,0.0,0.0,0.0,0.0,0.0,0.0,0.0,0.0,0.0,0.0
b3559,2.032844859414709e-06,1.1377507015679933e-06,5.863801591922962e-08,2.3375326480760922e-07,9.019901927729796e-07,6.460833291959317e-07,7.018429757459721e-08,1.4809409162659544e-06,6.712753477312141e-07,8.098220366665849e-07,2.1735788821201094e-07,9.781452115914357e-08,3.0141526350516656e-07,6.298637883338521e-07,6.197765096164858e-07,2.2950068105408784e-07,1.2215646238529536e-07,5.358355980484497e-07,1.6245427765897989e-07
b3560,2.032844859414709e-06,1.1377507015679933e-06,5.863801591922962e-08,2.3375326480760922e-07,9.019901927729796e-07,6.460833291959317e-07,7.018429757459721e-08,1.4809409162659544e-06,6.712753477312141e-07,8.098220366665849e-07,2.1735788821201094e-07,9.781452115914357e-08,3.0141526350516656e-07,6.298637883338521e-07,6.197765096164858e-07,2.2950068105408784e-07,1.2215646238529536e-07,5.358355980484497e-07,1.6245427765897989e-07
b3564,0.0,0.0,0.0,0.0,0.0,0.0,0.0,0.0,0.0,0.0,0.0,0.0,0.0,0.0,0.0,0.0,0.0,0.0,0.0
b3565,0.0,0.0,0.0,0.0,0.0,0.0,0.0,0.0,0.0,0.0,0.0,0.0,0.0,0.0,0.0,0.0,0.0,0.0,0.0
b3566,0.0,0.0,0.0,0.0,0.0,0.0,0.0,0.0,0.0,0.0,0.0,0.0,0.0,0.0,0.0,0.0,0.0,0.0,0.0
b3567,0.0,0.0,0.0,0.0,0.0,0.0,0.0,0.0,0.0,0.0,0.0,0.0,0.0,0.0,0.0,0.0,0.0,0.0,0.0
b3568,0.0,0.0,0.0,0.0,0.0,0.0,0.0,0.0,0.0,0.0,0.0,0.0,0.0,0.0,0.0,0.0,0.0,0.0,0.0
b3571,0.0,0.0,0.0,0.0,0.0,0.0,0.0,0.0,0.0,0.0,0.0,0.0,0.0,0.0,0.0,0.0,0.0,0.0,0.0
b3572,0.0,0.0,0.0,0.0,0.0,0.0,0.0,0.0,0.0,0.0,0.0,0.0,0.0,5.525930307317434e-07,5.422735674721498e-07,0.0,0.0,0.0,0.0
b3575,0.0,0.0,0.0,0.0,0.0,0.0,0.0,0.0,0.0,0.0,0.0,0.0,0.0,0.0,0.0,0.0,0.0,0.0,0.0
b3577,0.0,0.0,0.0,0.0,0.0,0.0,0.0,0.0,0.0,0.0,0.0,0.0,0.0,0.0,0.0,0.0,0.0,0.0,0.0
b3578,0.0,0.0,0.0,0.0,0.0,0.0,0.0,0.0,0.0,0.0,0.0,0.0,0.0,0.0,0.0,0.0,0.0,0.0,0.0
b3579,0.0,0.0,0.0,0.0,0.0,0.0,0.0,0.0,0.0,0.0,0.0,0.0,0.0,0.0,0.0,0.0,0.0,0.0,0.0
b3580,0.0,0.0,0.0,0.0,0.0,0.0,0.0,0.0,0.0,0.0,0.0,0.0,0.0,0.0,0.0,0.0,0.0,0.0,0.0
b3581,0.0,0.0,0.0,0.0,0.0,0.0,0.0,0.0,0.0,0.0,0.0,0.0,0.0,0.0,0.0,0.0,0.0,0.0,0.0
b3583,0.0,0.0,0.0,0.0,0.0,0.0,0.0,0.0,0.0,0.0,0.0,0.0,0.0,0.0,0.0,0.0,0.0,0.0,0.0
b3588,0.0,0.0,0.0,0.0,0.0,0.0,0.0,0.0,0.0,0.0,0.0,0.0,0.0,0.0,0.0,0.0,0.0,0.0,0.0
b3590,5.959407828759381e-12,0.0,1.0274533908290969e-14,0.0,0.0,3.327762785808924e-12,1.8459047537949336e-13,0.0,2.117892697809596e-12,0.0,5.39890662931033e-15,5.563886649678528e-13,1.5900111949849218e-12,0.0,0.0,0.0,0.0,9.009712472655562e-13,2.2027173085577693e-12
b3591,5.95940782875938e-11,0.0,1.0274533908290969e-13,0.0,0.0,3.327762785808924e-11,1.8459047537949334e-12,0.0,2.1178926978095963e-11,0.0,5.3989066293103304e-14,5.563886649678528e-12,1.5900111949849217e-11,0.0,0.0,0.0,0.0,9.009712472655563e-12,2.2027173085577693e-11
b3599,0.0,0.0,0.0,0.0,0.0,0.0,0.0,0.0,0.0,0.0,0.0,0.0,0.0,0.0,0.0,0.0,0.0,0.0,0.0
b3600,0.0,0.0,0.0,0.0,0.0,0.0,0.0,0.0,0.0,0.0,0.0,0.0,0.0,0.0,0.0,0.0,0.0,0.0,0.0
b3603,0.0,0.0,0.0,0.0,0.0,0.0,7.548490290819919e-11,0.0,7.254099169477942e-10,0.0,0.0,0.0,3.2240440753235303e-10,0.0,0.0,0.0,1.3049361987662278e-10,0.0,0.0
b3605,0.0,0.0,0.0,0.0,0.0,0.0,0.0,0.0,0.0,0.0,0.0,0.0,0.0,0.0,0.0,0.0,0.0,0.0,0.0
b3607,7.582540212915482e-06,4.475313889630106e-06,0.0,9.581586370664783e-07,3.4927595282772974e-06,2.564612267578129e-06,2.911278984541775e-07,5.6484130349619995e-06,2.618339899092685e-06,3.1458883982175095e-06,8.819543763679245e-07,4.026853124981397e-07,1.197450776835311e-06,2.5136795838128775e-06,2.443421016508308e-06,9.296117119268634e-07,5.004533519734763e-07,2.1148399894541246e-06,6.641434045717806e-07
b3608,2.5758969517667336e-06,1.3122221951880253e-06,6.597196084657794e-08,2.6495883293347346e-07,1.017694293883347e-06,7.336618932885774e-07,7.819606637686882e-08,1.681625386765581e-06,7.515252314993449e-07,9.119317271540595e-07,2.430421791456259e-07,1.084714111655299e-07,3.3399968828517374e-07,7.195333214900845e-07,6.986100051953845e-07,2.564994499352899e-07,1.3518188320800096e-07,6.017978366952219e-07,1.811945224452909e-07
b3609,3.093847945050432e-05,1.0150678676996844e-05,2.2791799324752086e-07,1.3619020359733403e-06,9.25769847383726e-06,5.483362458361335e-06,3.132294911213806e-07,1.739341750821455e-05,7.425147514346696e-06,9.16169193354202e-06,1.5366115434698285e-06,6.131961906013001e-07,2.97232702259394e-06,5.1773971715453755e-06,5.895864384487155e-06,1.670361677479506e-06,7.333822549583513e-07,5.409446235961549e-06,7.960724758697354e-07
b3610,0.0,0.0,0.0,0.0,0.0,0.0,0.0,0.0,0.0,0.0,0.0,0.0,0.0,0.0,0.0,0.0,0.0,0.0,0.0
b3612,0.0,0.0,0.0,0.0,0.0,0.0,0.0,0.0,0.0,0.0,0.0,0.0,0.0,0.0,0.0,0.0,0.0,0.0,0.0
b3616,0.0,0.0,0.0,0.0,0.0,0.0,0.0,0.0,0.0,0.0,0.0,0.0,0.0,0.0,0.0,0.0,0.0,0.0,0.0
b3617,0.0,0.0,0.0,0.0,0.0,0.0,0.0,0.0,0.0,0.0,0.0,0.0,0.0,0.0,0.0,0.0,0.0,0.0,0.0
b3619,0.0,0.0,0.0,0.0,0.0,0.0,0.0,0.0,0.0,0.0,0.0,0.0,0.0,0.0,0.0,0.0,0.0,0.0,0.0
b3620,0.0,0.0,0.0,0.0,0.0,0.0,0.0,0.0,0.0,0.0,0.0,0.0,0.0,0.0,0.0,0.0,0.0,0.0,0.0
b3621,0.0,0.0,0.0,0.0,0.0,0.0,0.0,0.0,0.0,0.0,0.0,0.0,0.0,0.0,0.0,0.0,0.0,0.0,0.0
b3622,0.0,0.0,0.0,0.0,0.0,0.0,0.0,0.0,0.0,0.0,0.0,0.0,0.0,0.0,0.0,0.0,0.0,0.0,0.0
b3623,0.0,0.0,0.0,0.0,0.0,0.0,0.0,0.0,0.0,0.0,0.0,0.0,0.0,0.0,0.0,0.0,0.0,0.0,0.0
b3624,0.0,0.0,0.0,0.0,0.0,0.0,0.0,0.0,0.0,0.0,0.0,0.0,0.0,0.0,0.0,0.0,0.0,0.0,0.0
b3625,0.0,0.0,0.0,0.0,0.0,0.0,0.0,0.0,0.0,0.0,0.0,0.0,0.0,0.0,0.0,0.0,0.0,0.0,0.0
b3626,0.0,0.0,0.0,0.0,0.0,0.0,0.0,0.0,0.0,0.0,0.0,0.0,0.0,0.0,0.0,0.0,0.0,0.0,0.0
b3627,0.0,0.0,0.0,0.0,0.0,0.0,0.0,0.0,0.0,0.0,0.0,0.0,0.0,0.0,0.0,0.0,0.0,0.0,0.0
b3628,0.0,0.0,0.0,0.0,0.0,0.0,0.0,0.0,0.0,0.0,0.0,0.0,0.0,0.0,0.0,0.0,0.0,0.0,0.0
b3629,0.0,0.0,0.0,0.0,0.0,0.0,0.0,0.0,0.0,0.0,0.0,0.0,0.0,0.0,0.0,0.0,0.0,0.0,0.0
b3630,0.0,0.0,0.0,0.0,0.0,0.0,0.0,0.0,0.0,0.0,0.0,0.0,0.0,0.0,0.0,0.0,0.0,0.0,0.0
b3631,0.0,0.0,0.0,0.0,0.0,0.0,0.0,0.0,0.0,0.0,0.0,0.0,0.0,0.0,0.0,0.0,0.0,0.0,0.0
b3632,0.0,0.0,0.0,0.0,0.0,0.0,0.0,0.0,0.0,0.0,0.0,0.0,0.0,0.0,0.0,0.0,0.0,0.0,0.0
b3633,9.515252260519274e-09,5.292346351092811e-09,2.6609785027387374e-10,1.068687628419278e-09,4.1044589653748935e-09,2.959027650883848e-09,3.154027914438963e-10,6.7818262990325535e-09,3.031020825775843e-09,3.6778994041398236e-09,9.802839900437893e-10,4.375142919337801e-10,1.347120367011486e-09,2.902056128829894e-09,2.817637208848368e-09,1.0345600945522073e-09,5.452487900098357e-10,2.4271780713692356e-09,7.308388879766037e-10
b3634,7.593277867054485e-09,4.216021531041117e-09,2.112835663613028e-10,8.493577804326282e-10,3.268065538873715e-09,2.354718652225619e-09,2.504532175145494e-10,5.4056031296028575e-09,2.4121015522785824e-09,2.9278451124569737e-09,7.79034645921886e-10,3.4748291378383396e-10,1.0708978201527297e-09,2.3093112972113344e-09,2.242031749341063e-09,8.22209078890385e-10,4.3310946543469764e-10,1.9309084456073325e-09,5.806548543643419e-10
b3636,6.768117179757674e-05,4.340299117405492e-05,5.611116301116423e-06,1.3665907236519881e-05,3.579283254236695e-05,2.8024457809149993e-05,6.23027753783754e-06,5.2645822067177326e-05,2.857668393449005e-05,3.298132007274999e-05,1.2915011694567702e-05,7.646532968856585e-06,1.604204259082175e-05,2.7621264434995126e-05,2.7063401352784352e-05,1.3389274104133668e-05,8.794894428433112e-06,2.4275772924361742e-05,1.0626266607080855e-05
b3637,6.768117179757674e-05,4.340299117405492e-05,5.611116301116423e-06,1.3665907236519881e-05,3.579283254236695e-05,2.8024457809149993e-05,6.23027753783754e-06,5.2645822067177326e-05,2.857668393449005e-05,3.298132007274999e-05,1.2915011694567702e-05,7.646532968856585e-06,1.604204259082175e-05,2.7621264434995126e-05,2.7063401352784352e-05,1.3389274104133668e-05,8.794894428433112e-06,2.4275772924361742e-05,1.0626266607080855e-05
b3639,9.259070338700791e-09,5.1409207708250725e-09,2.57634375641481e-10,1.0356875606870317e-09,3.9850047931478795e-09,2.8712903716330304e-09,3.053969574302821e-10,6.59146951769714e-09,2.9412617749099035e-09,3.570147742739773e-09,9.499371298094827e-10,4.237127623342558e-10,1.3058284466813292e-09,2.8159216756189193e-09,2.7338825250710834e-09,1.0025830514638582e-09,5.281238320299426e-10,2.354505844312653e-09,7.080373236957599e-10
b3640,0.0,0.0,0.0,0.0,0.0,0.0,0.0,0.0,0.0,0.0,0.0,0.0,0.0,0.0,0.0,0.0,0.0,0.0,0.0
b3642,1.8942923028002162e-06,9.56855999116099e-07,3.640365568184829e-08,0.0,0.0,5.000069037071571e-07,4.4417672783018666e-08,1.3016567849755557e-06,5.333299466298844e-07,6.5461010663832e-07,1.524509055019364e-07,6.565647100229713e-08,2.2090279521515592e-07,4.893986761009761e-07,4.866557363838107e-07,1.6191360807201518e-07,7.927781702158661e-08,4.066243285758678e-07,1.0971315076359741e-07
b3643,5.047307585050589e-09,2.4008421478667173e-09,6.988583800892479e-11,3.3785706804027604e-10,1.742091151187189e-09,1.1563908438346224e-09,8.367662328475752e-11,3.3035652249281773e-09,1.1952077806317884e-09,1.5205422376146542e-09,3.0609251113244675e-10,1.2096549079394922e-10,4.4638281883509195e-10,1.1286632128492215e-09,1.0902793517475618e-09,3.259222367916683e-10,1.553147467747995e-10,9.072560770494508e-10,2.1737404481019382e-10
b3648,1.6091582202425028e-06,8.526503952431196e-07,4.799770490381939e-08,1.685208131518356e-07,6.542428835328711e-07,4.6814585159129015e-07,5.621647419146532e-08,1.1340912965608921e-06,4.950962601371262e-07,5.986183765456356e-07,1.6043990236726244e-07,7.724396381695987e-08,2.2217537072844554e-07,4.5919123216125627e-07,4.556569279910075e-07,1.6915511129121706e-07,9.151849440480699e-08,3.873402849421524e-07,1.205245518365539e-07
b3649,1.454975414157166e-09,7.686569593270006e-10,5.0670918008857454e-11,1.5832025019599647e-10,5.864358205192351e-10,4.172420227569301e-10,5.751452922805836e-11,1.004270253713894e-09,4.2321749587783635e-10,5.178547005285555e-10,1.4479111401072154e-10,7.362334535819978e-11,1.9198104784798465e-10,4.082683510340205e-10,3.935741854928488e-10,1.522538302654917e-10,8.806975225926684e-11,3.4029724547255265e-10,1.1336474080861527e-10
b3650,0.0,0.0,0.0,0.0,0.0,0.0,0.0,0.0,0.0,0.0,0.0,0.0,0.0,0.0,0.0,0.0,0.0,0.0,0.0
b3651,7.948791730223858e-10,3.856428328517058e-10,1.1472364413010076e-11,5.5457895244168254e-11,2.799472335731946e-10,1.873429855860904e-10,1.3835031307867656e-11,5.276958922436106e-10,1.944323573243672e-10,2.4565002379924873e-10,5.04500549183402e-11,2.0049295438829873e-11,7.339486288328347e-11,1.8331377334588716e-10,1.7764787739606538e-10,5.368269116452405e-11,2.5706920909284492e-11,1.4775729665639949e-10,3.569366863289493e-11
b3653,0.0,0.0,0.0,0.0,0.0,0.0,0.0,0.0,0.0,0.0,0.0,0.0,0.0,0.0,0.0,0.0,0.0,0.0,0.0
b3654,0.0,5.021764507499667e-06,0.0,0.0,0.0,0.0,0.0,0.0,0.0,0.0,0.0,0.0,0.0,0.0,0.0,0.0,0.0,0.0,0.0
b3665,0.0,4.3107240793196e-06,0.0,0.0,0.0,4.343080071775545e-09,3.1537614216341905e-10,1.2362596805458509e-08,4.482075721317229e-09,0.0,0.0,4.5597039761841146e-10,1.6772926024134104e-09,0.0,0.0,0.0,5.856734399662013e-10,0.0,0.0
b3666,0.0,0.0,0.0,0.0,0.0,0.0,0.0,0.0,0.0,0.0,0.0,0.0,0.0,0.0,0.0,0.0,0.0,0.0,0.0
b3670,0.0,0.0,1.4340822525803578e-07,5.625151194548843e-07,0.0,0.0,1.6988407367014323e-07,0.0,0.0,0.0,5.204645144437784e-07,2.3535309956527537e-07,7.110186655515327e-07,0.0,0.0,5.478925129864294e-07,2.9191264428219155e-07,0.0,3.882287834229803e-07
b3671,0.0,0.0,1.4340822525803578e-07,5.625151194548843e-07,0.0,0.0,1.6988407367014323e-07,0.0,0.0,0.0,5.204645144437784e-07,2.3535309956527537e-07,7.110186655515327e-07,0.0,0.0,5.478925129864294e-07,2.9191264428219155e-07,0.0,3.882287834229803e-07
b3679,0.0,0.0,0.0,0.0,0.0,0.0,0.0,0.0,0.0,0.0,0.0,0.0,0.0,0.0,0.0,0.0,0.0,0.0,0.0
b3691,0.0,0.0,0.0,0.0,0.0,0.0,0.0,0.0,0.0,0.0,0.0,0.0,0.0,0.0,0.0,0.0,0.0,0.0,0.0
b4478,0.0,0.0,0.0,0.0,0.0,0.0,0.0,0.0,0.0,0.0,0.0,0.0,0.0,0.0,0.0,0.0,0.0,0.0,0.0
b4477,0.0,0.0,0.0,0.0,0.0,0.0,0.0,0.0,0.0,0.0,0.0,0.0,0.0,0.0,0.0,0.0,0.0,0.0,0.0
b3693,0.0,0.0,0.0,0.0,0.0,0.0,0.0,0.0,0.0,0.0,0.0,0.0,0.0,0.0,0.0,0.0,0.0,0.0,0.0
b3703,6.768117179757674e-05,4.340299117405492e-05,5.611116301116423e-06,1.3665907236519881e-05,3.579283254236695e-05,2.8024457809149993e-05,6.23027753783754e-06,5.2645822067177326e-05,2.857668393449005e-05,3.298132007274999e-05,1.2915011694567702e-05,7.646532968856585e-06,1.604204259082175e-05,2.7621264434995126e-05,2.7063401352784352e-05,1.3389274104133668e-05,8.794894428433112e-06,2.4275772924361742e-05,1.0626266607080855e-05
b3704,5.047307585050589e-09,2.4008421478667173e-09,6.988583800892479e-11,3.3785706804027604e-10,1.742091151187189e-09,1.1563908438346224e-09,8.367662328475752e-11,3.3035652249281773e-09,1.1952077806317884e-09,1.5205422376146542e-09,3.0609251113244675e-10,1.2096549079394922e-10,4.4638281883509195e-10,1.1286632128492215e-09,1.0902793517475618e-09,3.259222367916683e-10,1.553147467747995e-10,9.072560770494508e-10,2.1737404481019382e-10
b3705,2.4853801469463286e-06,1.328140840164179e-06,6.216420972012668e-08,2.5371410153955767e-07,1.013998713477093e-06,7.271550299454992e-07,7.393017432221411e-08,1.7715219665634317e-06,7.853825192780239e-07,9.41963564023097e-07,2.4055565944204834e-07,1.069512419626191e-07,3.4084367530998655e-07,7.159529774833217e-07,7.18391414986849e-07,2.5405590795236405e-07,1.4902824286477652e-07,5.977140045551751e-07,1.719707386844262e-07
b3706,3.9737410804253597e-10,1.8688214691008413e-10,5.222874072610712e-12,2.575311544879237e-11,1.342877701523343e-10,8.908181568062322e-11,6.307805328095938e-12,2.5679076916883115e-10,9.097862002109432e-11,1.169687515020656e-10,2.3120187681803818e-11,9.090125289850491e-12,3.355724523674944e-11,8.685697947710306e-11,8.320277894374217e-11,2.4635870615659914e-11,1.1544150021995112e-11,6.91089524926448e-11,1.638365043288122e-11
b3708,0.0,0.0,0.0,0.0,0.0,0.0,0.0,0.0,0.0,0.0,0.0,0.0,0.0,0.0,0.0,0.0,0.0,0.0,0.0
b3709,0.0,0.0,0.0,0.0,0.0,0.0,0.0,0.0,0.0,0.0,0.0,0.0,0.0,0.0,0.0,0.0,0.0,0.0,0.0
b3714,0.0,0.0,0.0,0.0,0.0,0.0,0.0,0.0,0.0,0.0,0.0,0.0,0.0,0.0,0.0,0.0,0.0,0.0,0.0
b3722,0.0,0.0,0.0,0.0,0.0,0.0,0.0,0.0,0.0,0.0,0.0,0.0,0.0,0.0,0.0,0.0,0.0,0.0,0.0
b3725,0.0,0.0,0.0,0.0,0.0,0.0,0.0,0.0,0.0,0.0,0.0,0.0,0.0,0.0,0.0,0.0,0.0,0.0,0.0
b3726,0.0,0.0,0.0,0.0,0.0,0.0,0.0,0.0,0.0,0.0,0.0,0.0,0.0,0.0,0.0,0.0,0.0,0.0,0.0
b3727,0.0,0.0,0.0,0.0,0.0,0.0,0.0,0.0,0.0,0.0,0.0,0.0,0.0,0.0,0.0,0.0,0.0,0.0,0.0
b3728,0.0,0.0,0.0,0.0,0.0,0.0,0.0,0.0,0.0,0.0,0.0,0.0,0.0,0.0,0.0,0.0,0.0,0.0,0.0
b3729,3.066459301228911e-06,1.705552753548101e-06,8.575476568235596e-08,3.444035984071453e-07,1.3227349129889881e-06,9.53599296604579e-07,1.0164416002607554e-07,2.1855641621058093e-06,9.768003778505857e-07,0.0,3.15913953389137e-07,1.4099676321641789e-07,4.3413350126692716e-07,9.352392101954793e-07,9.080337115613399e-07,3.334053935472594e-07,1.7571612163629861e-07,7.822013088997038e-07,2.3552583204066818e-07
b3730,4.278785732428692e-06,2.3798440060370173e-06,1.196579611353007e-07,4.805637571876543e-07,1.8456789141843215e-06,1.330605321626318e-06,1.4182923658239175e-07,3.049628198351788e-06,1.3629789635567843e-06,1.6538650857463085e-06,4.408107147858983e-07,1.9673991385675967e-07,6.057684282474598e-07,1.3049865645986507e-06,1.2670253565849935e-06,4.6521740577253893e-07,2.451855904018644e-07,1.0914450418649977e-06,3.28641103878384e-07
b3731,4.139282110746145e-05,2.320131758394587e-05,1.9111078053440805e-06,5.108851780357723e-06,1.7170477229759376e-05,1.4379974963343802e-05,2.200348743675433e-06,3.6405536655967706e-05,2.3502040713297828e-05,2.342214573606485e-05,8.152304629672434e-06,5.420773239292558e-06,1.3238825334281498e-05,1.4916536988718842e-05,2.0050973801652084e-05,8.686037602957143e-06,3.9655880821040855e-06,1.4253034668591605e-05,3.843794849840318e-06
b3732,0.00012417846332238435,6.96039527518376e-05,5.7333234160322415e-06,1.5326555341073168e-05,5.151143168927813e-05,4.3139924890031405e-05,6.6010462310263e-06,0.00010921660996790312,7.050612213989347e-05,7.026643720819454e-05,2.4456913889017303e-05,1.6262319717877672e-05,3.971647600284449e-05,4.474961096615653e-05,6.0152921404956256e-05,2.605811280887143e-05,1.1896764246312257e-05,4.275910400577481e-05,1.1531384549520955e-05
b3733,4.139282110746145e-05,2.320131758394587e-05,1.9111078053440805e-06,5.108851780357723e-06,1.7170477229759376e-05,1.4379974963343802e-05,2.200348743675433e-06,3.6405536655967706e-05,2.3502040713297828e-05,2.342214573606485e-05,8.152304629672434e-06,5.420773239292558e-06,1.3238825334281498e-05,1.4916536988718842e-05,2.0050973801652084e-05,8.686037602957143e-06,3.9655880821040855e-06,1.4253034668591605e-05,3.843794849840318e-06
b3734,0.00012417846332238435,6.96039527518376e-05,5.7333234160322415e-06,1.5326555341073168e-05,5.151143168927813e-05,4.3139924890031405e-05,6.6010462310263e-06,0.00010921660996790312,7.050612213989347e-05,7.026643720819454e-05,2.4456913889017303e-05,1.6262319717877672e-05,3.971647600284449e-05,4.474961096615653e-05,6.0152921404956256e-05,2.605811280887143e-05,1.1896764246312257e-05,4.275910400577481e-05,1.1531384549520955e-05
b3735,4.139282110746145e-05,2.320131758394587e-05,1.9111078053440805e-06,5.108851780357723e-06,1.7170477229759376e-05,1.4379974963343802e-05,2.200348743675433e-06,3.6405536655967706e-05,2.3502040713297828e-05,2.342214573606485e-05,8.152304629672434e-06,5.420773239292558e-06,1.3238825334281498e-05,1.4916536988718842e-05,2.0050973801652084e-05,8.686037602957143e-06,3.9655880821040855e-06,1.4253034668591605e-05,3.843794849840318e-06
b3736,8.27856422149229e-05,4.640263516789174e-05,3.822215610688161e-06,1.0217703560715445e-05,3.434095445951875e-05,2.8759949926687603e-05,4.400697487350866e-06,7.281107331193541e-05,4.7004081426595656e-05,4.68442914721297e-05,1.6304609259344867e-05,1.0841546478585117e-05,2.6477650668562996e-05,2.9833073977437685e-05,4.010194760330417e-05,1.7372075205914286e-05,7.931176164208171e-06,2.850606933718321e-05,7.687589699680637e-06
b3737,0.00041392821107461453,0.00023201317583945868,1.9111078053440803e-05,5.108851780357723e-05,0.00017170477229759378,0.00014379974963343802,2.2003487436754333e-05,0.0003640553665596771,0.00023502040713297827,0.00023422145736064846,8.152304629672433e-05,5.420773239292558e-05,0.00013238825334281498,0.0001491653698871884,0.00020050973801652086,8.686037602957143e-05,3.965588082104086e-05,0.00014253034668591604,3.843794849840318e-05
b3738,4.139282110746145e-05,2.320131758394587e-05,1.9111078053440805e-06,5.108851780357723e-06,1.7170477229759376e-05,1.4379974963343802e-05,2.200348743675433e-06,3.6405536655967706e-05,2.3502040713297828e-05,2.342214573606485e-05,8.152304629672434e-06,5.420773239292558e-06,1.3238825334281498e-05,1.4916536988718842e-05,2.0050973801652084e-05,8.686037602957143e-06,3.9655880821040855e-06,1.4253034668591605e-05,3.843794849840318e-06
b3739,0.0,0.0,0.0,0.0,0.0,0.0,0.0,0.0,0.0,0.0,0.0,0.0,0.0,0.0,0.0,0.0,0.0,0.0,0.0
b3740,2.1446832858078248e-10,1.0257202615065108e-10,2.973412057001862e-12,1.451272627468029e-11,7.449192071851576e-11,4.952185172685261e-11,3.594390887213962e-12,1.4083882313697853e-10,5.1108300113607156e-11,6.497601945956295e-11,1.3135781125244061e-11,5.1957211198640855e-12,1.9127050781364377e-11,4.833721276124142e-11,4.666701899935246e-11,1.3990074865216577e-11,6.671340859174683e-12,3.885161094091224e-11,9.332041828013308e-12
b3741,3.9737410804253597e-10,1.8688214691008413e-10,5.222874072610712e-12,2.575311544879237e-11,1.342877701523343e-10,8.908181568062322e-11,6.307805328095938e-12,2.5679076916883115e-10,9.097862002109432e-11,1.169687515020656e-10,2.3120187681803818e-11,9.090125289850491e-12,3.355724523674944e-11,8.685697947710306e-11,8.320277894374217e-11,2.4635870615659914e-11,1.1544150021995112e-11,6.91089524926448e-11,1.638365043288122e-11
b3744,0.0,0.0,0.0,0.0,0.0,0.0,1.7281644680000336e-06,0.0,0.0,0.0,0.0,0.0,0.0,0.0,0.0,0.0,0.0,0.0,0.0
b3747,1.3719810019097366e-10,3.403862188154787e-11,6.048770129820826e-13,4.867450589156556e-12,3.800137897269068e-11,2.339930064927114e-11,7.964321385110558e-13,4.926801958349245e-11,2.5252144496935028e-11,3.2677634622967434e-11,4.499224971922109e-12,1.3635893030017478e-12,7.519296607528843e-12,2.267259451364274e-11,2.2132959965966747e-11,4.934024663188808e-12,1.831818437760156e-12,1.7557770617654035e-11,1.870722275506778e-12
b3748,0.0,0.0,0.0,0.0,0.0,0.0,0.0,0.0,0.0,0.0,0.0,0.0,0.0,0.0,0.0,0.0,0.0,0.0,0.0
b3749,0.0,0.0,0.0,0.0,0.0,0.0,0.0,0.0,0.0,0.0,0.0,0.0,0.0,0.0,0.0,0.0,0.0,0.0,0.0
b3750,0.0,0.0,0.0,0.0,0.0,0.0,0.0,0.0,0.0,0.0,0.0,0.0,0.0,0.0,0.0,0.0,0.0,0.0,0.0
b3751,0.0,0.0,0.0,0.0,0.0,0.0,0.0,0.0,0.0,0.0,0.0,0.0,0.0,0.0,0.0,0.0,0.0,0.0,0.0
b3752,0.0,0.0,0.0,0.0,0.0,0.0,0.0,0.0,0.0,0.0,0.0,0.0,0.0,0.0,0.0,0.0,0.0,0.0,0.0
b3770,3.9513286675695273e-05,2.2902956970978398e-05,1.2350738066496928e-06,4.838755031879504e-06,1.7977514408167773e-05,1.3058523929695336e-05,1.464411217865323e-06,2.929540909332627e-05,1.3468004723393889e-05,1.6187121080813486e-05,4.484551315851895e-06,2.0276429843421597e-06,6.1113562200502e-06,1.1702999794881864e-05,1.1456469641754283e-05,4.723620572981011e-06,2.5206985872731918e-06,1.0796442472235016e-05,3.3427558567688242e-06
b3771,1.6464381487111757e-05,9.51187266920772e-06,5.097493219256158e-07,1.9994787621079403e-06,7.4483448102956814e-06,5.405577422959253e-06,6.038586085526109e-07,1.2143211305746818e-05,5.578247363360346e-06,6.7039125085315245e-06,1.850008483451298e-06,8.365704456674361e-07,2.5273395719750793e-06,5.30043799548935e-06,5.183523112272949e-06,1.9475022194886572e-06,1.0376132346427082e-06,4.464041574328127e-06,1.379972165095752e-06
b3772,0.0,0.0,0.0,0.0,0.0,0.0,0.0,0.0,0.0,0.0,0.0,0.0,0.0,0.0,0.0,0.0,0.0,0.0,0.0
b3774,2.6857131907451137e-07,1.5516016751905638e-07,8.315164945252772e-09,3.261602320264286e-08,1.214993586117289e-07,8.817719997438187e-08,9.850300368733971e-09,1.980832551005871e-07,9.099383743472867e-08,1.0935598320446075e-07,3.017782472353975e-08,1.3646357032454132e-08,4.122662750045587e-08,8.646213799380067e-08,8.455499168347914e-08,3.176816817552746e-08,1.692581985756991e-08,7.281861969484051e-08,2.2510468732517883e-08
b3779,0.0,0.0,0.0,0.0,0.0,0.0,0.0,0.0,0.0,0.0,0.0,0.0,0.0,0.0,0.0,0.0,0.0,0.0,0.0
b3780,1.1116217294106477e-08,5.443859816040842e-09,2.1881823958076663e-10,8.713529060759682e-10,4.009660766388654e-09,2.719816136565609e-09,2.5469011547864793e-10,7.385777284614784e-09,2.8026055316353243e-09,3.5193984784404894e-09,7.945200138425233e-10,3.492141442403433e-10,1.1194448915971008e-09,2.6576987791988412e-09,2.5702263474777507e-09,8.411407933095981e-10,4.330884079567235e-10,2.1622026365605574e-09,5.847259814600934e-10
b3781,1.0382101374526778e-06,6.126608146039953e-07,1.224429873792689e-11,1.3113840234801518e-07,5.530056820872513e-07,3.5105053653082395e-07,3.984180014663318e-08,7.733020972799172e-07,3.5840585486248864e-07,4.306347051641533e-07,1.8962151031917064e-07,5.510967964697504e-08,1.638927074758239e-07,5.241884946073997e-07,5.105511476434219e-07,1.7021179853724653e-07,6.849030683052364e-08,2.8947544716779143e-07,9.089475513803915e-08
b3783,7.404314965424316e-09,3.5792879153587626e-09,1.3561648147254124e-10,5.615702537991272e-10,2.6515301422520266e-09,1.794436836859949e-09,1.6173542460885234e-10,4.908913805892263e-09,1.876218264027077e-09,2.350637782183436e-09,5.218800391234946e-10,2.2798093852038962e-10,7.527453937359683e-10,1.7550922745866521e-09,1.7100151505066621e-09,5.536453599438187e-10,2.894871780164046e-10,1.4507469677286157e-09,3.822378037459494e-10
b3784,0.0,0.0,0.0,0.0,0.0,0.0,0.0,0.0,0.0,0.0,0.0,0.0,0.0,0.0,0.0,0.0,0.0,0.0,0.0
b3785,0.0,0.0,0.0,0.0,0.0,0.0,0.0,0.0,0.0,0.0,0.0,0.0,0.0,0.0,0.0,0.0,0.0,0.0,0.0
b3786,0.0,0.0,0.0,0.0,0.0,0.0,0.0,0.0,0.0,0.0,0.0,0.0,0.0,0.0,0.0,0.0,0.0,0.0,0.0
b3787,0.0,0.0,0.0,0.0,0.0,0.0,0.0,0.0,0.0,0.0,0.0,0.0,0.0,0.0,0.0,0.0,0.0,0.0,0.0
b3788,0.0,0.0,0.0,0.0,0.0,0.0,0.0,0.0,0.0,0.0,0.0,0.0,0.0,0.0,0.0,0.0,0.0,0.0,0.0
b3789,0.0,0.0,0.0,0.0,0.0,0.0,0.0,0.0,0.0,0.0,0.0,0.0,0.0,0.0,0.0,0.0,0.0,0.0,0.0
b3790,0.0,0.0,0.0,0.0,0.0,0.0,0.0,0.0,0.0,0.0,0.0,0.0,0.0,0.0,0.0,0.0,0.0,0.0,0.0
b3791,0.0,0.0,0.0,0.0,0.0,0.0,0.0,0.0,0.0,0.0,0.0,0.0,0.0,0.0,0.0,0.0,0.0,0.0,0.0
b3792,0.0,0.0,0.0,0.0,0.0,0.0,0.0,0.0,0.0,0.0,0.0,0.0,0.0,0.0,0.0,0.0,0.0,0.0,0.0
b4481,0.0,0.0,0.0,0.0,0.0,0.0,0.0,0.0,0.0,0.0,0.0,0.0,0.0,0.0,0.0,0.0,0.0,0.0,0.0
b3793,0.0,0.0,0.0,0.0,0.0,0.0,0.0,0.0,0.0,0.0,0.0,0.0,0.0,0.0,0.0,0.0,0.0,0.0,0.0
b3794,0.0,0.0,0.0,0.0,0.0,0.0,0.0,0.0,0.0,0.0,0.0,0.0,0.0,0.0,0.0,0.0,0.0,0.0,0.0
b3803,1.4839941259140573e-11,6.532131768348865e-12,0.0,6.284491109188438e-13,4.489561774093266e-12,2.7990040930155725e-12,1.0373466246951084e-13,9.332695239373245e-12,2.8921964608187806e-12,3.827811487707831e-12,5.540250236604932e-13,1.689931954952506e-13,8.817961080270458e-13,2.7168779444449556e-12,2.6022447942251855e-12,5.99910902133289e-13,3.224752628746517e-13,2.090430052199275e-12,3.6023009669356883e-13
b3804,1.2729438042568316e-12,5.316588979001614e-13,7.503938770277875e-15,5.264304691589806e-14,3.556609861843198e-13,2.7229390030478336e-13,1.2066200479898064e-14,8.534129159078276e-13,3.3172477453890184e-13,3.8521208943028677e-13,6.749552014404456e-14,2.996612466097658e-14,1.2339705205046295e-13,2.6313042341816834e-13,2.923278697989973e-13,7.905454520783584e-14,4.0420074473309386e-14,2.607570938662086e-13,3.833226790769978e-14
b3805,7.353456638056116e-11,3.0712515657578434e-11,4.334825164892611e-13,3.041048328266236e-12,2.0545585995302862e-11,1.5729691931431177e-11,6.970321998371603e-13,4.929938659113875e-11,1.9162854928736453e-11,2.2252674364791432e-11,3.899036068854892e-12,1.7310630490379145e-12,7.128318378883872e-12,1.5200342326882902e-11,1.6887000883100484e-11,4.56677009843695e-12,2.334959830532395e-12,1.5063241412531526e-11,2.2143528171079317e-12
b3806,0.0,0.0,0.0,0.0,0.0,0.0,0.0,0.0,0.0,0.0,0.0,0.0,0.0,0.0,0.0,0.0,0.0,0.0,0.0
b3807,1.1921322255765056e-09,5.198673434933959e-10,7.77317310650326e-12,5.6588332979089096e-11,3.685154531221297e-10,2.315834317206893e-10,9.59704332394422e-12,8.264959649069688e-10,3.0427429672071737e-10,3.9673525987192814e-10,6.717949069195392e-11,2.384556749376731e-11,9.43372367133017e-11,2.2368436356688413e-10,2.703190559711933e-10,6.548036135994401e-11,2.7492213829418503e-11,2.519982129628539e-10,2.5583657455558017e-11
b3809,1.0239964809780772e-05,5.734601976932156e-06,2.90588376692694e-07,1.1571398567308552e-06,4.430456998898552e-06,3.2052960516657567e-06,3.4332052659928474e-07,7.344263840855045e-06,3.2656020464027215e-06,3.984613069513762e-06,1.06110818656865e-06,4.755812925372845e-07,1.450498679430962e-06,3.1418354134432254e-06,3.0390253297967953e-06,1.1196215416638857e-06,5.880001459220825e-07,2.6289105949129622e-06,7.905769468376549e-07
b3816,0.0,0.0,0.0,0.0,0.0,0.0,0.0,0.0,0.0,0.0,0.0,0.0,0.0,0.0,0.0,0.0,0.0,0.0,0.0
b3821,0.0,0.0,0.0,0.0,0.0,0.0,0.0,0.0,0.0,0.0,0.0,0.0,0.0,0.0,0.0,0.0,0.0,0.0,0.0
b3823,0.0,0.0,0.0,0.0,0.0,0.0,0.0,0.0,0.0,0.0,0.0,0.0,0.0,0.0,0.0,0.0,0.0,0.0,0.0
b3824,0.0,0.0,0.0,0.0,0.0,0.0,0.0,0.0,0.0,0.0,0.0,0.0,0.0,0.0,0.0,0.0,0.0,0.0,0.0
b3825,0.0,0.0,0.0,0.0,0.0,0.0,0.0,0.0,0.0,0.0,0.0,0.0,0.0,0.0,0.0,0.0,0.0,0.0,0.0
b3826,0.0,0.0,0.0,0.0,0.0,0.0,0.0,0.0,0.0,0.0,0.0,0.0,0.0,0.0,0.0,0.0,0.0,0.0,0.0
b3829,4.41534922295916e-07,2.607820104711886e-07,1.4483118012402563e-08,5.597318458696611e-08,2.0295070562022158e-07,1.494724920167257e-07,1.7023786678657315e-08,3.2974695264460807e-07,1.5344478401341525e-07,1.8377906232739306e-07,5.1752779637347155e-08,2.364516197756695e-08,7.028523146864916e-08,1.470109148157573e-07,1.4330169560298709e-07,5.463259575671347e-08,2.9311022293443835e-08,1.2386499781396933e-07,3.8688252954152065e-08
b3831,3.4091556765876657e-11,0.0,7.692102959231886e-14,3.330286274946541e-07,2.107983445110879e-05,1.526444531664789e-11,8.868766410084658e-13,0.0,1.0928243927647564e-11,1.5109719452107384e-12,0.0,2.566816292953754e-12,7.680254541787595e-12,1.0488503820604552e-12,1.0142948815325277e-12,2.131248263343437e-13,0.0,4.069994706345567e-12,1.014085734078968e-11
b3833,0.0,0.0,0.0,0.0,0.0,0.0,0.0,0.0,0.0,0.0,0.0,0.0,0.0,-2.2836216164582025e-38,0.0,0.0,0.0,0.0,0.0
b3835,7.224344691634891e-10,4.0181524589159046e-10,2.020317002059813e-11,8.11388661488346e-11,3.116262767049452e-10,2.246607353833516e-10,2.3946590376261773e-11,5.14902279851191e-10,2.3012673351587554e-10,2.7924023776974084e-10,7.442692264872272e-11,3.3217764131812004e-11,1.0227854822927806e-10,2.203352387842485e-10,2.1392583039712074e-10,7.854777280332084e-11,4.139738068818092e-11,1.8428067417933094e-10,5.5488093181735456e-11
b3836,0.0,0.0,0.0,0.0,0.0,0.0,0.0,0.0,0.0,0.0,0.0,0.0,0.0,0.0,0.0,0.0,0.0,0.0,0.0
b3838,4.958227313527804e-07,0.0,8.548412211698086e-10,0.0,0.0,2.7686986377930244e-07,1.5357927551573844e-08,0.0,1.762086724577584e-07,0.0,4.4918903155861936e-10,4.629153692532534e-08,1.3228893142274548e-07,0.0,0.0,0.0,0.0,7.496080777249427e-08,1.832660800720064e-07
b3839,4.958227313527804e-07,0.0,8.548412211698086e-10,0.0,0.0,2.7686986377930244e-07,1.5357927551573844e-08,0.0,1.762086724577584e-07,0.0,4.4918903155861936e-10,4.629153692532534e-08,1.3228893142274548e-07,0.0,0.0,0.0,0.0,7.496080777249427e-08,1.832660800720064e-07
b3843,0.0,0.0,0.0,0.0,0.0,0.0,0.0,0.0,0.0,0.0,0.0,0.0,0.0,0.0,0.0,0.0,0.0,0.0,0.0
b3844,1.517875605153501e-05,7.83043894162466e-06,3.936771109586284e-07,1.5811037007747548e-06,6.072857331302961e-06,4.377994830788209e-06,1.5480577009180204e-11,1.0034661384076592e-05,4.484603757800527e-06,5.441780640850473e-06,1.4503304836077659e-06,1.7227659837933306e-07,1.9930877975727706e-06,1.552230766864645e-11,1.4940805677280953e-11,1.530626263958825e-06,1.3749894224688946e-12,3.591155416031821e-06,1.0812471112906918e-06
b3845,0.0,0.0,3.5811942375318535e-07,1.4382772166664106e-06,5.524157761120918e-06,0.0,0.0,8.938697045438139e-06,4.079392209197824e-06,4.245592688311498e-06,1.319307555054286e-06,5.888185508252692e-07,1.8130291124220024e-06,9.338831373268881e-07,3.7921808177167763e-06,1.392352738519245e-06,7.338113479746054e-07,5.320016340452176e-07,9.835830412213068e-07
b3846,5.979030618129135e-07,2.711785499781127e-07,4.4808174571906533e-07,5.475922494699969e-08,2.103114276546231e-07,4.901717696807655e-06,1.6161134057354998e-08,3.47499251504179e-07,1.5530868645329201e-07,1.8845460389182936e-07,5.0229447489208775e-08,2.2418088999097114e-08,6.902604171803862e-08,1.4870056458018073e-07,1.4437495844149782e-07,5.301053971604804e-08,2.7938371597978987e-08,1.2436792382464555e-07,1.2306663444972342e-06
b3849,0.0,0.0,0.0,0.0,0.0,0.0,0.0,0.0,0.0,0.0,0.0,0.0,0.0,0.0,0.0,0.0,0.0,0.0,0.0
b3850,6.116981064998594e-11,2.4746759620756856e-11,5.704725558323792e-13,2.4943406374460822e-12,1.6267295385639487e-11,1.3985380389467599e-11,6.684343465815535e-13,4.24885094286951e-11,1.8279915820158353e-11,2.0101502043782413e-11,3.802026264365754e-12,1.872676502401085e-12,7.265459798233114e-12,1.3485777890193028e-11,1.5980480319150154e-11,4.570691701142834e-12,2.2991909091235874e-12,1.4808294889302373e-11,2.049889766257205e-12
b3856,0.0,0.0,0.0,0.0,0.0,0.0,0.0,0.0,0.0,0.0,0.0,0.0,0.0,0.0,0.0,0.0,0.0,0.0,0.0
b3857,1.2244903566995227e-11,0.0,3.270269503958076e-14,0.0,0.0,6.837614671951146e-12,3.792814043536011e-13,0.0,4.351672614982055e-12,0.0,1.1093231566411977e-14,1.1432219012470028e-12,3.2670248978557232e-12,0.0,0.0,0.0,0.0,1.8512419952468385e-12,4.525963284217142e-12
b3860,0.0,0.0,0.0,0.0,0.0,0.0,0.0,0.0,0.0,0.0,0.0,0.0,0.0,0.0,0.0,0.0,0.0,0.0,0.0
b3867,0.0,0.0,0.0,0.0,0.0,0.0,0.0,0.0,0.0,0.0,0.0,0.0,0.0,0.0,0.0,0.0,0.0,0.0,0.0
b3870,6.8448712421908035e-06,3.1215936522571585e-06,3.7936360076304266e-07,4.012840927604966e-06,1.4500429497405796e-05,1.708536273159382e-05,1.0541446790745229e-05,0.00010918016155628058,4.665323057773318e-05,6.371665605589351e-05,2.9845775964816212e-05,1.773254461944375e-05,3.559706721327374e-05,2.3438799820876482e-05,4.7859840119449286e-05,3.589428618043287e-05,1.9795694084253284e-05,2.1753207141403493e-05,1.3855035217979515e-05
b3875,0.0,0.0,0.0,0.0,0.0,0.0,0.0,0.0,0.0,0.0,0.0,0.0,0.0,0.0,0.0,0.0,0.0,0.0,0.0
b3882,0.0,0.0,0.0,0.0,0.0,0.0,0.0,0.0,0.0,0.0,0.0,0.0,0.0,0.0,0.0,0.0,0.0,0.0,0.0
b3892,0.0,0.0,5.322904663096522e-09,0.0,0.0,0.0,0.0,0.0,0.0,0.0,0.0,0.0,0.0,0.0,0.0,0.0,0.0,0.0,0.0
b3893,0.0,0.0,5.322904663096522e-09,0.0,0.0,0.0,0.0,0.0,0.0,0.0,0.0,0.0,0.0,0.0,0.0,0.0,0.0,0.0,0.0
b3894,0.0,0.0,5.322904663096522e-09,0.0,0.0,0.0,0.0,0.0,0.0,0.0,0.0,0.0,0.0,0.0,0.0,0.0,0.0,0.0,0.0
b3902,0.0,0.0,0.0,0.0,0.0,0.0,0.0,0.0,0.0,0.0,0.0,0.0,0.0,0.0,0.0,0.0,0.0,0.0,0.0
b3903,0.0,0.0,0.0,0.0,0.0,0.0,0.0,0.0,0.0,0.0,0.0,0.0,0.0,0.0,0.0,0.0,0.0,0.0,0.0
b3904,0.0,0.0,0.0,0.0,0.0,0.0,0.0,0.0,0.0,0.0,0.0,0.0,0.0,0.0,0.0,0.0,0.0,0.0,0.0
b3907,0.0,0.0,0.0,0.0,0.0,0.0,0.0,0.0,0.0,0.0,0.0,0.0,0.0,0.0,0.0,0.0,0.0,0.0,0.0
b3908,0.0,0.0,0.0,0.0,0.0,0.0,0.0,0.0,0.0,0.0,0.0,0.0,0.0,0.0,0.0,0.0,0.0,0.0,0.0
b3909,0.0,0.0,0.0,0.0,0.0,0.0,0.0,0.0,0.0,0.0,0.0,0.0,0.0,0.0,0.0,0.0,0.0,0.0,0.0
b3915,0.0,0.0,0.0,0.0,0.0,0.0,0.0,0.0,0.0,0.0,0.0,0.0,0.0,0.0,0.0,0.0,0.0,0.0,0.0
b3916,1.4626104925550333e-06,8.642066945465671e-07,0.0,0.0,5.158900602254639e-06,0.0,0.0,3.0334813353913313e-06,0.0,0.0,0.0,0.0,0.0,0.0,0.0,0.0,0.0,0.0,3.504124726293636e-07
b3917,0.0,0.0,0.0,0.0,0.0,0.0,0.0,0.0,0.0,0.0,0.0,0.0,0.0,0.0,0.0,0.0,0.0,0.0,0.0
b3918,0.0,0.0,0.0,0.0,0.0,0.0,0.0,0.0,0.0,0.0,0.0,0.0,0.0,0.0,0.0,0.0,0.0,0.0,0.0
b3919,3.92384803796528e-05,1.2210160820178462e-05,1.9517527469784006e-06,1.4313844884295135e-06,4.970274118584197e-06,1.512799687475152e-05,2.035624222413277e-06,1.5912865756089594e-05,2.4288371512473663e-05,2.2639271953469548e-05,8.524606085861629e-06,4.3947784116297414e-06,1.390613737504588e-05,1.4447874175099486e-05,1.6442837031101677e-05,9.07024494465704e-06,3.818000835258367e-06,1.758544897120593e-05,4.109023066854224e-06
b3924,0.0,9.485885253662546e-08,0.0,2.662213579434016e-08,6.151968373919113e-08,0.0,0.0,1.0807556210084603e-07,0.0,7.593276046509981e-08,6.030125469837465e-09,0.0,0.0,1.5760127529427992e-08,1.5408537282643404e-08,1.42842117163628e-08,6.67340820245754e-08,0.0,0.0
b3925,0.0,0.0,0.0,0.0,0.0,0.0,0.0,0.0,0.0,0.0,0.0,0.0,0.0,0.0,0.0,0.0,0.0,0.0,0.0
b3926,0.0,0.0,0.0,0.0,0.0,0.0,0.0,0.0,0.0,0.0,0.0,0.0,0.0,0.0,0.0,0.0,0.0,0.0,0.0
b3927,0.0,0.0,0.0,0.0,0.0,0.0,0.0,0.0,0.0,0.0,0.0,0.0,0.0,0.0,0.0,0.0,0.0,0.0,0.0
b3930,0.0,0.0,0.0,0.0,0.0,0.0,0.0,0.0,0.0,0.0,0.0,0.0,0.0,0.0,0.0,0.0,0.0,0.0,0.0
b3936,6.768117179757674e-05,4.340299117405492e-05,5.611116301116423e-06,1.3665907236519881e-05,3.579283254236695e-05,2.8024457809149993e-05,6.23027753783754e-06,5.2645822067177326e-05,2.857668393449005e-05,3.298132007274999e-05,1.2915011694567702e-05,7.646532968856585e-06,1.604204259082175e-05,2.7621264434995126e-05,2.7063401352784352e-05,1.3389274104133668e-05,8.794894428433112e-06,2.4275772924361742e-05,1.0626266607080855e-05
b3939,1.743310446832263e-05,1.0349726270247105e-05,5.807865069504362e-07,2.237977708636752e-06,8.066423100156368e-06,5.952699015865454e-06,6.824813616081081e-07,1.306215250917595e-05,6.110319548836975e-06,7.309919975724746e-06,2.06992058253065e-06,9.474817546187117e-07,2.808308842563972e-06,5.8554681487993985e-06,5.7087471997329595e-06,2.1848300081471887e-06,1.1740053836704417e-06,4.937749758084498e-06,1.5484291577332377e-06
b3940,2.3279500328061462e-06,1.34869417005885e-06,7.273732348338101e-08,2.845538008768904e-07,1.0551004209791e-06,7.676075212180684e-07,8.600357649028523e-08,1.718305470937213e-06,7.894055867588345e-07,9.504859690291656e-07,2.628866848485925e-07,1.1910455131177167e-07,3.5848834421637145e-07,7.530932840058563e-07,7.34816870076084e-07,2.7713813745321416e-07,1.4824723002418645e-07,6.357975893253953e-07,1.966789381062361e-07
b3941,0.00011972752597821925,7.071419123766617e-05,3.927272341356049e-06,1.5177804910362878e-05,5.5032534579808396e-05,4.053127117987702e-05,4.6162053303013654e-06,8.941486810082183e-05,4.160840612257578e-05,4.983391199192411e-05,1.403339114436532e-05,6.411671199658886e-06,1.9058689248838338e-05,3.986378479682074e-05,3.885798521624255e-05,1.4814288060629726e-05,7.948037642953434e-06,3.3587489901025334e-05,1.0490786972260752e-05
b3942,0.0,0.0,0.0,0.0,0.0,0.0,0.0,0.0,0.0,0.0,0.0,0.0,0.0,0.0,0.0,0.0,0.0,0.0,0.0
b3945,0.0,0.0,0.0,0.0,0.0,0.0,0.0,0.0,0.0,0.0,0.0,0.0,0.0,0.0,0.0,0.0,0.0,0.0,0.0
b3946,0.0,0.0,0.0,0.0,0.0,0.0,0.0,0.0,0.0,0.0,0.0,0.0,0.0,0.0,0.0,0.0,0.0,0.0,0.0
b3951,0.0,0.0,0.0,0.0,0.0,0.0,0.0,0.0,0.0,0.0,0.0,0.0,0.0,0.0,0.0,0.0,0.0,0.0,0.0
b3952,0.0,0.0,0.0,0.0,0.0,0.0,0.0,0.0,0.0,0.0,0.0,0.0,0.0,0.0,0.0,0.0,0.0,0.0,0.0
b3956,1.0470354235840733e-05,3.5656563411264107e-06,3.019570107185881e-07,0.0,4.057279450928857e-06,0.0,0.0,4.596386888433733e-06,0.0,4.109383448835682e-06,1.102590599248301e-06,0.0,0.0,2.50607007442076e-07,0.0,3.929979213117912e-08,0.0,2.7103457586961703e-06,4.798562258010787e-07
b3957,5.3759279403902085e-05,3.072553969414785e-05,1.5903130348199945e-06,6.299431852312682e-06,2.3668264218433595e-05,1.7135667857937306e-05,1.8765279088338569e-06,3.8554062976906835e-05,1.7087973778797995e-05,2.0867952740014383e-05,5.650198282924497e-06,0.0,7.627869414020935e-06,1.6817921720753147e-05,1.601276067702125e-05,0.0,3.178597043458186e-06,1.3856199707629334e-05,4.280400570282372e-06
b3958,0.0001310349084968432,7.489159689232281e-05,3.876289364545489e-06,1.5354474343827928e-05,5.7689925730597555e-05,4.1767127362836886e-05,4.573920364117997e-06,9.39731367380238e-05,4.165087600371976e-05,5.0864340224131724e-05,1.37720077947751e-05,0.0,1.8592458488562865e-05,4.099264086538338e-05,3.903011077084916e-05,0.0,7.74763310364699e-06,3.3773627193957655e-05,1.0433210847987571e-05
b3959,0.0001560696408345363,8.91999297178987e-05,4.616869625317608e-06,1.828800678791682e-05,6.871181192729528e-05,4.974690058539116e-05,5.4477857589442655e-06,0.00011192707246520859,4.960843894893057e-05,6.0582171584125174e-05,1.6403203808493257e-05,0.0,2.2144620481884328e-05,4.8824445410084363e-05,4.648696625667004e-05,0.0,9.227848744085477e-06,4.022621091056424e-05,1.2426516631906805e-05
b3960,3.405084322739778e-05,1.9461394326775072e-05,1.0072958646691286e-06,3.990026815895262e-06,1.4991353368252429e-05,1.0853641386142362e-05,1.1885828520034125e-06,2.441993956694641e-05,1.0823432208682111e-05,1.3217650889409045e-05,3.578805707012683e-06,1.6139596419817581e-06,4.831452141023987e-06,1.0652382663493194e-05,1.0142397917102923e-05,0.0,2.013306554886759e-06,8.776443605710886e-06,2.7111830810472106e-06
b3962,0.0,0.0,0.0,0.0,0.0,0.0,0.0,0.0,0.0,0.0,0.0,0.0,0.0,0.0,0.0,0.0,0.0,0.0,0.0
b3965,1.6976614514511113e-09,8.106909225706989e-10,2.346422277267789e-11,1.1458425783387234e-10,5.888290284623746e-10,3.9128239005220297e-10,2.8368397186737804e-11,1.1142266792788777e-09,4.041184193764395e-10,5.138561393679884e-10,1.0377255923905643e-10,4.103428601955566e-11,1.511691339250634e-10,3.8193172743876153e-10,3.6890001671790726e-10,1.1053296556364037e-10,5.267481375787467e-11,3.0705734394329366e-10,7.367660247757896e-11
b3966,0.0,0.0,0.0,0.0,0.0,0.0,0.0,0.0,0.0,0.0,0.0,0.0,0.0,0.0,0.0,0.0,0.0,0.0,0.0
b3967,1.2577844822759331e-06,6.995748439433307e-07,3.517444810477341e-08,1.4126569413228367e-07,5.425525938190039e-07,3.911424479358996e-07,4.169187803781838e-08,8.964634511905686e-07,4.0065894794343454e-07,4.861673312743593e-07,1.2957995827567538e-07,5.7833326127521886e-08,1.780706435304154e-07,3.8361160225685996e-07,3.7245259094994766e-07,1.3675450710948104e-07,7.207433374096104e-08,3.208393041302352e-07,9.6606772702693e-08
b3972,7.593495682113974e-07,4.2234728060779516e-07,2.1235515588571488e-08,8.528491594071043e-08,3.2754981767858416e-07,2.361404939674835e-07,2.517021797617816e-08,5.412128581417169e-07,2.4188579475107205e-07,2.9350891053582214e-07,7.82300042273051e-08,3.4915131997572563e-08,1.0750479766714316e-07,2.3159397228970145e-07,2.2485705468817626e-07,8.256142239618239e-08,4.3512712214648176e-08,1.9369708442872322e-07,5.832343471541826e-08
b3974,3.3805776979272823e-09,1.8770007645390656e-09,9.40648458919927e-11,3.7813972046901745e-10,1.4549644658752365e-09,1.0483363706661253e-09,1.115034345282364e-10,2.406610386677453e-09,1.0738836185816936e-09,1.303496074218723e-09,3.4683139429715114e-10,1.547016992286223e-10,4.76770816365712e-10,1.0281207148754724e-09,9.981674136741956e-10,3.6605293837460784e-10,1.928232082698311e-10,8.596532541343314e-10,2.585113945815284e-10
b3980,0.0,0.0,0.0,0.0,0.0,0.0,0.0,0.0,0.0,0.0,0.0,0.0,0.0,0.0,0.0,0.0,0.0,0.0,0.0
b3981,1.1592038756615752e-05,4.427803463706771e-06,1.3836312021416428e-07,6.810038437821148e-07,3.968849228123386e-06,2.4774724844800336e-06,1.8666838814331842e-07,7.618272504966407e-06,3.4767893448749247e-06,4.0435316011790925e-06,8.419462281437816e-07,3.4756374297014203e-07,1.4731330246892797e-06,2.399906152666859e-06,2.870441550732764e-06,9.049338137842702e-07,4.6887589140303244e-07,2.488095394124732e-06,4.930026956145785e-07
b3982,1.454975414157166e-09,7.686569593270006e-10,5.0670918008857454e-11,1.5832025019599647e-10,5.864358205192351e-10,4.172420227569301e-10,5.751452922805836e-11,1.004270253713894e-09,4.2321749587783635e-10,5.178547005285555e-10,1.4479111401072154e-10,7.362334535819978e-11,1.9198104784798465e-10,4.082683510340205e-10,3.935741854928488e-10,1.522538302654917e-10,8.806975225926684e-11,3.4029724547255265e-10,1.1336474080861527e-10
b3983,6.768117179757674e-05,4.340299117405492e-05,5.611116301116423e-06,1.3665907236519881e-05,3.579283254236695e-05,2.8024457809149993e-05,6.23027753783754e-06,5.2645822067177326e-05,2.857668393449005e-05,3.298132007274999e-05,1.2915011694567702e-05,7.646532968856585e-06,1.604204259082175e-05,2.7621264434995126e-05,2.7063401352784352e-05,1.3389274104133668e-05,8.794894428433112e-06,2.4275772924361742e-05,1.0626266607080855e-05
b3984,6.768117179757674e-05,4.340299117405492e-05,5.611116301116423e-06,1.3665907236519881e-05,3.579283254236695e-05,2.8024457809149993e-05,6.23027753783754e-06,5.2645822067177326e-05,2.857668393449005e-05,3.298132007274999e-05,1.2915011694567702e-05,7.646532968856585e-06,1.604204259082175e-05,2.7621264434995126e-05,2.7063401352784352e-05,1.3389274104133668e-05,8.794894428433112e-06,2.4275772924361742e-05,1.0626266607080855e-05
b3985,6.768117179757674e-05,4.340299117405492e-05,5.611116301116423e-06,1.3665907236519881e-05,3.579283254236695e-05,2.8024457809149993e-05,6.23027753783754e-06,5.2645822067177326e-05,2.857668393449005e-05,3.298132007274999e-05,1.2915011694567702e-05,7.646532968856585e-06,1.604204259082175e-05,2.7621264434995126e-05,2.7063401352784352e-05,1.3389274104133668e-05,8.794894428433112e-06,2.4275772924361742e-05,1.0626266607080855e-05
b3986,0.00027072468719030696,0.0001736119646962197,2.2444465204465692e-05,5.4663628946079525e-05,0.0001431713301694678,0.00011209783123659997,2.492111015135016e-05,0.0002105832882687093,0.0001143067357379602,0.00013192528029099996,5.166004677827081e-05,3.058613187542634e-05,6.4168170363287e-05,0.0001104850577399805,0.00010825360541113741,5.355709641653467e-05,3.5179577713732447e-05,9.710309169744697e-05,4.250506642832342e-05
b3987,3.5499404224585904e-06,1.992679815467133e-06,2.553489212006045e-07,5.432548168185537e-07,1.5763072559454317e-06,1.185774072642527e-06,2.797192764365403e-07,2.5868015151516884e-06,1.2539095587588157e-06,1.4682429637689995e-06,5.339656409994897e-07,3.400062227886022e-07,6.763127372910727e-07,1.1667135726952553e-06,1.1674260587409644e-06,5.538806929240734e-07,3.6930478684437697e-07,1.0191454267847705e-06,4.40331035944392e-07
b3988,3.5499404224585904e-06,1.992679815467133e-06,2.553489212006045e-07,5.432548168185537e-07,1.5763072559454317e-06,1.185774072642527e-06,2.797192764365403e-07,2.5868015151516884e-06,1.2539095587588157e-06,1.4682429637689995e-06,5.339656409994897e-07,3.400062227886022e-07,6.763127372910727e-07,1.1667135726952553e-06,1.1674260587409644e-06,5.538806929240734e-07,3.6930478684437697e-07,1.0191454267847705e-06,4.40331035944392e-07
b3990,5.303011810323798e-11,2.1895230943981972e-11,2.7229300706291095e-13,2.153974215311926e-12,1.7931334265689237e-11,8.995702766823618e-12,3.5137909392130575e-13,3.367719152381622e-11,9.46887962932439e-12,1.2344146547110311e-11,1.9186180590933122e-12,5.730650693352679e-13,3.1901102178592666e-12,8.78904071590308e-12,8.467408792078075e-12,2.0909173651702115e-12,7.927561446402005e-13,6.817608307558725e-12,1.30748306398215e-12
b3991,1.754586261054882e-10,7.244387297449514e-11,9.009249578584885e-13,7.126768146160347e-12,5.932868692411966e-11,2.976372116025585e-11,1.1625939233550217e-12,1.1142637367612028e-10,3.132930247836008e-11,4.084258287685264e-11,6.348054666111258e-12,1.896077424132174e-12,1.0554989805245968e-11,2.9079946716230123e-11,2.8015776062185233e-11,6.918134473671329e-12,2.6229604788822856e-12,2.255714732976574e-11,4.3260168045617564e-12
b4407,5.303011810323798e-11,2.1895230943981972e-11,2.7229300706291095e-13,2.153974215311926e-12,1.7931334265689237e-11,8.995702766823618e-12,3.5137909392130575e-13,3.367719152381622e-11,9.46887962932439e-12,1.2344146547110311e-11,1.9186180590933122e-12,5.730650693352679e-13,3.1901102178592666e-12,8.78904071590308e-12,8.467408792078075e-12,2.0909173651702115e-12,7.927561446402005e-13,6.817608307558725e-12,1.30748306398215e-12
b3992,5.303011810323798e-11,2.1895230943981972e-11,2.7229300706291095e-13,2.153974215311926e-12,1.7931334265689237e-11,8.995702766823618e-12,3.5137909392130575e-13,3.367719152381622e-11,9.46887962932439e-12,1.2344146547110311e-11,1.9186180590933122e-12,5.730650693352679e-13,3.1901102178592666e-12,8.78904071590308e-12,8.467408792078075e-12,2.0909173651702115e-12,7.927561446402005e-13,6.817608307558725e-12,1.30748306398215e-12
b3993,1.9722071373918272e-10,8.142906764510294e-11,1.0126664454073058e-12,8.01069934056352e-12,6.668720848953121e-11,3.345530773294973e-11,1.3067901444472906e-12,1.252465577415458e-10,3.521506769361199e-11,4.590827777872728e-11,7.135402230683779e-12,2.1312474125226368e-12,1.1864122437895315e-11,3.2686724922969835e-11,3.1490565460254986e-11,7.776188888090396e-12,2.9482855829717e-12,2.5354904429843516e-11,4.8625715405432645e-12
b3994,8.482963673492139e-11,3.502470961104255e-11,4.3557355142295534e-13,3.4456051911025496e-12,2.868386166837499e-11,1.43899773407893e-11,5.620836226606514e-13,5.3871724699086955e-11,1.514689478304669e-11,1.9746315958705434e-11,3.0691176789215543e-12,9.167036279750441e-13,5.103060309964479e-12,1.4059390358645415e-11,1.3544891801291396e-11,3.3447362908908525e-12,1.2681324910173796e-12,1.0905788197667171e-11,2.0915154882126405e-12
b3996,0.0,0.0,0.0,0.0,0.0,0.0,0.0,0.0,0.0,0.0,0.0,0.0,0.0,0.0,0.0,0.0,0.0,0.0,0.0
b3997,8.672811467144275e-12,3.5086585741068066e-12,8.088305115450441e-14,3.5365396514287425e-13,2.306418549622071e-12,1.9828828326474004e-12,9.477232321736671e-14,6.024129025077165e-12,2.5917729981323377e-12,2.8500421299273754e-12,5.390609621575247e-13,2.655128415748905e-13,1.0301153850671003e-12,1.91204791851769e-12,2.2657531793819727e-12,6.48044304489961e-13,3.259851398903342e-13,2.099557745235968e-12,2.906385892365236e-13
b4005,1.790569365618763e-05,6.171688966868072e-10,3.6751980456077464e-07,1.5907709425778881e-06,6.955623384196181e-06,4.883144558574349e-06,4.482497820570031e-07,9.492713362759342e-10,5.229997094366318e-06,6.3776775327276e-06,1.5246723525414945e-06,6.645104785538193e-07,2.205125912589427e-06,4.7836153603128305e-06,4.77576631448004e-06,1.6193523722006671e-06,7.974031626793832e-07,4.000297183584331e-06,3.685450416572752e-11
b4006,1.38827805780804e-07,2.0682689527191802e-08,3.2406178087678838e-09,1.3566328259278303e-08,5.625907697075286e-08,3.994713383828019e-08,3.911633731678346e-09,2.5934574038988268e-08,4.1974507529446615e-08,5.120078845699748e-08,1.2777565384593795e-08,5.6380482016614835e-09,1.809171868886907e-08,3.9151907288029814e-08,3.8651928352955424e-08,1.3526216191451377e-08,6.824043981938786e-09,3.270818688884903e-08,3.023373536501815e-09
b4013,2.9486509893275286e-05,1.7505620218984196e-05,9.823475281865613e-07,3.7853356507188162e-06,1.3643620674579166e-05,1.006844872305726e-05,1.1543551211776652e-06,2.209344238653244e-05,1.033504951199266e-05,1.2364064477151468e-05,3.501082314167808e-06,1.6025791724031692e-06,4.749998866817008e-06,9.903991558879497e-06,9.655826424318439e-06,3.6954411514838715e-06,1.9857232785623133e-06,8.351754408220166e-06,2.619027021922625e-06
b4014,1.0250259164011617e-09,2.4062148671090997e-06,6.655527799905552e-11,1.1153607620489457e-06,1.0649809793659398e-09,0.0,0.0,3.046032872873358e-06,0.0,9.518987962009193e-10,2.4795665744446696e-10,0.0,0.0,3.0716155275947307e-06,3.231957752561981e-06,2.6185378450613516e-10,8.248949691489053e-12,6.22416531494438e-10,3.522728164497224e-07
b4015,0.0,0.0,0.0,1.8848918370282334e-06,0.0,0.0,0.0,0.0,0.0,0.0,0.0,0.0,0.0,5.190840510970738e-06,5.461913003115115e-06,0.0,0.0,0.0,0.0
b4019,0.0,0.0,0.0,0.0,0.0,0.0,0.0,0.0,0.0,0.0,0.0,0.0,0.0,0.0,0.0,0.0,0.0,0.0,0.0
b4022,2.1446832858078248e-10,1.0257202615065108e-10,2.973412057001862e-12,1.451272627468029e-11,7.449192071851576e-11,4.952185172685261e-11,3.594390887213962e-12,1.4083882313697853e-10,5.1108300113607156e-11,6.497601945956295e-11,1.3135781125244061e-11,5.1957211198640855e-12,1.9127050781364377e-11,4.833721276124142e-11,4.666701899935246e-11,1.3990074865216577e-11,6.671340859174683e-12,3.885161094091224e-11,9.332041828013308e-12
b4024,5.240616644882745e-06,3.005706520263176e-06,1.5922863873180072e-07,6.260418592202589e-07,2.34282127013085e-06,1.7016901036287768e-06,1.8822860894803786e-07,3.835281626778951e-06,1.7452897764141432e-06,2.1095190658669593e-06,5.771540363331438e-07,2.6069291021341557e-07,7.875818144155616e-07,1.6690749890521432e-06,1.6244839751146676e-06,6.085944916258799e-07,3.2387260568055145e-07,1.4054872864979793e-06,4.312920550066307e-07
b4025,5.73346243166307e-07,1.8404987884636325e-07,2.9892666783264265e-08,2.813306684788612e-08,4.712053207454092e-08,2.4232044552188605e-07,3.158830696810242e-08,1.8449006200924268e-07,3.713401173931887e-07,8.271779637199531e-08,1.2909134285932263e-07,6.582493491718195e-08,2.0820215258525527e-07,2.3222770218268493e-07,2.594603451008284e-07,1.3729240908809205e-07,5.882691503728512e-08,2.7094771385395717e-07,5.300799865523724e-08
b4031,0.0,0.0,0.0,0.0,0.0,0.0,0.0,0.0,0.0,0.0,0.0,0.0,0.0,0.0,0.0,0.0,0.0,0.0,0.0
b4032,0.0,0.0,0.0,0.0,0.0,0.0,0.0,0.0,0.0,0.0,0.0,0.0,0.0,0.0,0.0,0.0,0.0,0.0,0.0
b4033,0.0,0.0,0.0,0.0,0.0,0.0,0.0,0.0,0.0,0.0,0.0,0.0,0.0,0.0,0.0,0.0,0.0,0.0,0.0
b4034,0.0,0.0,0.0,0.0,0.0,0.0,0.0,0.0,0.0,0.0,0.0,0.0,0.0,0.0,0.0,0.0,0.0,0.0,0.0
b4035,0.0,0.0,0.0,0.0,0.0,0.0,0.0,0.0,0.0,0.0,0.0,0.0,0.0,0.0,0.0,0.0,0.0,0.0,0.0
b4036,0.0,0.0,0.0,0.0,0.0,0.0,0.0,0.0,0.0,0.0,0.0,0.0,0.0,0.0,0.0,0.0,0.0,0.0,0.0
b4039,1.7962673529677133e-09,9.990769252130185e-10,5.0233337809140254e-11,2.017443831116338e-10,7.748302871264298e-10,5.585984081436571e-10,5.954101076818296e-11,1.280257510880245e-09,5.721891134822381e-10,6.943053579953367e-10,1.8505574836504554e-10,8.259293790016094e-11,2.543062726587726e-10,5.478434557459144e-10,5.319070469378379e-10,1.9530186606171022e-10,1.0293080771001723e-10,4.5819707245488895e-10,1.379660779145711e-10
b4040,1.1895794211885312e-09,6.616394538675794e-10,3.326706618401649e-11,1.3360537121240456e-10,5.131319471772246e-10,3.6993222080138224e-10,3.9431079682862943e-11,8.478515106612673e-10,3.7893267575231283e-10,4.5980425159296107e-10,1.2255331015396917e-10,5.469723596501827e-11,1.6841452255658352e-10,3.6280974539309775e-10,3.52255846534771e-10,1.293388093943192e-10,6.816600572061456e-11,3.0344135985138263e-10,9.136814007008081e-11
b4041,3.834068848717531e-07,1.9491384974512022e-07,9.799744233095729e-09,3.93576423399554e-08,1.511651009513622e-07,1.0897759504290976e-07,1.1615545179837324e-08,2.497773973079676e-07,1.116300366208787e-07,1.3545530204320776e-07,3.610200231139338e-08,1.6112695222013578e-08,4.961247197660279e-08,1.0687916762220404e-07,1.0377068877225791e-07,3.8100932260376184e-08,2.0080338785028667e-08,8.939040058221531e-08,2.691521083706863e-08
b4042,0.0,0.0,0.0,0.0,0.0,0.0,0.0,0.0,0.0,0.0,0.0,0.0,0.0,0.0,0.0,0.0,0.0,0.0,0.0
b4049,0.0,0.0,0.0,0.0,0.0,0.0,0.0,0.0,0.0,0.0,0.0,0.0,0.0,0.0,0.0,0.0,0.0,0.0,0.0
b4053,1.9343316161358605e-07,1.0758677321605148e-07,5.409436036774612e-09,2.1725081068022566e-08,8.343851036718248e-08,6.015332627463617e-08,6.4117437415593986e-09,1.3786603514224036e-07,6.16168573563858e-08,7.476708870781591e-08,1.9927945816015938e-08,3.606250483410589e-07,2.7385269936171478e-08,1.1963585293478237e-05,3.144157306817469e-06,2.103131104561625e-08,1.108422503470539e-08,4.934149040821075e-08,1.4857039294484981e-08
b4054,2.8307867454676818e-06,1.6547854979412127e-06,9.032751285848169e-08,3.516136131051005e-07,1.2912619359921916e-06,9.426385177595326e-07,1.066096273174638e-07,2.0910495211285283e-06,9.687894905507378e-07,1.1629064626671914e-06,3.2439254004247554e-07,1.471652330550588e-07,4.417941056188085e-07,9.259471565741657e-07,9.026456173634348e-07,3.4091341486917227e-07,1.8309572084844093e-07,7.798804404593457e-07,2.4276858813295046e-07
b4055,0.0,0.0,0.0,0.0,0.0,0.0,0.0,0.0,0.0,0.0,0.0,0.0,0.0,0.0,0.0,0.0,0.0,0.0,0.0
b4067,0.0,0.0,0.0,0.0,0.0,0.0,0.0,0.0,0.0,0.0,0.0,0.0,0.0,0.0,0.0,0.0,0.0,0.0,0.0
b4069,0.0,0.0,0.0,0.0,0.0,0.0,0.0,0.0,0.0,0.0,0.0,0.0,0.0,0.0,0.0,0.0,0.0,0.0,0.0
b4070,0.0,0.0,0.0,0.0,0.0,0.0,0.0,0.0,0.0,0.0,0.0,0.0,0.0,0.0,0.0,0.0,0.0,0.0,0.0
b4071,0.0,0.0,0.0,0.0,0.0,0.0,0.0,0.0,0.0,0.0,0.0,0.0,0.0,0.0,0.0,0.0,0.0,0.0,0.0
b4072,0.0,0.0,0.0,0.0,0.0,0.0,0.0,0.0,0.0,0.0,0.0,0.0,0.0,0.0,0.0,0.0,0.0,0.0,0.0
b4073,0.0,0.0,0.0,0.0,0.0,0.0,0.0,0.0,0.0,0.0,0.0,0.0,0.0,0.0,0.0,0.0,0.0,0.0,0.0
b4077,0.0,0.0,0.0,0.0,0.0,0.0,0.0,0.0,0.0,0.0,0.0,0.0,0.0,0.0,0.0,0.0,0.0,0.0,0.0
b4079,0.0,0.0,0.0,0.0,0.0,0.0,0.0,0.0,0.0,0.0,0.0,0.0,0.0,0.0,0.0,0.0,0.0,0.0,0.0
b4084,0.0,0.0,0.0,0.0,0.0,0.0,0.0,0.0,0.0,0.0,0.0,0.0,0.0,0.0,0.0,0.0,0.0,0.0,0.0
b4085,0.0,0.0,0.0,0.0,0.0,0.0,0.0,0.0,0.0,0.0,0.0,0.0,0.0,0.0,0.0,0.0,0.0,0.0,0.0
b4086,0.0,0.0,0.0,0.0,0.0,0.0,0.0,0.0,0.0,0.0,0.0,0.0,0.0,0.0,0.0,0.0,0.0,0.0,0.0
b4087,0.0,0.0,0.0,0.0,0.0,0.0,0.0,0.0,0.0,0.0,0.0,0.0,0.0,0.0,0.0,0.0,0.0,0.0,0.0
b4088,0.0,0.0,0.0,0.0,0.0,0.0,0.0,0.0,0.0,0.0,0.0,0.0,0.0,0.0,0.0,0.0,0.0,0.0,0.0
b4090,1.2322461488022445e-05,6.629932468951492e-06,1.9756467037800712e-07,9.638583132344224e-07,1.3623907855148618e-05,2.3675689152847543e-06,2.3742799205350935e-07,6.1270082311892965e-06,2.478600016539066e-06,3.6751536108314366e-06,7.656140551077362e-07,3.3952432136498646e-07,1.0773430474879151e-06,2.321581988653138e-06,2.2862954099559743e-06,8.107157466806659e-07,4.155972985711049e-07,1.9402506274906333e-06,6.880567342190345e-07
b4094,1.2977106845338377e-06,0.0,2.645667136749064e-08,0.0,2.1476513510800798e-06,3.529781570700372e-07,3.229287579964879e-08,4.049295692027857e-06,3.781916817521079e-07,4.613453257229771e-07,1.1003374839662263e-07,4.7905688031661965e-08,1.5924597122025066e-07,3.4574512338021644e-07,3.4527980361408587e-07,1.1687099820072699e-07,5.747346610230082e-08,2.8902758753418887e-07,4.598251657759571e-07
b4111,0.0,0.0,0.0,0.0,0.0,0.0,1.5212762673686975e-06,0.0,0.0,0.0,0.0,0.0,0.0,0.0,0.0,0.0,0.0,0.0,0.0
b4115,0.0,0.0,0.0,0.0,0.0,0.0,0.0,0.0,0.0,0.0,0.0,0.0,0.0,0.0,0.0,0.0,0.0,0.0,0.0
b4117,0.0,0.0,0.0,0.0,0.0,0.0,0.0,0.0,0.0,0.0,0.0,0.0,0.0,0.0,0.0,0.0,0.0,0.0,0.0
b4119,0.0,0.0,0.0,0.0,0.0,0.0,0.0,0.0,0.0,0.0,0.0,0.0,0.0,0.0,0.0,0.0,0.0,0.0,0.0
b4120,0.0,0.0,0.0,0.0,0.0,0.0,0.0,0.0,0.0,0.0,0.0,0.0,0.0,0.0,0.0,0.0,0.0,0.0,0.0
b4122,0.0,1.5942885216501003e-05,0.0,4.549682059775919e-06,4.7857393787060605e-06,0.0,0.0,1.622934231808443e-05,0.0,1.2918842589470168e-05,1.1960273372533459e-06,0.0,0.0,8.457304797676138e-07,3.826844778171409e-06,0.0,0.0,0.0,0.0
b4123,0.0,0.0,0.0,0.0,0.0,0.0,0.0,0.0,0.0,0.0,0.0,0.0,0.0,0.0,0.0,0.0,0.0,0.0,0.0
b4129,1.4424870053424477e-06,0.0,0.0,0.0,0.0,0.0,0.0,0.0,4.6006747801487525e-07,5.616469388410422e-07,0.0,0.0,0.0,0.0,4.2818858499322456e-07,1.5779790207231256e-07,0.0,0.0,0.0
b4130,0.0,0.0,0.0,0.0,0.0,0.0,0.0,0.0,0.0,0.0,0.0,0.0,0.0,0.0,0.0,0.0,0.0,0.0,0.0
b4131,0.0,0.0,0.0,0.0,0.0,0.0,0.0,0.0,0.0,0.0,0.0,0.0,0.0,0.0,0.0,0.0,0.0,0.0,0.0
b4132,0.0,0.0,0.0,0.0,0.0,0.0,0.0,0.0,0.0,0.0,0.0,0.0,0.0,0.0,0.0,0.0,0.0,0.0,0.0
b4136,0.0,0.0,0.0,0.0,0.0,0.0,0.0,0.0,0.0,0.0,0.0,0.0,0.0,0.0,0.0,0.0,0.0,0.0,0.0
b4138,0.0,0.0,0.0,0.0,0.0,0.0,0.0,0.0,0.0,0.0,0.0,0.0,0.0,0.0,0.0,0.0,0.0,0.0,0.0
b4139,0.0,0.0,0.0,0.0,0.0,2.5031275186204634e-06,0.0,0.0,0.0,0.0,0.0,0.0,1.374737372124467e-06,0.0,0.0,0.0,4.913440025542324e-07,0.0,0.0
b4142,2.7774512912849143e-08,1.034448348536844e-08,1.9969226198326103e-10,1.525630081595322e-09,1.108809992240774e-08,6.05260156560657e-09,4.2989238135191344e-10,1.914989901487404e-08,6.606846134844336e-09,8.598359980330074e-09,1.6166919785046666e-09,5.279862412131898e-10,2.4435884676861027e-09,5.293332369225074e-09,5.621034927500933e-09,1.8391229703237597e-09,7.294784650147891e-10,4.922420439089991e-09,1.258464779999719e-09
b4143,2.7774512912849143e-08,1.034448348536844e-08,1.9969226198326103e-10,1.525630081595322e-09,1.108809992240774e-08,6.05260156560657e-09,4.2989238135191344e-10,1.914989901487404e-08,6.606846134844336e-09,8.598359980330074e-09,1.6166919785046666e-09,5.279862412131898e-10,2.4435884676861027e-09,5.293332369225074e-09,5.621034927500933e-09,1.8391229703237597e-09,7.294784650147891e-10,4.922420439089991e-09,1.258464779999719e-09
b4151,0.0,0.0,0.0,0.0,0.0,0.0,0.0,0.0,0.0,0.0,0.0,0.0,0.0,0.0,0.0,0.0,0.0,0.0,0.0
b4152,0.0,0.0,0.0,0.0,0.0,0.0,0.0,0.0,0.0,0.0,0.0,0.0,0.0,0.0,0.0,0.0,0.0,0.0,0.0
b4153,0.0,0.0,0.0,0.0,0.0,0.0,0.0,0.0,0.0,0.0,0.0,0.0,0.0,0.0,0.0,0.0,0.0,0.0,0.0
b4154,0.0,0.0,0.0,0.0,0.0,0.0,0.0,0.0,0.0,0.0,0.0,0.0,0.0,0.0,0.0,0.0,0.0,0.0,0.0
b4160,6.082782670794208e-06,3.085634715169262e-06,1.5514494138642932e-07,6.230846258279221e-07,2.3930521984702172e-06,1.7252231499980363e-06,1.8389155546095701e-07,3.954056910168339e-06,1.7671978479797966e-06,2.1443521129282876e-06,5.715420174227954e-07,2.5508710088386576e-07,7.854212657687987e-07,1.6920066341913164e-06,1.6427872647790506e-06,6.031870045731069e-07,3.1790031929996025e-07,1.4151350686577822e-06,4.261062474625559e-07
b4161,0.0,0.0,0.0,0.0,0.0,0.0,0.0,0.0,0.0,0.0,0.0,0.0,0.0,0.0,0.0,0.0,0.0,0.0,0.0
b4162,1.1116217294106477e-08,5.443859816040842e-09,2.1881823958076663e-10,8.713529060759682e-10,4.009660766388654e-09,2.719816136565609e-09,2.5469011547864793e-10,7.385777284614784e-09,2.8026055316353243e-09,3.5193984784404894e-09,7.945200138425233e-10,3.492141442403433e-10,1.1194448915971008e-09,2.6576987791988412e-09,2.5702263474777507e-09,8.411407933095981e-10,4.330884079567235e-10,2.1622026365605574e-09,5.847259814600934e-10
b4166,2.527716055671358e-10,1.2055112192210518e-10,3.5134359984753346e-12,1.713222737427186e-11,8.746651676028882e-11,5.831027946328024e-11,4.2436764760416845e-12,1.6514531617682878e-10,6.002097370564545e-11,7.658103022670402e-11,1.5452026634587012e-11,6.133662465688597e-12,2.253883706107797e-11,5.688044009576e-11,5.4838572343065887e-11,1.6453515895218126e-11,7.771807584066898e-12,4.568430048047402e-11,1.0980770341239242e-11
b4169,0.0,0.0,0.0,0.0,0.0,0.0,0.0,0.0,0.0,0.0,0.0,0.0,0.0,0.0,0.0,0.0,0.0,0.0,0.0
b4171,3.836902187084838e-10,1.9157288432926457e-10,6.001547787358175e-12,2.866522298082864e-11,1.4097351828042357e-10,9.475638691353316e-11,7.236536993466163e-12,2.586272926125813e-10,9.738746645624516e-11,1.22546835510252e-10,2.594729868659796e-11,1.0399774314831738e-11,3.745889995761721e-11,9.263726608679277e-11,8.944393277459699e-11,2.7640421527482835e-11,1.3476886219293274e-11,7.483364575813377e-11,1.86526361740742e-11
b4177,2.8491248906230224e-08,0.0,7.220167578920254e-10,2.963200833122403e-09,1.1885129604234445e-08,8.620589275355892e-09,8.750422706931865e-10,0.0,8.958657795794846e-09,1.0775846601038175e-08,2.7657669512810276e-09,1.2427391607763814e-09,3.912571472811473e-09,8.338878886477591e-09,8.181084989168548e-09,2.922346283973934e-09,1.5110598640792804e-09,6.967505963734502e-09,2.0495333335299765e-09
b4180,4.2893665716156497e-10,2.0514405230130216e-10,5.946824114003724e-12,2.902545254936058e-11,1.4898384143703152e-10,9.904370345370522e-11,7.188781774427924e-12,2.8167764627395705e-10,1.0221660022721431e-10,1.299520389191259e-10,2.6271562250488123e-11,1.0391442239728171e-11,3.8254101562728753e-11,9.667442552248285e-11,9.333403799870493e-11,2.7980149730433153e-11,1.3342681718349367e-11,7.770322188182448e-11,1.8664083656026615e-11
b4192,0.0,0.0,0.0,0.0,0.0,0.0,0.0,0.0,0.0,0.0,0.0,0.0,0.0,0.0,0.0,0.0,0.0,0.0,0.0
b4193,0.0,0.0,0.0,0.0,0.0,0.0,0.0,0.0,0.0,0.0,0.0,0.0,0.0,0.0,0.0,0.0,0.0,0.0,0.0
b4194,0.0,0.0,0.0,0.0,0.0,0.0,0.0,0.0,0.0,0.0,0.0,0.0,0.0,0.0,0.0,0.0,0.0,0.0,0.0
b4195,0.0,0.0,0.0,0.0,0.0,0.0,0.0,0.0,0.0,0.0,0.0,0.0,0.0,0.0,0.0,0.0,0.0,0.0,0.0
b4196,0.0,0.0,0.0,0.0,0.0,0.0,0.0,0.0,0.0,0.0,0.0,0.0,0.0,0.0,0.0,0.0,0.0,0.0,0.0
b4197,0.0,0.0,0.0,0.0,0.0,0.0,0.0,0.0,0.0,0.0,0.0,0.0,0.0,0.0,0.0,0.0,0.0,0.0,0.0
b4198,0.0,0.0,0.0,0.0,0.0,0.0,0.0,0.0,0.0,0.0,0.0,0.0,0.0,0.0,0.0,0.0,0.0,0.0,0.0
b4200,6.768117179757674e-05,4.340299117405492e-05,5.611116301116423e-06,1.3665907236519881e-05,3.579283254236695e-05,2.8024457809149993e-05,6.23027753783754e-06,5.2645822067177326e-05,2.857668393449005e-05,3.298132007274999e-05,1.2915011694567702e-05,7.646532968856585e-06,1.604204259082175e-05,2.7621264434995126e-05,2.7063401352784352e-05,1.3389274104133668e-05,8.794894428433112e-06,2.4275772924361742e-05,1.0626266607080855e-05
b4202,6.768117179757674e-05,4.340299117405492e-05,5.611116301116423e-06,1.3665907236519881e-05,3.579283254236695e-05,2.8024457809149993e-05,6.23027753783754e-06,5.2645822067177326e-05,2.857668393449005e-05,3.298132007274999e-05,1.2915011694567702e-05,7.646532968856585e-06,1.604204259082175e-05,2.7621264434995126e-05,2.7063401352784352e-05,1.3389274104133668e-05,8.794894428433112e-06,2.4275772924361742e-05,1.0626266607080855e-05
b4203,6.768117179757674e-05,4.340299117405492e-05,5.611116301116423e-06,1.3665907236519881e-05,3.579283254236695e-05,2.8024457809149993e-05,6.23027753783754e-06,5.2645822067177326e-05,2.857668393449005e-05,3.298132007274999e-05,1.2915011694567702e-05,7.646532968856585e-06,1.604204259082175e-05,2.7621264434995126e-05,2.7063401352784352e-05,1.3389274104133668e-05,8.794894428433112e-06,2.4275772924361742e-05,1.0626266607080855e-05
b4208,5.236339918943964e-08,2.912431925540182e-08,1.4643634846294853e-09,5.881096513638862e-09,2.258725437604646e-08,1.628382956684377e-08,1.7356935813847798e-09,3.732107862270188e-08,1.668001531710773e-08,2.0239853805732498e-08,5.394602316815333e-09,2.4076855654863437e-09,7.4133401409367715e-09,1.2361677468438418e-05,1.550574361019556e-08,5.6932892301002725e-09,3.0005594457341126e-09,1.3357007336768763e-08,4.021880596174189e-09
b4213,0.0,0.0,0.0,0.0,0.0,0.0,0.0,0.0,0.0,0.0,0.0,0.0,0.0,0.0,0.0,0.0,0.0,0.0,0.0
b4214,4.9188539065644496e-05,2.903156489045568e-05,3.4254580466569907e-12,6.21558120650732e-06,2.2657660415177318e-05,1.6636709412992043e-05,1.8885445826146106e-06,3.6641569711314485e-05,1.6985244020959967e-05,2.0407483662946563e-05,5.721242523628546e-06,2.6122178325186942e-06,7.767875411008052e-06,1.630630658233954e-05,1.5850535484911433e-05,6.0303966319952045e-06,3.246439742209206e-06,1.3719014051707359e-05,4.308298994559558e-06
b4219,0.0,0.0,0.0,0.0,0.0,0.0,0.0,0.0,0.0,0.0,0.0,0.0,0.0,0.0,0.0,0.0,0.0,0.0,0.0
b4226,0.0,0.0,0.0,0.0,0.0,0.0,0.0,0.0,0.0,0.0,0.0,0.0,0.0,0.0,0.0,0.0,0.0,0.0,0.0
b4227,0.0,0.0,0.0,0.0,0.0,0.0,0.0,0.0,0.0,0.0,0.0,0.0,0.0,0.0,0.0,0.0,0.0,0.0,0.0
b4485,0.0,0.0,0.0,0.0,0.0,0.0,0.0,0.0,0.0,0.0,0.0,0.0,0.0,0.0,0.0,0.0,0.0,0.0,0.0
b4230,0.0,0.0,0.0,0.0,0.0,0.0,0.0,0.0,0.0,0.0,0.0,0.0,0.0,0.0,0.0,0.0,0.0,0.0,0.0
b4231,0.0,0.0,0.0,0.0,0.0,0.0,0.0,0.0,0.0,0.0,0.0,0.0,0.0,0.0,0.0,0.0,0.0,0.0,0.0
b4232,0.0,0.0,0.0,0.0,0.0,0.0,0.0,0.0,0.0,0.0,0.0,0.0,0.0,0.0,0.0,0.0,0.0,0.0,0.0
b4233,0.0,0.0,0.0,0.0,0.0,0.0,0.0,0.0,0.0,0.0,0.0,0.0,0.0,0.0,0.0,0.0,0.0,0.0,0.0
b4237,0.0,1.8971770507325093e-07,0.0,5.324427158868032e-08,1.2303936747838227e-07,0.0,0.0,2.1615112420169206e-07,0.0,1.5186552093019962e-07,1.206025093967493e-08,0.0,0.0,3.1520255058855984e-08,3.081707456528681e-08,2.85684234327256e-08,0.0,0.0,0.0
b4238,3.2880408427419354e-07,1.8971770507325093e-07,1.7359948954524378e-08,5.324427158868032e-08,1.2303936747838227e-07,1.6652108346674967e-07,2.056335894322057e-08,2.1615112420169206e-07,1.6954722738327971e-07,1.5186552093019962e-07,1.206025093967493e-08,2.8467683503086377e-08,8.486307074053076e-08,3.1520255058855984e-08,3.081707456528681e-08,2.85684234327256e-08,3.539910820544277e-08,1.4254929546496198e-07,4.721166629535804e-08
b4239,0.0,0.0,0.0,0.0,0.0,0.0,0.0,0.0,0.0,0.0,0.0,0.0,0.0,0.0,0.0,0.0,0.0,0.0,0.0
b4240,0.0,0.0,0.0,0.0,0.0,0.0,0.0,0.0,0.0,0.0,0.0,0.0,0.0,0.0,0.0,0.0,0.0,0.0,0.0
b4242,0.0,0.0,0.0,0.0,0.0,0.0,0.0,0.0,0.0,0.0,0.0,0.0,0.0,0.0,0.0,0.0,0.0,0.0,0.0
b4244,0.0,0.0,0.0,0.0,0.0,0.0,0.0,0.0,0.0,0.0,0.0,0.0,0.0,0.0,0.0,0.0,0.0,0.0,0.0
b4245,2.7738532632022666e-06,1.4011449719979056e-06,5.3306661784095544e-08,0.0,0.0,7.321709429012208e-07,6.504176066750407e-08,1.9060442336362137e-06,7.809665966735549e-07,9.585597627883054e-07,2.2323716412697997e-07,9.614219308754408e-08,3.234727494021217e-07,7.166370853657711e-07,7.126205393058104e-07,2.3709360453162314e-07,1.1608822520146871e-07,5.954288147875976e-07,1.606553438515995e-07
b4254,1.990353849245746e-06,1.1375654004015772e-06,5.88788708750793e-08,2.3322668336216086e-07,8.762807335677448e-07,6.344214963187651e-07,6.947553218679189e-08,1.4274043197941298e-06,6.326556970920315e-07,7.726035490526158e-07,2.0918981850423017e-07,9.433983071999157e-08,2.8241002145275173e-07,6.226574389459729e-07,5.928476014551419e-07,0.0,1.1768262020619535e-07,5.13004280001492e-07,1.584751850441809e-07
b4258,1.0201582942866803e-06,5.780237770881226e-07,2.9982583875314246e-08,1.1907641856058982e-07,4.538872998109568e-07,3.263980726931652e-07,3.568342901402253e-08,7.473152655457237e-07,3.389750004070019e-07,4.080290250299443e-07,1.1046817627070563e-07,4.9723897675247756e-08,1.5194102733668248e-07,3.1937431921504274e-07,3.1341012609296693e-07,1.1651174788128324e-07,6.125861822815261e-08,2.685500678629551e-07,8.20610211170822e-08
b4260,0.0,0.0,0.0,0.0,0.0,0.0,0.0,0.0,0.0,0.0,0.0,0.0,0.0,0.0,0.0,0.0,0.0,0.0,0.0
b4261,2.4823798467526134e-06,1.3806900294696517e-06,6.942074920334378e-08,2.788038150359122e-07,1.0707888701748075e-06,7.71963832952226e-07,8.228363385997273e-08,1.7692719507550437e-06,7.907457213943378e-07,9.595061811552956e-07,2.557406944507157e-07,1.1414060617909302e-07,3.51442542841928e-07,7.571008577715933e-07,7.350772876224058e-07,2.699004775340265e-07,1.4224684440607766e-07,6.332126320861255e-07,1.9066438566886768e-07
b4262,2.4823798467526134e-06,1.3806900294696517e-06,6.942074920334378e-08,2.788038150359122e-07,1.0707888701748075e-06,7.71963832952226e-07,8.228363385997273e-08,1.7692719507550437e-06,7.907457213943378e-07,9.595061811552956e-07,2.557406944507157e-07,1.1414060617909302e-07,3.51442542841928e-07,7.571008577715933e-07,7.350772876224058e-07,2.699004775340265e-07,1.4224684440607766e-07,6.332126320861255e-07,1.9066438566886768e-07
b4265,0.0,0.0,0.0,0.0,0.0,0.0,0.0,0.0,0.0,0.0,0.0,0.0,0.0,0.0,0.0,0.0,0.0,0.0,0.0
b4266,0.0,0.0,0.0,0.0,0.0,0.0,0.0,0.0,0.0,0.0,0.0,0.0,0.0,0.0,0.0,0.0,0.0,0.0,0.0
b4267,0.0,0.0,0.0,0.0,0.0,0.0,0.0,0.0,0.0,0.0,0.0,0.0,0.0,0.0,0.0,0.0,0.0,0.0,0.0
b4268,0.0,0.0,0.0,0.0,0.0,0.0,0.0,0.0,0.0,0.0,0.0,0.0,0.0,0.0,0.0,0.0,0.0,0.0,0.0
b4287,0.0,0.0,0.0,0.0,0.0,0.0,0.0,0.0,0.0,0.0,0.0,0.0,0.0,0.0,0.0,0.0,0.0,0.0,0.0
b4288,0.0,0.0,0.0,0.0,0.0,0.0,0.0,0.0,0.0,0.0,0.0,0.0,0.0,0.0,0.0,0.0,0.0,0.0,0.0
b4289,0.0,0.0,0.0,0.0,0.0,0.0,0.0,0.0,0.0,0.0,0.0,0.0,0.0,0.0,0.0,0.0,0.0,0.0,0.0
b4290,0.0,0.0,0.0,0.0,0.0,0.0,0.0,0.0,0.0,0.0,0.0,0.0,0.0,0.0,0.0,0.0,0.0,0.0,0.0
b4291,0.0,0.0,0.0,0.0,0.0,0.0,0.0,0.0,0.0,0.0,0.0,0.0,0.0,0.0,0.0,0.0,0.0,0.0,0.0
b4293,0.0,0.0,0.0,0.0,0.0,0.0,0.0,0.0,0.0,0.0,0.0,0.0,0.0,0.0,0.0,0.0,0.0,0.0,0.0
b4301,0.0,0.0,0.0,0.0,0.0,0.0,0.0,0.0,0.0,0.0,0.0,0.0,0.0,0.0,0.0,0.0,0.0,0.0,0.0
b4311,0.0,0.0,0.0,0.0,0.0,0.0,0.0,0.0,0.0,0.0,0.0,0.0,0.0,0.0,0.0,0.0,0.0,0.0,0.0
b4321,0.0,0.0,0.0,0.0,0.0,0.0,0.0,0.0,0.0,0.0,0.0,0.0,0.0,0.0,0.0,0.0,0.0,0.0,0.0
b4322,0.0,0.0,0.0,0.0,0.0,0.0,0.0,0.0,0.0,0.0,0.0,0.0,0.0,0.0,0.0,0.0,0.0,0.0,0.0
b4323,0.0,0.0,0.0,0.0,0.0,0.0,0.0,0.0,0.0,0.0,0.0,0.0,0.0,0.0,0.0,0.0,0.0,0.0,0.0
b4356,0.0,0.0,0.0,0.0,0.0,0.0,0.0,0.0,0.0,0.0,0.0,0.0,0.0,0.0,0.0,0.0,0.0,0.0,0.0
b4358,0.0,0.0,0.0,0.0,0.0,0.0,0.0,0.0,0.0,0.0,0.0,0.0,0.0,0.0,0.0,0.0,0.0,0.0,0.0
b4367,0.0,0.0,0.0,0.0,0.0,0.0,0.0,0.0,0.0,0.0,0.0,0.0,0.0,0.0,0.0,0.0,0.0,0.0,0.0
b4371,2.1446832858078248e-10,1.0257202615065108e-10,2.973412057001862e-12,1.451272627468029e-11,7.449192071851576e-11,4.952185172685261e-11,3.594390887213962e-12,1.4083882313697853e-10,5.1108300113607156e-11,6.497601945956295e-11,1.3135781125244061e-11,5.1957211198640855e-12,1.9127050781364377e-11,4.833721276124142e-11,4.666701899935246e-11,1.3990074865216577e-11,6.671340859174683e-12,3.885161094091224e-11,9.332041828013308e-12
b4374,2.2977809156268773e-11,0.0,5.184499934145367e-14,0.0,0.0,1.028828087174084e-11,5.977574547913489e-13,0.0,7.365668429491611e-12,1.0183995185658327e-12,0.0,1.7300417028103406e-12,5.176514066069339e-12,7.069282308805412e-13,6.836377222691888e-13,1.4364675745389198e-13,0.0,2.7431883580933843e-12,6.8349675627263956e-12
b4375,5.5895143580258744e-08,3.143315388586835e-08,1.589597068810333e-09,6.350565301869735e-09,2.4353038792371855e-08,1.747921175380268e-08,1.8721647093259797e-09,4.0048981992803473e-08,1.7804054167490663e-08,2.162373331878424e-08,5.763181370955168e-09,2.590492935156436e-09,7.885481896888112e-09,1.711183225882828e-08,1.65341471898557e-08,6.083800465237274e-09,3.1936516214257887e-09,1.4211073918799244e-08,4.315943822238181e-09
b4381,0.0,0.0,0.0,0.0,0.0,0.0,0.0,0.0,0.0,0.0,0.0,0.0,0.0,0.0,0.0,0.0,0.0,0.0,0.0
b4382,1.7108873337530763e-11,0.0,3.860287640500765e-14,7.230007115546036e-14,5.709180256472908e-13,7.660473333139023e-12,4.4507970760127303e-13,0.0,5.484347413166715e-12,7.582824041948159e-13,0.0,1.2881586821758844e-12,3.854341503317981e-12,5.263663510565893e-13,5.090246471940352e-13,1.0695685397644416e-13,0.0,2.042529896580873e-12,5.0891968638756934e-12
b4383,0.0,0.0,0.0,0.0,8.391533558672421e-06,0.0,0.0,4.194723999892458e-06,0.0,0.0,0.0,0.0,0.0,0.0,0.0,0.0,0.0,0.0,4.7681820340183047e-07
b4384,1.8926624179540848e-06,4.689633249580093e-06,3.7438417267225354e-08,1.6372535891996023e-07,7.266278440422732e-07,4.6686336268737693e-07,4.2711879714637505e-08,1.5172849765832576e-05,5.002118027607866e-07,6.635284697771308e-07,1.5632772038471e-07,6.336202441522871e-08,2.1062524161672664e-07,4.969868329884981e-07,4.949931420365831e-07,1.6605910581592265e-07,7.60167594293806e-08,4.141843745626219e-07,1.731806009573098e-06
b4386,0.0,0.0,0.0,0.0,0.0,0.0,0.0,0.0,0.0,0.0,0.0,0.0,0.0,0.0,0.0,0.0,0.0,0.0,0.0
b4388,3.443921662825754e-07,1.5041648822841536e-07,7.958769818987444e-09,3.843186088483476e-08,1.4854220694167883e-07,1.1523122182460548e-07,1.1444706042467365e-08,1.9248061059122408e-07,1.1100345087051995e-07,1.3405402842514387e-07,0.0,1.7236574432730922e-08,4.9546523526144346e-08,1.0481951922858667e-07,1.0275022094947271e-07,3.778317659201759e-08,2.1159553045048615e-08,0.0,2.180606760787648e-08
b4390,0.0,0.0,0.0,0.0,0.0,0.0,0.0,0.0,0.0,0.0,0.0,0.0,0.0,0.0,0.0,0.0,0.0,0.0,0.0
b4392,0.0,0.0,0.0,0.0,0.0,0.0,0.0,0.0,0.0,0.0,0.0,0.0,0.0,0.0,0.0,0.0,0.0,0.0,0.0
b4394,0.0,0.0,0.0,0.0,0.0,0.0,0.0,0.0,0.0,0.0,0.0,0.0,0.0,0.0,0.0,0.0,0.0,0.0,0.0
b4395,9.27626333006065e-05,4.0581270092490206e-05,3.2775304559587752e-06,8.127949803843318e-06,3.240511318808387e-05,2.358206319046686e-05,3.489103085077814e-06,5.6995265838978176e-05,4.044391457879599e-05,4.622981915163075e-05,1.5361078413998636e-05,7.4348542987522175e-06,2.3672421645293516e-05,2.2653926300197524e-05,2.637499716832108e-05,1.5244771171113843e-05,6.237863920238335e-06,3.157530442146433e-05,9.312924587403321e-06
dummy,0.005588662926039455,0.00585237571209508,0.002012403387886613,0.003603981106059448,0.005319078012569492,0.004931236482754758,0.002111872022422937,0.0052778235129913925,0.004261642430638561,0.004614615257002535,0.0031408071792497754,0.0022732758894898866,0.003256660008682064,0.0048590561819763615,0.004377198592922716,0.003223086432857784,0.0024955434793549245,0.004270121939853568,0.0029487126363383688
