,NH4Cl,Adenine,L-Cys,Cytosine,Cytidine,Putrescine,L-Pro,Adenosine,L-Asn,GlcNAc,Glycine,L-Orn,L-Asp,D-Ala,L-Ala,L-Arg,GABA,L-Ser,Guanosine
b0002,2.7282316982990343e-05,1.579759286759303e-05,8.274729785988749e-07,3.255348410906179e-06,1.2325867585992434e-05,8.932313007271452e-06,9.80746247889385e-07,1.9873252472802492e-05,9.141786461803814e-06,1.10013948459296e-05,3.0375101913388665e-06,1.3719021551085403e-06,4.153784387520193e-06,8.721066966519366e-06,8.502600818427795e-06,3.198607160001569e-06,1.699756881040718e-06,7.3229155515351774e-06,2.2675333413637532e-06
b0003,2.7282316982990343e-05,1.579759286759303e-05,8.274729785988749e-07,3.255348410906179e-06,1.2325867585992434e-05,8.932313007271452e-06,9.80746247889385e-07,1.9873252472802492e-05,9.141786461803814e-06,1.10013948459296e-05,3.0375101913388665e-06,1.3719021551085403e-06,4.153784387520193e-06,8.721066966519366e-06,8.502600818427795e-06,3.198607160001569e-06,1.699756881040718e-06,7.3229155515351774e-06,2.2675333413637532e-06
b0004,6.335011907155858e-08,3.668234592501718e-08,1.9214098185069277e-09,7.558988101299871e-09,2.86209261376047e-08,2.074102038136554e-08,2.2773136028554008e-09,4.614611402968865e-08,2.122742218863247e-08,2.5545472324707264e-08,7.0531631320888814e-09,3.185585921270527e-09,9.645175507309234e-09,2.025050259127522e-08,1.974321955870381e-08,7.427233712428965e-09,3.94687155323961e-09,1.700396533146188e-08,5.265260544538175e-09
b0007,1.0900091605312333e-16,3.15520088899214e-17,1.6506133096047814e-19,1.0866554174157224e-18,0.0,1.1658182333791676e-17,0.0,6.71883227297687e-17,0.0,0.0,1.398790729769677e-18,1.74296088667069e-19,0.0,8.099569641267767e-18,1.3163685257140698e-17,1.1983504782245944e-18,5.900047270426503e-19,0.0,0.0
b0008,0.0,0.0,0.0,0.0,0.0,0.0,0.0,0.0,0.0,0.0,0.0,0.0,0.0,0.0,0.0,0.0,0.0,0.0,0.0
b0009,3.364443177012875e-09,1.5798774477022115e-09,0.0,4.158005296773809e-11,7.009596149075777e-10,0.0,0.0,2.1738929183135376e-09,5.057127215747019e-10,7.165636000157374e-10,2.4001067059883417e-11,0.0,8.327236079762009e-11,2.7642377909302474e-10,4.3882473610274114e-10,5.1622304501504087e-11,0.0,9.269188987407336e-11,7.871078800714132e-11
b0014,1.3077991850851694e-09,7.019826689766422e-10,2.1274702576844993e-11,1.1532744205813038e-10,7.863733846404532e-10,5.232586340262202e-10,3.6776241093010646e-11,1.2194878172789183e-09,5.218360060666332e-10,6.255452255440299e-10,1.8792283859668506e-10,7.996954095253558e-11,2.7274659913080814e-10,5.114460089113475e-10,5.083454007217393e-10,2.0099752037461526e-10,7.493023180933133e-11,4.3531614967566405e-10,9.553291187797449e-11
b0015,2.6155983701703387e-09,1.4039653379532845e-09,4.2549405153689987e-11,2.3065488411626075e-10,1.5727467692809063e-09,1.0465172680524403e-09,7.355248218602129e-11,2.4389756345578367e-09,1.0436720121332664e-09,1.2510904510880597e-09,3.758456771933701e-10,1.5993908190507117e-10,5.454931982616163e-10,1.022892017822695e-09,1.0166908014434785e-09,4.019950407492305e-10,1.4986046361866265e-10,8.706322993513281e-10,1.9106582375594898e-10
b0019,0.0,0.0,0.0,0.0,0.0,0.0,0.0,0.0,0.0,0.0,0.0,0.0,0.0,0.0,0.0,0.0,0.0,0.0,0.0
b0023,6.794080780130098e-05,4.352461323864055e-05,5.613373250369941e-06,1.3703235012260265e-05,3.591727300116863e-05,2.810771601130748e-05,6.2365249944877455e-06,5.269559775380772e-05,2.862251280846191e-05,3.301978026380425e-05,1.2945844880885755e-05,7.661922952020362e-06,1.608109007840443e-05,2.768698812885513e-05,2.711399866564328e-05,1.3414159292869306e-05,8.795358811342817e-06,2.4309779938038724e-05,1.0637691812602386e-05
b0025,7.882192443165876e-07,3.0159630587554285e-07,4.747952876644299e-09,1.8691673664785624e-08,1.3939033906321205e-07,1.1630511492479907e-07,6.606232727475492e-09,5.620688196672416e-07,1.9395022232390995e-07,2.393338306377306e-07,2.450728209264714e-08,1.1679880236340775e-08,5.818192370351437e-08,1.0643230745934409e-07,1.4494281259647164e-07,3.213448735495723e-08,3.8118459195163626e-08,1.3967982792413555e-07,2.0598509552777424e-08
b0026,7.769636313006561e-07,4.393733669512047e-07,2.4289703312168165e-08,8.562128703447789e-08,3.482507903625272e-07,2.5238052713036435e-07,2.8649195126219536e-08,5.681119634793326e-07,2.606015552614189e-07,3.145429223186676e-07,8.67208185941296e-08,3.926348587540068e-08,1.1810072613844414e-07,2.4652693178269657e-07,2.4210686081667214e-07,9.152815208282092e-08,4.9123210299574526e-08,2.0704919313866835e-07,6.587320885345901e-08
b0027,8.51018379585693e-09,4.722636721234465e-09,2.365634512691534e-10,9.62396339895372e-10,3.6712909236283686e-09,2.6451274845683476e-09,2.80481825922893e-10,6.0547139636721285e-09,2.7074015022659774e-09,3.2847253729754174e-09,8.740697189942485e-10,3.8962988477021334e-10,1.203507871581138e-09,2.59430309484473e-09,2.5171246454915848e-09,9.223484450631157e-10,4.853972984444716e-10,2.168507017848142e-09,6.507059535006671e-10
b0029,1.4975392565962804e-08,8.285671516896838e-09,4.108419081135434e-10,1.6602416740549052e-09,6.412701398257876e-09,4.617020079436557e-09,4.87345060493736e-10,1.0654597639614522e-08,4.736002877848482e-09,5.752300043936368e-09,1.5204573810744136e-09,6.763474047511873e-10,2.0955780735527467e-09,4.523804364103235e-09,4.397870161222299e-09,1.604291055534982e-09,8.442258228578934e-10,3.7764546439194e-09,1.1324156446818002e-09
b0030,0.0,0.0,0.0,0.0,0.0,0.0,0.0,0.0,0.0,0.0,0.0,0.0,0.0,0.0,0.0,0.0,0.0,0.0,0.0
b0031,6.458441904094075e-06,3.5484496257324287e-06,1.4559314747321267e-07,8.041859068416683e-07,2.8168295016337086e-06,2.0108453839735524e-06,1.786812182544267e-07,4.613335773081267e-06,2.0485522760853033e-06,2.4929804470297127e-06,6.465961301106781e-07,2.8351687125970217e-07,9.222806024670246e-07,1.9681087273754442e-06,1.9041424510314254e-06,6.743656159282493e-07,3.3391133283646374e-07,1.6317372028011958e-06,4.449165252481843e-07
b0032,0.0,0.0,0.0,0.0,0.0,0.0,0.0,0.0,0.0,0.0,0.0,0.0,0.0,0.0,0.0,0.0,0.0,0.0,0.0
b0033,0.0,0.0,0.0,0.0,0.0,0.0,0.0,0.0,0.0,0.0,0.0,0.0,0.0,0.0,0.0,0.0,0.0,0.0,0.0
b0036,0.0,0.0,0.0,0.0,0.0,0.0,0.0,0.0,0.0,0.0,0.0,0.0,0.0,0.0,0.0,0.0,0.0,0.0,0.0
b0037,0.0,0.0,0.0,0.0,0.0,0.0,0.0,0.0,0.0,0.0,0.0,0.0,0.0,0.0,0.0,0.0,0.0,0.0,0.0
b0038,0.0,0.0,0.0,0.0,0.0,0.0,0.0,0.0,0.0,0.0,0.0,0.0,0.0,0.0,0.0,0.0,0.0,0.0,0.0
b0040,0.0,0.0,0.0,0.0,0.0,0.0,0.0,0.0,0.0,0.0,0.0,0.0,0.0,0.0,0.0,0.0,0.0,0.0,0.0
b0047,0.0,0.0,0.0,0.0,0.0,0.0,0.0,0.0,0.0,0.0,0.0,0.0,0.0,0.0,0.0,0.0,0.0,0.0,0.0
b0048,2.1406134143270865e-07,1.5719022005151334e-07,1.1163285332646791e-08,4.387180113349756e-08,1.349515015919554e-07,1.0732198624177575e-07,1.32235213099271e-08,1.795314555823229e-07,1.0928198861626365e-07,1.2550152696377773e-07,4.038503467924727e-08,1.8307292648774477e-08,5.4599705427121235e-08,1.0574779892339189e-07,1.033771788819506e-07,0.0,2.2764847306565897e-08,9.180843955114171e-08,3.0365698938426934e-08
b0049,0.0,0.0,0.0,0.0,0.0,0.0,0.0,0.0,0.0,0.0,0.0,0.0,0.0,0.0,0.0,0.0,0.0,0.0,0.0
b0051,4.305821280740572e-10,2.0571889846981394e-10,5.9492160944091696e-12,2.910473419270664e-11,1.495018115518729e-10,9.933795359551833e-11,7.195990378255093e-12,2.8194396746909095e-10,1.0238052658411379e-10,1.301035786462715e-10,2.633428274915222e-11,1.0412356832232803e-11,3.8347214802349035e-11,9.690445845099297e-11,9.350853385971852e-11,2.8032153394073046e-11,1.3343386230883337e-11,7.781207339141457e-11,1.8684151004186247e-11
b0052,9.385576458379237e-07,6.285733954855677e-07,1.639230066423082e-08,6.220703521306078e-08,4.621671071592661e-07,3.9798012196411554e-07,2.3205872636167227e-08,1.0684039792054287e-06,3.082166779515174e-07,5.340566591367319e-07,5.382419000999701e-08,3.6191056904288425e-08,1.1429190005268758e-07,3.362420634522601e-07,2.559629117041228e-07,7.183879026171697e-08,4.1268524389756134e-08,1.984711956064455e-07,7.38875527629509e-08
b0053,4.456045515460772e-06,2.221249053161759e-06,8.832472875451605e-08,3.0791025598986896e-06,3.006188741699601e-06,2.3323363637835482e-06,1.2992126400296239e-07,2.7761003009272497e-06,1.992870018072992e-06,2.1193576842641496e-06,7.829671780011656e-07,3.6660658236879705e-07,1.1594258399461734e-06,2.2538922725806445e-06,1.9732736567360013e-06,8.013187714487519e-07,3.3626402480499683e-07,1.8704220953927668e-06,4.1137385441449876e-07
b0058,3.084433581503623e-10,1.4844951393113055e-10,4.3695590159893496e-12,2.149183856759105e-11,1.09452767484416e-10,7.283054961595027e-11,5.283826484357347e-12,2.0329211641939082e-10,7.453547140318064e-11,9.452129054428802e-11,1.9385456619834025e-11,7.695379878142898e-12,2.819670768407803e-11,7.095343446958565e-11,6.819394613830583e-11,2.06403105259004e-11,9.88024608159717e-12,5.7120417915214467e-11,1.3773614697403036e-11
b0061,0.0,0.0,0.0,0.0,0.0,0.0,0.0,0.0,0.0,0.0,0.0,0.0,0.0,0.0,0.0,0.0,0.0,0.0,0.0
b0062,0.0,0.0,0.0,0.0,0.0,0.0,0.0,0.0,0.0,0.0,0.0,0.0,0.0,0.0,0.0,0.0,0.0,0.0,0.0
b0063,0.0,0.0,0.0,0.0,0.0,0.0,0.0,0.0,0.0,0.0,0.0,0.0,0.0,0.0,0.0,0.0,0.0,0.0,0.0
b0066,0.0,0.0,0.0,0.0,0.0,0.0,0.0,0.0,0.0,0.0,0.0,0.0,0.0,0.0,0.0,0.0,0.0,0.0,0.0
b0067,0.0,0.0,0.0,0.0,0.0,0.0,0.0,0.0,0.0,0.0,0.0,0.0,0.0,0.0,0.0,0.0,0.0,0.0,0.0
b0068,0.0,0.0,0.0,0.0,0.0,0.0,0.0,0.0,0.0,0.0,0.0,0.0,0.0,0.0,0.0,0.0,0.0,0.0,0.0
b0070,0.0,0.0,0.0,0.0,0.0,0.0,0.0,0.0,0.0,0.0,0.0,0.0,0.0,0.0,0.0,0.0,0.0,0.0,0.0
b0071,2.811976765952671e-07,1.6439749491023794e-07,9.306952292000283e-09,3.103098528488255e-08,1.245792296938641e-07,9.067545111772518e-08,1.0855054708812927e-08,2.0783277439586443e-07,9.43636780993362e-08,1.1390662504164275e-07,3.134344973587444e-08,1.4290755350215533e-08,4.2343917563103455e-08,8.906702238834581e-08,8.752872990937836e-08,3.3091577331109113e-08,1.8385433392176623e-08,7.579502176982378e-08,2.4347527889567433e-08
b0072,2.811976765952671e-07,1.6439749491023794e-07,9.306952292000283e-09,3.103098528488255e-08,1.245792296938641e-07,9.067545111772518e-08,1.0855054708812927e-08,2.0783277439586443e-07,9.43636780993362e-08,1.1390662504164275e-07,3.134344973587444e-08,1.4290755350215533e-08,4.2343917563103455e-08,8.906702238834581e-08,8.752872990937836e-08,3.3091577331109113e-08,1.8385433392176623e-08,7.579502176982378e-08,2.4347527889567433e-08
b0073,1.1895817146697561e-07,6.954689535511792e-08,3.9372232373749474e-09,1.3127381822650472e-08,5.2702133056656476e-08,3.83594416302132e-08,4.592134170414774e-09,8.79218033107199e-08,3.9919713190774856e-08,4.8187182756958456e-08,1.3259567124422816e-08,6.045576712891487e-09,1.7913217018877462e-08,3.7679010188180644e-08,3.7028249261934605e-08,1.3999096926866348e-08,7.777793772845195e-09,3.206440858690083e-08,1.0300004724622542e-08
b0074,7.375669451970976e-08,4.3120611659079563e-08,2.4411653944730037e-09,8.139266760716946e-09,3.267648687316978e-08,2.378370130757864e-08,2.8472246422754676e-09,5.451346055879017e-08,2.4751104147089208e-08,2.987711793600562e-08,8.221224568260456e-09,3.74839113033943e-09,1.1106590318542342e-08,2.3361818780361646e-08,2.295833262845978e-08,8.679749384625773e-09,4.822403978362267e-09,1.9880641740998424e-08,6.386230493097765e-09
b0077,4.213502036924448e-06,2.4156047568251533e-06,1.2892080265781306e-07,4.5843876317326083e-07,1.8685097970433904e-06,1.3469941556203151e-06,1.5215381861273824e-07,3.0877768409259516e-06,1.398873544802129e-06,1.6869633693331966e-06,4.590671539972522e-07,2.0712468909227842e-07,6.276572210656787e-07,1.3168266243667026e-06,1.295147260542823e-06,4.83831307983857e-07,2.606709773391586e-07,1.1132211866421788e-06,3.477143894239629e-07
b0078,4.213502036924448e-06,2.4156047568251533e-06,1.2892080265781306e-07,4.5843876317326083e-07,1.8685097970433904e-06,1.3469941556203151e-06,1.5215381861273824e-07,3.0877768409259516e-06,1.398873544802129e-06,1.6869633693331966e-06,4.590671539972522e-07,2.0712468909227842e-07,6.276572210656787e-07,1.3168266243667026e-06,1.295147260542823e-06,4.83831307983857e-07,2.606709773391586e-07,1.1132211866421788e-06,3.477143894239629e-07
b0082,2.1529106403702833e-10,1.0285944923490687e-10,2.974608047204581e-12,1.45523670963533e-11,7.475090577593636e-11,4.966897679775911e-11,3.597995189127542e-12,1.4097198373454532e-10,5.119026329205683e-11,6.505178932313567e-11,1.3167141374576097e-11,5.206178416116396e-12,1.9173607401174495e-11,4.8452229225496426e-11,4.675426692985921e-11,1.4016076697036505e-11,6.6716931154416594e-12,3.890603669570724e-11,9.342075502093112e-12
b0084,4.418247501377011e-08,2.4832938132552154e-08,1.2485939155686125e-09,4.983080805154547e-09,1.9097522100308384e-08,1.388445610173201e-08,1.4799443360586606e-09,3.182192958229485e-08,1.4222265069523728e-08,1.7257572029822916e-08,4.5997238393254736e-09,2.052920316043841e-09,6.3210066975661026e-09,1.3617132274335295e-08,1.3221018777967994e-08,4.854400131449697e-09,2.558436007569173e-09,1.1388892352170709e-08,3.4292685485783954e-09
b0085,2.0065741643309018e-06,1.116048756884373e-06,5.611465223670368e-08,2.2536459635691888e-07,8.655473436736975e-07,6.239990568027528e-07,6.651206666323652e-08,1.4301499388599434e-06,6.391809606337029e-07,7.75594563475319e-07,2.0672205783661832e-07,9.226291123804018e-08,2.840804269483124e-07,6.119849155980683e-07,5.941826735578343e-07,2.1816779002167044e-07,1.1498193691679533e-07,5.118427422516096e-07,1.5411913323485014e-07
b0086,6.108791203836769e-07,3.397685941691373e-07,1.7083479897402147e-08,6.860973735004889e-08,2.635062333368217e-07,1.8996955194378175e-07,2.0248856733230632e-08,4.3539319512710484e-07,1.9459151320634634e-07,2.361211128561266e-07,6.293422446074708e-08,2.8088414105503624e-08,8.648511698059839e-08,1.8631198067542536e-07,1.8089228667571628e-07,6.641874994385241e-08,3.500496803573923e-08,1.5582481311658595e-07,4.691985086740812e-08
b0087,2.6483662393582483e-09,1.4730110163637552e-09,7.406262532367947e-11,2.9744626395968953e-10,1.1423880583631461e-09,8.235818365471964e-10,8.778559745864064e-11,1.887575790930165e-09,8.436195915775365e-10,1.0236643598083823e-09,2.7284100863908033e-10,1.2177271272164027e-10,3.749420407011274e-10,8.077250361722256e-10,7.842288416919378e-10,2.879475973924226e-10,1.5175829793861706e-10,6.755529212605605e-10,2.034133183581761e-10
b0088,6.112978090726716e-06,3.4000146719181456e-06,1.7095188694712515e-07,6.865676158123445e-07,2.6368683711864415e-06,1.900997546303661e-06,2.0262735039095711e-07,4.356916080208872e-06,1.947248837257097e-06,2.3628294722873303e-06,6.297735876842454e-07,2.8107665543120914e-07,8.654439276698214e-07,1.8643967650972393e-06,1.8101626792148208e-06,6.646427250046097e-07,3.502895999042574e-07,1.5593161343851483e-06,4.6952009129479933e-07
b0090,6.537825358456072e-07,3.636313072168494e-07,1.8283291138476224e-08,7.342835361641314e-08,2.820128691481053e-07,2.0331154112003944e-07,2.167097951344493e-08,4.659718391117006e-07,2.082581131242057e-07,2.5270443002342e-07,6.735423668365291e-08,3.0061126643588545e-08,9.255916138853591e-08,1.9939709038981936e-07,1.9359675908301093e-07,7.108348823366891e-08,3.746344572265976e-08,1.6676874043926084e-07,5.021513759109234e-08
b0091,2.731657079972482e-06,1.519337058420799e-06,7.639188712653388e-08,3.068009177815753e-07,1.1783160430484463e-06,8.494833989750779e-07,9.054644529663632e-08,1.9469398516907903e-06,8.70151339300675e-07,1.0558584966192837e-06,2.814218297603658e-07,1.2560245177197602e-07,3.8673392857807784e-07,8.331279038904946e-07,8.088927565567779e-07,2.970035191464605e-07,1.5653108050080372e-07,6.967989898197293e-07,2.098106458978478e-07
b0092,1.750303182755971e-07,3.4000146719181456e-06,1.7095188694712515e-07,6.865676158123445e-07,2.6368683711864415e-06,1.900997546303661e-06,2.0262735039095711e-07,1.2474973685507978e-07,1.947248837257097e-06,2.3628294722873303e-06,6.297735876842454e-07,2.8107665543120914e-07,8.654439276698214e-07,1.8643967650972393e-06,1.8101626792148208e-06,6.646427250046097e-07,3.502895999042574e-07,1.5593161343851483e-06,4.6952009129479933e-07
b0096,5.641085747130104e-07,3.137549983188405e-07,1.5775522807211333e-08,6.335679164097397e-08,2.433314885967419e-07,1.7542497297758254e-07,1.8698549893433048e-08,4.020583230748405e-07,1.7969306447589155e-07,2.1804304646926117e-07,5.811581125726318e-08,2.5937889704026384e-08,7.986358421150738e-08,1.7204743518613226e-07,1.670426875109517e-07,6.13335521134102e-08,3.232489369437448e-08,1.4389444703382487e-07,4.332754110491912e-08
b0098,2.1912197651482586e-05,1.1442178380010781e-05,5.26402859876624e-07,8.614006105062154e-06,1.2017754579739367e-05,9.021648011501028e-06,6.868713072210183e-07,1.4530202613991407e-05,8.406992166271037e-06,9.329181475679724e-06,2.9943188287494158e-06,1.370643619925047e-06,4.332075678686618e-06,8.756387071066475e-06,7.989413484366496e-06,3.1008534419710346e-06,1.4205638724454513e-06,7.282974813123598e-06,1.8148482970616544e-06
b0099,6.404451526840908e-09,3.5621310650336394e-09,1.7910305862795807e-10,7.193039055774145e-10,2.762597119649726e-09,1.9916391744335448e-09,2.122888425789891e-10,4.564658571988143e-09,2.0400957771840847e-09,2.475491748352776e-09,6.598018764907685e-10,2.944786957058668e-10,9.06709234304038e-10,1.9532932282184537e-09,1.8964732022047196e-09,6.96333612158168e-10,3.669917885599053e-10,1.6336660216139295e-09,4.919073193043267e-10
b0103,4.059026570917627e-09,2.2538369634225423e-09,1.1297243432184871e-10,4.540570614302714e-10,1.7470707059250758e-09,1.2588057954795163e-09,1.3391866438593662e-10,2.8897736276837246e-09,1.2894819720929428e-09,1.56519257614931e-09,4.1662330422468846e-10,1.8580817230784478e-10,5.724897416536679e-10,1.2345315415405125e-09,1.1985646081822502e-09,4.395435541582967e-10,2.3160184118658747e-10,1.0322416305734605e-09,3.1051460769806814e-10
b0104,0.0,0.0,0.0,0.0,0.0,0.0,0.0,0.0,0.0,0.0,0.0,0.0,0.0,0.0,0.0,0.0,0.0,0.0,6.491991002722672e-08
b0109,7.049898187612992e-05,3.90976561682869e-05,1.9500976916422314e-06,7.860935141894038e-06,3.0300164067709564e-05,2.18132342724682e-05,2.3120778373584714e-06,5.0169351230910906e-05,2.234590467181285e-05,2.713280152071548e-05,7.2025410487287345e-06,3.2096648116913253e-06,9.907498763884037e-06,2.1391245017621967e-05,2.0766956457786694e-05,7.602192735075657e-06,4.001074697694927e-06,1.7882256254257837e-05,5.365080104433087e-06
b0110,0.0,0.0,0.0,0.0,0.0,0.0,0.0,0.0,0.0,0.0,0.0,0.0,0.0,0.0,0.0,0.0,0.0,0.0,0.0
b0112,0.0,0.0,0.0,0.0,0.0,0.0,0.0,0.0,0.0,0.0,0.0,0.0,0.0,0.0,0.0,0.0,0.0,0.0,0.0
b0114,1.5624106820693338e-05,1.261526896243567e-05,2.925897602600168e-06,5.849112169289146e-06,1.8700230883694156e-05,1.5708220960608418e-05,3.5184533097910815e-06,1.4464161520388679e-05,1.4332301993864128e-05,1.1315294531393941e-05,9.768614163187928e-06,6.705929064522907e-06,1.2181774847662104e-05,1.6696866656369022e-05,1.4851256529850567e-05,9.644198675369731e-06,5.426969476062136e-06,1.542457499825454e-05,6.130066092084541e-06
b0115,1.5624106820693338e-05,1.261526896243567e-05,2.925897602600168e-06,5.849112169289146e-06,1.8700230883694156e-05,1.5708220960608418e-05,3.5184533097910815e-06,1.4464161520388679e-05,1.4332301993864128e-05,1.1315294531393941e-05,9.768614163187928e-06,6.705929064522907e-06,1.2181774847662104e-05,1.6696866656369022e-05,1.4851256529850567e-05,9.644198675369731e-06,5.426969476062136e-06,1.542457499825454e-05,6.130066092084541e-06
b0116,8.675583944211095e-06,6.965260189049263e-06,1.6195097755939472e-06,3.3481448861072494e-06,1.0652936153047174e-05,9.04980828931526e-06,1.9729411095234513e-06,7.698237408896368e-06,8.191975613554748e-06,6.492136519506124e-06,6.615826594867714e-06,3.819828396818556e-06,6.9938767225047394e-06,9.45107863980746e-06,8.509117942758354e-06,5.556094898520085e-06,3.0768484529020654e-06,8.91665213236462e-06,3.323751028738219e-06
b0118,0.0,0.0,0.0,0.0,0.0,0.0,0.0,0.0,0.0,0.0,0.0,0.0,0.0,0.0,0.0,0.0,0.0,0.0,0.0
b0120,0.0,0.0,0.0,0.0,0.0,0.0,0.0,0.0,0.0,0.0,0.0,0.0,0.0,0.0,0.0,0.0,0.0,0.0,0.0
b0121,0.0,0.0,0.0,0.0,0.0,0.0,0.0,0.0,0.0,0.0,0.0,0.0,0.0,0.0,0.0,0.0,0.0,0.0,0.0
b0123,1.519398631621977e-13,0.0,0.0,0.0,0.0,3.387589189077595e-14,4.883015161333326e-07,0.0,0.0,0.0,0.0,0.0,0.0,0.0,0.0,7.539546330056952e-15,0.0,0.0,0.0
b0124,0.0,0.0,0.0,0.0,0.0,0.0,0.0,0.0,0.0,0.0,0.0,0.0,0.0,0.0,0.0,0.0,0.0,0.0,0.0
b0125,1.178780549682834e-09,5.577930469369892e-10,1.5516159641783738e-11,5.634707592325878e-08,4.1480085882971646e-10,2.7631985686819063e-10,1.9068765637838195e-11,7.682694519898694e-10,2.830356263125634e-10,3.582437689263805e-10,7.281384639034087e-11,2.865525580253523e-11,1.0731774897661079e-10,2.6950816426455276e-10,2.5912349127004393e-10,7.71694486827822e-11,3.5364935560338125e-11,2.149549131229311e-10,2.1350368997776593e-07
b0126,8.248710220777061e-06,8.596608487552086e-07,1.7781183896953215e-07,7.480759276131608e-07,3.2142458045983574e-06,2.2618006184034024e-06,2.1322229942343182e-07,1.1017570464034937e-06,2.425085033737607e-06,2.9705702844722338e-06,7.118829472689686e-07,3.0677403714730365e-07,1.0227853460575059e-06,2.224730935653147e-06,2.2170677963515513e-06,7.547457059988045e-07,3.778970796273791e-07,1.8602196029110195e-06,1.1862381593380931e-07
b0131,5.871845302608782e-09,3.260432459678833e-09,1.6342752288193594e-10,6.568453733164272e-10,2.5273372171082913e-09,1.8210062851133556e-09,1.9372863583606286e-10,4.180387441386317e-09,1.865382876496157e-09,2.2642297396596605e-09,6.026931701794796e-10,2.687927326145811e-10,8.281717652222345e-10,1.7858908057057276e-09,1.7338605307126741e-09,6.358499282237737e-10,3.3503850233223987e-10,1.4932553566087527e-09,4.4919482756455987e-10
b0133,3.75592172561343e-09,2.085533333918429e-09,1.0453630028072038e-10,4.2015068191795703e-10,1.616609476661627e-09,1.1648053918752137e-09,1.2391838590959553e-10,2.673981892133393e-09,1.1931908473996094e-09,1.4483129634204476e-09,3.855122631977756e-10,1.7193308271687107e-10,5.297394882245689e-10,1.142343800124177e-09,1.1090626712515842e-09,4.067209602038332e-10,2.1430714281038106e-10,9.551597405475993e-10,2.8732715610428883e-10
b0134,6.112074923310892e-09,3.3938236532045727e-09,1.7011368878224842e-10,6.837183079323368e-10,2.630735932463157e-09,1.8955075068970053e-09,2.016544844079518e-10,4.3514159405509535e-09,1.941699638568514e-09,2.356864171172905e-09,6.27350623537054e-10,2.797896122794449e-10,8.620540251903477e-10,1.8589553788952604e-09,1.8047964352158815e-09,6.6186389473832e-10,3.487456366636089e-10,1.5543475941324727e-09,4.67572338804381e-10
b0142,5.545669946039221e-09,3.08448008520628e-09,1.550868868808039e-10,6.22851470498512e-10,2.392156729619756e-09,1.7245775796289884e-09,1.8382274410787273e-10,3.952577320714223e-09,1.7665365708766566e-09,2.1435497064773234e-09,5.713281490944494e-10,2.5499164849334043e-10,7.851273648340697e-10,1.6913734932858819e-09,1.6421725415296024e-09,6.029612948397617e-10,3.177813624992408e-10,1.414605531786841e-09,4.259468005136622e-10
b0149,3.2697751319438904e-08,1.8186362289351323e-08,9.144057452889414e-10,3.6723863283376064e-09,1.4104363696958439e-08,1.016825908834743e-08,1.0838348535308896e-09,2.3304738933457937e-08,1.0415652942431848e-08,1.263855511150827e-08,3.3686003535475277e-09,1.503452890650997e-09,4.629179085525266e-09,9.97248491343255e-09,9.682391831647988e-09,3.5551121263533585e-09,1.8736664940497986e-09,8.3406369912988e-09,2.5114193044347247e-09
b0150,0.0,0.0,0.0,0.0,0.0,0.0,0.0,0.0,0.0,0.0,0.0,0.0,0.0,0.0,0.0,0.0,0.0,0.0,0.0
b0151,0.0,0.0,0.0,0.0,0.0,0.0,0.0,0.0,0.0,0.0,0.0,0.0,0.0,0.0,0.0,0.0,0.0,0.0,0.0
b0152,0.0,0.0,0.0,0.0,0.0,0.0,0.0,0.0,0.0,0.0,0.0,0.0,0.0,0.0,0.0,0.0,0.0,0.0,0.0
b0153,0.0,0.0,0.0,0.0,0.0,0.0,0.0,0.0,0.0,0.0,0.0,0.0,0.0,0.0,0.0,0.0,0.0,0.0,0.0
b0154,3.457859297096784e-10,1.394873399944189e-10,2.197210862330249e-12,1.1125295110011324e-11,8.15122140282001e-11,6.558060951114433e-11,3.7593742755477366e-12,2.4171113628626774e-10,8.93824942594724e-11,1.1181802717013545e-10,1.0440138763075025e-10,1.907422013031793e-10,2.993303200432166e-11,5.019858239221082e-10,7.164032115207829e-11,3.052802225930658e-10,4.288211898047695e-10,1.9782310206016297e-09,2.740083993437621e-11
b0155,0.0,0.0,0.0,0.0,0.0,0.0,0.0,0.0,0.0,0.0,0.0,0.0,0.0,0.0,0.0,0.0,0.0,0.0,0.0
b0156,6.725656657232356e-10,3.812315302590791e-10,1.7622190757566014e-11,7.614904274356761e-11,4.736328534548362e-10,3.65471252818774e-10,2.5845674237367998e-11,4.960000236519676e-10,3.093640476315217e-10,4.134571247567195e-10,1.1931925471099165e-10,5.3864750436818854e-11,1.6799487617180852e-10,3.4656732612206316e-10,3.141624899256708e-10,1.2071852474817085e-10,5.324028734947815e-11,3.175422981991666e-10,6.0178680152445e-11
b0158,0.0,0.0,0.0,0.0,0.0,0.0,0.0,0.0,0.0,0.0,0.0,0.0,0.0,0.0,0.0,0.0,0.0,0.0,0.0
b0159,7.688221611739414e-10,3.6674948803194625e-10,1.0513633328488305e-11,5.1820794874829106e-11,2.6699651417677305e-10,1.7718150014560906e-10,1.2740370420777591e-11,5.034253396454675e-10,1.8260908944239324e-10,2.3204013721871837e-10,4.696317199797809e-11,1.8522451484334887e-11,6.839212101989765e-11,1.7288030130628827e-10,1.6679608426769997e-10,4.9911782281307395e-11,2.370123621850861e-11,1.3886412788791153e-10,3.316819412246215e-11
b0160,0.0,0.0,0.0,0.0,0.0,0.0,0.0,0.0,0.0,0.0,0.0,0.0,0.0,0.0,0.0,0.0,0.0,0.0,0.0
b0166,1.8976397586736512e-07,1.0426166545172362e-07,4.277863753182724e-09,2.3628843811700036e-08,8.276497234288895e-08,5.908329293408497e-08,5.250067878955489e-09,1.3555048590838786e-07,6.019120872414444e-08,7.324953733625294e-08,1.8998491316066983e-08,8.330382082033095e-09,2.7098739384579298e-08,5.7827591018396244e-08,5.594811372329557e-08,1.9814423101904404e-08,9.811088037511197e-09,4.7944216851739544e-08,1.30726775922019e-08
b0168,6.317480437662975e-10,3.0042486471094085e-10,9.025619465988055e-12,4.473731581497463e-11,2.559876128863681e-10,1.766459432051558e-10,1.2025328141012182e-11,4.236148622172009e-10,1.7548821723909103e-10,2.177317977489582e-10,5.138210224701237e-11,2.1243765295265404e-11,7.528298150525242e-11,1.7204693684248418e-10,1.6357097055935348e-10,5.420385300678367e-11,2.24962235200152e-11,1.3853190441030381e-10,3.110900327735244e-11
b0169,6.794080780130098e-05,4.352461323864055e-05,5.613373250369941e-06,1.3703235012260265e-05,3.591727300116863e-05,2.810771601130748e-05,6.2365249944877455e-06,5.269559775380772e-05,2.862251280846191e-05,3.301978026380425e-05,1.2945844880885755e-05,7.661922952020362e-06,1.608109007840443e-05,2.768698812885513e-05,2.711399866564328e-05,1.3414159292869306e-05,8.795358811342817e-06,2.4309779938038724e-05,1.0637691812602386e-05
b0170,1.3198554261447466e-05,7.56554153990938e-06,4.007354518846521e-07,1.57987857388919e-06,5.911149823119619e-06,4.286212466377472e-06,4.7463011650965555e-07,9.624473092289807e-06,4.3903520576676165e-06,5.30091809011563e-06,1.4530819411486796e-06,6.56967989061469e-07,1.9867114862742e-06,4.202044832498142e-06,4.0855136574448015e-06,1.5309202736297353e-06,8.145072105205863e-07,3.5285563389601514e-06,1.0869367373358376e-06
b0171,0.0,0.0,0.0,0.0,0.0,0.0,0.0,0.0,0.0,0.0,0.0,0.0,0.0,0.0,0.0,0.0,0.0,0.0,0.0
b0172,3.405284196692841e-09,1.879497010012767e-09,1.0757400463411271e-10,3.7630054744335006e-10,1.4689300490516538e-09,1.072978536311132e-09,1.249595194391471e-10,2.4172252280838295e-09,1.0911778641864187e-09,1.3255848591901708e-09,3.616973502516316e-10,1.6463536185659406e-10,4.845502614010258e-10,1.0548449650736566e-09,1.0179970490380314e-09,3.834861161049221e-10,2.0542515089497444e-10,8.710673695471412e-10,2.796700533834735e-10
b0173,7.581493100036036e-05,4.1947322020322466e-05,2.0799421970733563e-06,8.40519588437933e-06,3.246515988768522e-05,2.337428265789545e-05,2.4672496545217314e-06,5.394032786292058e-05,2.3976649014042452e-05,2.9121789562674276e-05,7.697519175366876e-06,3.4240993414777516e-06,1.0609144725419425e-05,2.2902365611646673e-05,2.22648068391505e-05,8.121938382859355e-06,4.274006322489923e-06,1.9118807536671212e-05,5.733005901989822e-06
b0174,3.8578405639353407e-10,2.145715938226405e-10,1.0788606046966964e-11,4.3328609375898515e-11,1.6641017869101896e-10,1.1997009210939236e-10,1.2787613501949331e-11,2.749607039061671e-10,1.2288896575373304e-10,1.4911585234830035e-10,3.974439392068136e-11,1.7738472260234896e-11,5.461731811277026e-11,1.1766025267738043e-10,1.1423759266846366e-10,4.194495100411009e-11,2.2106433355050263e-11,9.840691306182545e-11,2.963095281704778e-11
b0175,3.890075872130187e-08,2.086199973397053e-08,1.0468658997972314e-09,4.233045178266081e-09,1.6199617279838103e-08,1.1675028611434522e-08,1.241038127920147e-09,2.6740243096386977e-08,1.1954236839346785e-08,1.45043667354559e-08,3.862596827215717e-09,1.7228143813075617e-09,5.313502234645883e-09,1.1450484709430159e-08,1.1113413561171308e-08,4.076188854991108e-09,2.146634628911413e-09,9.573811819242166e-09,2.8775103955531064e-09
b0177,4.456045515460772e-06,2.221249053161759e-06,8.832472875451605e-08,3.0791025598986896e-06,3.006188741699601e-06,2.3323363637835482e-06,1.2992126400296239e-07,2.7761003009272497e-06,1.992870018072992e-06,2.1193576842641496e-06,7.829671780011656e-07,3.6660658236879705e-07,1.1594258399461734e-06,2.2538922725806445e-06,1.9732736567360013e-06,8.013187714487519e-07,3.3626402480499683e-07,1.8704220953927668e-06,4.1137385441449876e-07
b0179,7.154497661551051e-06,3.979303812061564e-06,2.0007839996291343e-07,8.035439239145305e-07,3.086133847606934e-06,2.2248865115803103e-06,2.3715067893627067e-07,5.099240573872702e-06,2.2790180245775607e-06,2.765404633098226e-06,7.370734188019815e-07,3.289660529046836e-07,1.0128968998122495e-06,2.1820497469680632e-06,2.1185753430256147e-06,7.778835047725648e-07,4.0997138975231144e-07,1.8249899593131241e-06,5.495161843154154e-07
b0180,1.0081025491383369e-11,4.181589205675739e-12,4.7143266296614907e-14,3.7943433766075477e-13,2.8559526899210895e-12,1.7481899136467864e-12,6.083538827129085e-14,6.065840891244167e-12,1.8123772224952141e-12,2.422513321155106e-12,3.3334141048292904e-13,9.939102017215831e-14,5.369958318628444e-13,1.6979452207793718e-12,1.6243978495776053e-12,3.6140481128695095e-13,1.3827748168693734e-13,1.2987227353588918e-12,2.1458175720014813e-13
b0181,4.256399531779492e-06,2.3673928881815077e-06,1.1903192204506361e-07,4.780494932431893e-07,1.836022497366395e-06,1.3236437209345458e-06,1.4108719948434472e-07,3.0336728332031315e-06,1.3558479870445528e-06,1.6452122206646051e-06,4.385044349844292e-07,1.9571058930939473e-07,6.025991053531346e-07,1.2981589988109538e-06,1.260396400232922e-06,4.627834324814265e-07,2.439028026750966e-07,1.0857347050468706e-06,3.2692168482983536e-07
b0182,1.6353626262668952e-07,9.095823411585346e-08,4.573357251635375e-09,1.836726719187699e-08,7.054231048472361e-08,5.0856068739492245e-08,5.420748953632592e-09,1.165575537423169e-07,5.2093397444409196e-08,6.321113790809065e-08,1.6847895952239478e-08,7.51944879543405e-09,2.3152621086404094e-08,4.987691342781276e-08,4.84260265473837e-08,1.778072579618078e-08,9.371054689733158e-09,4.171530293191821e-08,1.256074532231236e-08
b0185,8.624678904185022e-07,4.796973968371543e-07,2.411865537028546e-08,9.686439946451572e-08,3.7202642351340596e-07,2.682041650121636e-07,2.858758847212384e-08,6.147055451240603e-07,2.747296344158138e-07,3.333628721546944e-07,8.885182689231756e-08,3.965562574756846e-08,1.2210132622127852e-07,2.630402613992088e-07,2.5538852576892037e-07,9.377110985642428e-08,4.942056608849209e-08,2.199973273147487e-07,6.624228775402079e-08
b0186,0.0,0.0,0.0,0.0,0.0,0.0,0.0,0.0,0.0,0.0,0.0,0.0,0.0,0.0,0.0,0.0,0.0,0.0,0.0
b0188,3.517752342720522e-12,1.6356766293986977e-12,3.707541344049905e-14,3.7790464563384673e-13,1.4224134001171526e-12,9.514673451731982e-13,4.827204975544516e-14,2.303299750324456e-12,8.971983661910718e-13,1.1365982721383101e-12,2.3911833261235323e-13,9.632835655714519e-14,3.6472113974122465e-13,9.20546752119056e-13,8.424191530571846e-13,2.5010796612528844e-13,1.1662147041455657e-13,7.512093095828681e-13,1.5585172330022462e-13
b0194,9.596173820806969e-07,5.577337105752097e-07,2.6534781987778452e-08,9.13641343644111e-08,4.229414388835812e-07,3.0110686796519414e-07,3.1936391181304475e-08,7.095062853361278e-07,3.153752032191095e-07,3.837022210467103e-07,1.013673728979822e-07,4.508821907601802e-08,1.4120094732185477e-07,2.9678712464976977e-07,2.9260268860979376e-07,1.0648978748385323e-07,5.573412447185688e-08,2.505223093791592e-07,7.360288674822626e-08
b0197,0.0,0.0,0.0,0.0,0.0,0.0,0.0,0.0,0.0,0.0,0.0,0.0,0.0,0.0,0.0,0.0,0.0,0.0,0.0
b0198,0.0,0.0,0.0,0.0,0.0,0.0,0.0,0.0,0.0,0.0,0.0,0.0,0.0,0.0,0.0,0.0,0.0,0.0,0.0
b0199,0.0,0.0,0.0,0.0,0.0,0.0,0.0,0.0,0.0,0.0,0.0,0.0,0.0,0.0,0.0,0.0,0.0,0.0,0.0
b0200,0.0,0.0,0.0,0.0,0.0,0.0,0.0,0.0,0.0,0.0,0.0,0.0,0.0,0.0,0.0,0.0,0.0,0.0,0.0
b0207,0.0,0.0,0.0,0.0,0.0,0.0,0.0,0.0,0.0,0.0,0.0,0.0,0.0,0.0,0.0,0.0,0.0,0.0,0.0
b0212,0.0,0.0,0.0,0.0,0.0,0.0,0.0,0.0,0.0,0.0,0.0,0.0,0.0,0.0,0.0,0.0,0.0,0.0,0.0
b0221,3.1534034274661294e-06,1.6340533741268472e-06,8.215181063210881e-08,3.3004181168967314e-07,1.2673594585525103e-06,9.136629501260609e-07,9.737437737469027e-08,2.093968497401647e-06,9.358741392512941e-07,1.1356037455604962e-06,3.0266388273676137e-07,1.3507879565507663e-07,4.1594568310934256e-07,8.960726648257947e-07,8.699914579566093e-07,3.1942064050569913e-07,1.683393656245066e-07,7.494324636582015e-07,2.2563902048108083e-07
b0222,0.0,0.0,0.0,0.0,0.0,0.0,0.0,0.0,0.0,0.0,0.0,0.0,0.0,0.0,0.0,0.0,0.0,0.0,0.0
b0237,0.0,0.0,0.0,0.0,0.0,0.0,0.0,0.0,0.0,0.0,0.0,0.0,0.0,0.0,0.0,0.0,0.0,0.0,0.0
b0238,8.381174120366016e-07,4.2100623049072935e-07,1.6586194781147965e-08,7.091486453004869e-08,3.1705764536905743e-07,2.2128383141849651e-07,1.9969940625389386e-08,5.766332116173005e-07,2.399303043171329e-07,2.9504831488052035e-07,6.830756884668725e-08,2.9042401835025708e-08,9.941632726251228e-08,2.1781274654703317e-07,2.1841826160205287e-07,7.252832542078262e-08,3.5692359388654965e-08,1.818864012011524e-07,0.0
b0241,0.00043653935653672316,0.0003661940230790166,0.0,0.0011666129698089198,0.0004776591297720095,0.0005008154154002627,0.0,0.00034799492581111664,0.00039800664320287,0.00044473870502826366,0.00028774261898567387,0.00021966493970368143,0.00037928126872137195,0.0005327359218784295,0.0004380421693078034,0.0002800156847825241,0.00018380381040362145,0.0004642373775340113,0.0001751206009150036
b0242,1.2064468259835334e-05,7.011920349009437e-06,3.3359966279381446e-07,1.1486449909200127e-06,5.317289641123822e-06,3.7855652880191685e-06,0.0,8.920030232290612e-06,3.964949156012793e-06,4.823967712015745e-06,1.2744073583358226e-06,3.5838035171342574e-07,1.7752016366455784e-06,3.731256761420188e-06,3.678649340241403e-06,1.3388072007511006e-06,7.006986203422948e-07,3.1496078607206294e-06,9.253476516659822e-07
b0243,3.868782768853916e-05,2.2485530268363526e-05,1.0697733205605877e-06,3.683426283440991e-06,1.7051260028650477e-05,1.2139391012712534e-05,0.0,2.8604376518798117e-05,1.2714631630498014e-05,1.546929608483954e-05,4.086715736029929e-06,1.149238988029491e-06,5.692641693923626e-06,1.1965236721464188e-05,1.1796537463289754e-05,4.293230432978981e-06,2.246970765852039e-06,1.0100029572599767e-05,2.9673657991899343e-06
b0260,0.0,0.0,0.0,0.0,0.0,0.0,0.0,0.0,0.0,0.0,0.0,0.0,0.0,0.0,0.0,0.0,0.0,0.0,0.0
b0261,0.0,0.0,0.0,0.0,0.0,0.0,0.0,0.0,0.0,0.0,0.0,0.0,0.0,0.0,0.0,0.0,0.0,0.0,0.0
b0273,0.0,0.0,0.0,0.0,0.0,0.0,0.0,0.0,0.0,0.0,0.0,0.0,0.0,0.0,0.0,0.0,0.0,0.0,0.0
b0306,0.0,0.0,0.0,0.0,0.0,0.0,0.0,0.0,0.0,0.0,0.0,0.0,0.0,0.0,0.0,0.0,0.0,0.0,0.0
b0307,0.0,0.0,0.0,0.0,0.0,0.0,0.0,0.0,0.0,0.0,0.0,0.0,0.0,0.0,0.0,0.0,0.0,0.0,0.0
b0308,0.0,0.0,0.0,0.0,0.0,0.0,0.0,0.0,0.0,0.0,0.0,0.0,0.0,0.0,0.0,0.0,0.0,0.0,0.0
b0311,0.0,0.0,0.0,0.0,0.0,0.0,0.0,0.0,0.0,0.0,0.0,0.0,0.0,0.0,0.0,0.0,0.0,0.0,0.0
b0312,0.0,0.0,0.0,0.0,0.0,0.0,0.0,0.0,0.0,0.0,0.0,0.0,0.0,0.0,0.0,0.0,0.0,0.0,0.0
b0314,0.0,0.0,0.0,0.0,0.0,0.0,0.0,0.0,0.0,0.0,0.0,0.0,0.0,0.0,0.0,0.0,0.0,0.0,0.0
b0323,0.0,0.0,0.0,0.0,0.0,0.0,0.0,0.0,0.0,0.0,0.0,0.0,0.0,0.0,0.0,0.0,0.0,0.0,0.0
b0331,0.0,0.0,0.0,0.0,0.0,0.0,0.0,0.0,0.0,0.0,0.0,0.0,0.0,0.0,0.0,0.0,0.0,0.0,0.0
b0333,0.0,0.0,0.0,0.0,0.0,0.0,0.0,0.0,0.0,0.0,0.0,0.0,0.0,0.0,0.0,0.0,0.0,0.0,0.0
b0334,0.0,0.0,0.0,0.0,0.0,0.0,0.0,0.0,0.0,0.0,0.0,0.0,0.0,0.0,0.0,0.0,0.0,0.0,0.0
b0336,0.0,0.0,0.0,1.6829546732662748e-06,0.0,0.0,0.0,0.0,0.0,0.0,0.0,0.0,0.0,0.0,0.0,0.0,0.0,0.0,0.0
b0337,0.0,0.0,0.0,1.5777204089896882e-06,0.0,0.0,0.0,0.0,0.0,0.0,0.0,0.0,0.0,0.0,0.0,0.0,0.0,0.0,0.0
b0339,0.0,0.0,0.0,0.0,0.0,0.0,0.0,0.0,0.0,0.0,0.0,0.0,0.0,0.0,0.0,0.0,0.0,0.0,0.0
b0340,0.0,0.0,0.0,0.0,0.0,0.0,0.0,0.0,0.0,0.0,0.0,0.0,0.0,0.0,0.0,0.0,0.0,0.0,0.0
b0341,0.0,0.0,0.0,0.0,0.0,0.0,0.0,0.0,0.0,0.0,0.0,0.0,0.0,0.0,0.0,0.0,0.0,0.0,0.0
b0343,0.0,0.0,0.0,0.0,0.0,0.0,0.0,0.0,0.0,0.0,0.0,0.0,0.0,0.0,0.0,0.0,0.0,0.0,0.0
b0344,0.0,0.0,0.0,0.0,0.0,0.0,0.0,0.0,0.0,0.0,0.0,0.0,0.0,0.0,0.0,0.0,0.0,0.0,0.0
b0347,0.0,0.0,0.0,0.0,0.0,0.0,0.0,0.0,0.0,0.0,0.0,0.0,0.0,0.0,0.0,0.0,0.0,0.0,0.0
b0348,0.0,0.0,0.0,0.0,0.0,0.0,0.0,0.0,0.0,0.0,0.0,0.0,0.0,0.0,0.0,0.0,0.0,0.0,0.0
b0349,0.0,0.0,0.0,0.0,0.0,0.0,0.0,0.0,0.0,0.0,0.0,0.0,0.0,0.0,0.0,0.0,0.0,0.0,0.0
b0350,0.0,0.0,0.0,0.0,0.0,0.0,0.0,0.0,0.0,0.0,0.0,0.0,0.0,0.0,0.0,0.0,0.0,0.0,0.0
b0351,0.0,0.0,0.0,0.0,0.0,0.0,0.0,0.0,0.0,0.0,0.0,0.0,0.0,0.0,0.0,0.0,0.0,0.0,0.0
b0352,0.0,0.0,0.0,0.0,0.0,0.0,0.0,0.0,0.0,0.0,0.0,0.0,0.0,0.0,0.0,0.0,0.0,0.0,0.0
b0353,0.0,0.0,0.0,0.0,0.0,0.0,0.0,0.0,0.0,0.0,0.0,0.0,0.0,0.0,0.0,0.0,0.0,0.0,0.0
b0355,0.0,0.0,0.0,0.0,0.0,0.0,0.0,0.0,0.0,0.0,0.0,0.0,0.0,0.0,0.0,0.0,0.0,0.0,0.0
b0356,0.0,0.0,0.0,0.0,0.0,0.0,0.0,0.0,0.0,0.0,0.0,0.0,0.0,0.0,0.0,0.0,0.0,0.0,0.0
b0365,0.0,0.0,0.0,0.0,0.0,0.0,0.0,0.0,0.0,0.0,0.0,0.0,0.0,0.0,0.0,0.0,0.0,0.0,0.0
b0366,0.0,0.0,0.0,0.0,0.0,0.0,0.0,0.0,0.0,0.0,0.0,0.0,0.0,0.0,0.0,0.0,0.0,0.0,0.0
b0367,0.0,0.0,0.0,0.0,0.0,0.0,0.0,0.0,0.0,0.0,0.0,0.0,0.0,0.0,0.0,0.0,0.0,0.0,0.0
b0368,0.0,0.0,0.0,0.0,0.0,0.0,0.0,0.0,0.0,0.0,0.0,0.0,0.0,0.0,0.0,0.0,0.0,0.0,0.0
b0369,1.8989856787271635e-10,7.660359727058442e-11,1.2066633145576824e-12,6.10978477443049e-12,4.4764842574958845e-11,3.601553087149103e-11,2.064571544664745e-12,1.3274281766810845e-10,4.908703968092666e-11,6.140817597693847e-11,5.733510907065946e-11,1.0475171991750736e-10,1.64386096174629e-11,2.756803584670142e-10,3.93434006992227e-11,1.6765366109303734e-10,2.35499836230383e-10,1.0864040594394286e-09,1.5047981467656395e-11
b0381,0.0,0.0,0.0,0.0,0.0,0.0,4.591774807899561e-41,0.0,0.0,0.0,0.0,0.0,0.0,0.0,0.0,0.0,0.0,0.0,0.0
b0383,0.0,0.0,0.0,0.0,0.0,0.0,0.0,0.0,0.0,0.0,0.0,0.0,0.0,0.0,0.0,0.0,0.0,0.0,0.0
b0386,5.591320016723661e-05,3.249699013557978e-05,1.5460793065875054e-06,5.323435390204336e-06,2.464316484143064e-05,1.754433474700421e-05,0.0,4.1340192135635344e-05,1.837569555809706e-05,2.2356847104499255e-05,5.906285481180639e-06,2.6271164585570326e-06,8.227234081871172e-06,1.7292639980760287e-05,1.7048829047091198e-05,6.204748803571035e-06,3.2474122665262e-06,1.4596967804296583e-05,4.288556060454883e-06
b0388,0.0,0.0,0.0,0.0,0.0,0.0,0.0,0.0,0.0,0.0,0.0,0.0,0.0,0.0,0.0,0.0,0.0,0.0,0.0
b0394,0.0,0.0,0.0,0.0,0.0,0.0,0.0,0.0,0.0,0.0,0.0,0.0,0.0,0.0,0.0,0.0,0.0,0.0,0.0
b0401,0.0,0.0,0.0,0.0,0.0,0.0,0.0,0.0,0.0,0.0,0.0,0.0,0.0,0.0,0.0,0.0,0.0,0.0,0.0
b0403,0.0,0.0,0.0,0.0,0.0,0.0,0.0,0.0,0.0,0.0,0.0,0.0,0.0,0.0,0.0,0.0,0.0,0.0,0.0
b0404,0.0,0.0,0.0,0.0,0.0,0.0,0.0,0.0,0.0,0.0,0.0,0.0,0.0,0.0,0.0,0.0,0.0,0.0,0.0
b0405,2.5596057427773793e-10,1.2111926062958531e-10,3.3691810859660136e-12,1.990400982467414e-11,9.006991680132511e-11,6.000013256696034e-11,4.140594451394634e-12,1.6682213681272593e-10,6.145839568825214e-11,7.778910234860056e-11,1.5810808841779157e-11,6.2222062734797174e-12,2.330299110011472e-11,5.852104067738032e-11,5.626611132341687e-11,1.675658493589496e-11,7.6791470793736e-12,4.667534005508534e-11,1.0782035637611534e-11
b0406,1.5357634456664278e-09,7.26715563777512e-10,2.0215086515796083e-11,1.1942405894804485e-10,5.404195008079507e-10,3.6000079540176206e-10,2.4843566708367807e-11,1.0009328208763556e-09,3.6875037412951287e-10,4.667346140916034e-10,9.486485305067494e-11,3.7333237640878306e-11,1.3981794660068833e-10,3.5112624406428195e-10,3.375966679405012e-10,1.0053950961536978e-10,4.607488247624161e-11,2.800520403305121e-10,6.46922138256692e-11
b0408,1.4366984732478734e-05,7.282286082757414e-06,3.243388485106245e-07,7.79221039540991e-06,9.544048944123831e-06,7.06502529228321e-06,4.634797565111421e-07,9.768227883928513e-06,6.561670722491824e-06,6.863492856515207e-06,2.4171841049780565e-06,1.1139544647502309e-06,3.5915886468607546e-06,6.755102043508676e-06,6.212998435733696e-06,2.4982322804219256e-06,1.1247684526892181e-06,5.8960939859247735e-06,1.3588370948097742e-06
b0409,1.4366984732478734e-05,7.282286082757414e-06,3.243388485106245e-07,7.79221039540991e-06,9.544048944123831e-06,7.06502529228321e-06,4.634797565111421e-07,9.768227883928513e-06,6.561670722491824e-06,6.863492856515207e-06,2.4171841049780565e-06,1.1139544647502309e-06,3.5915886468607546e-06,6.755102043508676e-06,6.212998435733696e-06,2.4982322804219256e-06,1.1247684526892181e-06,5.8960939859247735e-06,1.3588370948097742e-06
b0411,0.0,0.0,0.0,0.0,0.0,0.0,0.0,8.040132882312473e-06,0.0,0.0,0.0,0.0,0.0,0.0,0.0,0.0,0.0,0.0,0.0
b0414,8.607053070444035e-06,3.871381965607766e-06,1.2456472022859976e-07,5.025636591130106e-07,2.3983741539887987e-06,1.8140484366907406e-06,1.5433064337325958e-07,6.131444025520498e-06,2.3556315507797826e-06,2.885937784340113e-06,5.062044685968097e-07,2.3072590448573117e-07,8.59529143896562e-07,1.7255462509621796e-06,1.9545399800332666e-06,5.759289977624686e-07,4.4416564107691414e-07,1.7795784081735504e-06,3.927776706860111e-07
b0415,1.4495875658162104e-08,6.520126126723907e-09,2.0979011992247172e-10,8.464105255525436e-10,4.039307441632605e-09,3.0551944272833107e-09,2.599214618839937e-10,1.0326490318055019e-08,3.967320960736875e-09,4.8604551333186925e-09,8.525423248037228e-10,3.8858526782263695e-10,1.4476066886675184e-09,2.9061403120946608e-09,3.29180827486256e-09,9.699713794217334e-10,7.480574189542718e-10,2.9971404983451553e-09,6.615105343219669e-10
b0416,1.0067622721367803e-09,4.967109150287074e-10,1.3392929395881115e-11,7.055138907904876e-11,3.512912464231561e-10,2.416713939377043e-10,1.624323324280979e-11,6.838881588590931e-10,2.4916105220105287e-10,3.1578488041681806e-10,6.378646221711005e-11,2.5138102733397963e-11,9.361340378336821e-11,2.356707378640166e-10,2.2752079132814235e-10,6.7807717126092e-11,3.197510425242349e-11,1.8978285991126737e-10,4.46188735151762e-11
b0417,8.607053070444035e-06,3.871381965607766e-06,1.2456472022859976e-07,5.025636591130106e-07,2.3983741539887987e-06,1.8140484366907406e-06,1.5433064337325958e-07,6.131444025520498e-06,2.3556315507797826e-06,2.885937784340113e-06,5.062044685968097e-07,2.3072590448573117e-07,8.59529143896562e-07,1.7255462509621796e-06,1.9545399800332666e-06,5.759289977624686e-07,4.4416564107691414e-07,1.7795784081735504e-06,3.927776706860111e-07
b0418,2.8449057306891393e-08,1.5787504235506367e-08,7.908180767081165e-10,3.2172358767333784e-09,1.2272915413110258e-08,8.84250977389625e-09,9.376346892891555e-10,2.0240562208915153e-08,9.050688250496573e-09,1.0980648904277655e-08,2.9219650388739824e-09,1.302510402384221e-09,4.023257925942249e-09,8.6726067482367e-09,8.414603609741197e-09,3.0833580566494123e-09,1.622655384573458e-09,7.249194835391436e-09,2.175272756163996e-09
b0420,3.9768974530682486e-05,2.203521152734485e-05,1.0720593598249302e-06,4.336118300592088e-06,1.7037570474721e-05,1.2303945942779931e-05,1.2755020026688792e-06,2.863138992398568e-05,1.2526768935602369e-05,1.537294730208874e-05,3.968894703431963e-06,1.7750124149937948e-06,5.511494858905877e-06,1.2004667188192723e-05,1.1601743172138718e-05,4.202201942873751e-06,2.2120867976348256e-06,9.938742401498926e-06,2.9864604402161973e-06
b0421,3.0342682237915383e-09,1.680421307429417e-09,8.404136625871896e-11,3.372376526881584e-10,1.2992729398087782e-09,9.384635530284881e-10,9.969183237455306e-11,2.163368701201366e-09,9.651765259872617e-10,1.1713353876924752e-09,3.0988668367995614e-10,1.3786004858051032e-10,4.2772850737877813e-10,9.180921369175454e-10,8.953111301570249e-10,3.266636973330754e-10,1.7237973521820886e-10,7.650307369541315e-10,2.3120886872311665e-10
b0423,8.979690152775459e-10,4.2610115602366985e-10,1.2167495112798474e-11,6.069007580043091e-11,3.121484813891574e-10,2.0615722077648146e-10,1.4713747647996278e-11,5.868817513669713e-10,2.115032718412901e-10,2.692329287306097e-10,5.416299007929856e-11,2.1353169013902075e-11,7.891122085436187e-11,2.0145348783530339e-10,1.9348877820760894e-10,5.771135618395548e-11,2.7367297171267932e-11,1.613560120693371e-10,3.8438398594774595e-11
b0425,2.9983680985967167e-09,1.664890025353172e-09,0.0,0.0,1.2905461393553662e-09,9.298690396700637e-10,0.0,2.1346509824532073e-09,9.525292681109489e-10,1.1561943255339538e-09,3.077560599059728e-10,0.0,4.2289325978966815e-10,9.119378565757163e-10,8.853693915258835e-10,3.2468705185985355e-10,1.710822927757128e-10,7.625080351359275e-10,2.2937447626997963e-10
b0428,2.1446732553698706e-11,8.324229168036271e-12,1.9420741210754845e-13,6.37980787037454e-13,4.475129361414437e-12,4.113367128439382e-12,2.6936581850392957e-13,1.5658912957543776e-11,6.148638943697918e-12,7.54640610961032e-12,8.574680207178806e-13,1.5993100289464785e-13,2.1148673230940575e-12,2.8856933684398595e-12,4.759661794868915e-12,7.150676547527186e-13,4.849525836014656e-13,1.0023700310570295e-12,7.273502890619528e-13
b0429,2.963367109624339e-06,1.542248555982383e-06,1.6046473071337028e-07,2.6303690306358046e-07,9.414821887417482e-07,1.0191953531090666e-06,2.0442979433817367e-07,2.562847428168227e-06,1.5052859386313424e-06,1.6771608777875736e-06,3.6912754186177455e-07,1.0305546137567964e-07,7.766304232550485e-07,7.219909452623932e-07,1.2085594844644402e-06,2.996427304600704e-07,2.799215895540943e-07,2.742279563980272e-07,3.6263295188473647e-07
b0430,2.963367109624339e-06,1.542248555982383e-06,1.6046473071337028e-07,2.6303690306358046e-07,9.414821887417482e-07,1.0191953531090666e-06,2.0442979433817367e-07,2.562847428168227e-06,1.5052859386313424e-06,1.6771608777875736e-06,3.6912754186177455e-07,1.0305546137567964e-07,7.766304232550485e-07,7.219909452623932e-07,1.2085594844644402e-06,2.996427304600704e-07,2.799215895540943e-07,2.742279563980272e-07,3.6263295188473647e-07
b0431,2.963367109624339e-06,1.542248555982383e-06,1.6046473071337028e-07,2.6303690306358046e-07,9.414821887417482e-07,1.0191953531090666e-06,2.0442979433817367e-07,2.562847428168227e-06,1.5052859386313424e-06,1.6771608777875736e-06,3.6912754186177455e-07,1.0305546137567964e-07,7.766304232550485e-07,7.219909452623932e-07,1.2085594844644402e-06,2.996427304600704e-07,2.799215895540943e-07,2.742279563980272e-07,3.6263295188473647e-07
b0432,2.963367109624339e-06,1.542248555982383e-06,1.6046473071337028e-07,2.6303690306358046e-07,9.414821887417482e-07,1.0191953531090666e-06,2.0442979433817367e-07,2.562847428168227e-06,1.5052859386313424e-06,1.6771608777875736e-06,3.6912754186177455e-07,1.0305546137567964e-07,7.766304232550485e-07,7.219909452623932e-07,1.2085594844644402e-06,2.996427304600704e-07,2.799215895540943e-07,2.742279563980272e-07,3.6263295188473647e-07
b0433,0.0,0.0,0.0,0.0,0.0,0.0,0.0,0.0,0.0,0.0,0.0,0.0,0.0,0.0,0.0,0.0,0.0,0.0,0.0
b0436,6.794080780130098e-05,4.352461323864055e-05,5.613373250369941e-06,1.3703235012260265e-05,3.591727300116863e-05,2.810771601130748e-05,6.2365249944877455e-06,5.269559775380772e-05,2.862251280846191e-05,3.301978026380425e-05,1.2945844880885755e-05,7.661922952020362e-06,1.608109007840443e-05,2.768698812885513e-05,2.711399866564328e-05,1.3414159292869306e-05,8.795358811342817e-06,2.4309779938038724e-05,1.0637691812602386e-05
b0444,1.6637437328052997e-06,7.872751940923059e-07,2.189967705877913e-08,1.2937606386038216e-07,5.854544592086142e-07,3.9000086168524296e-07,2.6913863934065174e-08,1.0843438892827203e-06,3.994795719736396e-07,5.056291652659045e-07,1.027702574715647e-07,4.044434077761823e-08,1.5146944215074596e-07,3.8038676440297274e-07,3.6572972360221023e-07,1.0891780208331745e-07,4.9914456015928494e-08,3.033897103580553e-07,7.00832316444751e-08
b0446,0.0,0.0,0.0,0.0,0.0,0.0,0.0,0.0,0.0,0.0,0.0,0.0,0.0,0.0,0.0,0.0,0.0,0.0,0.0
b0451,7.988317368656785e-06,0.0,0.0,1.9191971617041905e-05,9.283809287734856e-05,3.694875531999775e-05,1.0030364012485289e-05,5.537837588010014e-07,0.0,0.0,0.0,0.0,0.0,0.0,0.0,0.0,0.0,0.0,2.3780414967471466e-05
b0452,2.9639543056346734e-06,1.5586856683108656e-06,7.836145735067173e-08,3.148316645630297e-07,1.20892139301146e-06,8.715317724886121e-07,9.288186498933516e-08,1.997391139952018e-06,8.927149467250661e-07,1.0832309901825759e-06,2.8870596707598376e-07,1.2884797681429757e-07,3.967648434754737e-07,8.547527974307531e-07,8.298714800294493e-07,3.0468800679020374e-07,1.6057368594784103e-07,7.148732233344193e-07,2.1522993204544196e-07
b0459,0.0,0.0,0.0,0.0,0.0,0.0,0.0,0.0,0.0,0.0,0.0,0.0,0.0,0.0,0.0,0.0,0.0,0.0,0.0
b0462,0.0,0.0,0.0,0.0,0.0,0.0,0.0,0.0,0.0,0.0,0.0,0.0,0.0,0.0,0.0,0.0,0.0,0.0,0.0
b0463,0.0,0.0,0.0,0.0,0.0,0.0,0.0,0.0,0.0,0.0,0.0,0.0,0.0,0.0,0.0,0.0,0.0,0.0,0.0
b0469,0.0,0.0,0.0,3.063099624327953e-09,0.0,0.0,0.0,0.0,0.0,0.0,0.0,0.0,0.0,0.0,0.0,0.0,0.0,0.0,0.0
b0474,0.000143550610727402,7.913228528949717e-05,4.186496470720662e-06,1.670109985734753e-05,6.336688995508535e-05,4.578850067016746e-05,5.065939960961848e-06,0.00010110050786203254,4.653077954979905e-05,5.693255901028273e-05,1.5464170288893527e-05,6.991526991360542e-06,2.118395548487664e-05,4.4913010797189526e-05,4.375058696213112e-05,1.605145437697389e-05,8.663373623567648e-06,3.769382089463855e-05,1.1465212467338698e-05
b0475,1.2225420968501076e-11,4.745114695803307e-12,1.107053189698347e-13,3.636723529712405e-13,2.5509872049183333e-12,2.3447695175596e-12,1.5354835602533148e-13,8.926152379424981e-12,3.5049487972965407e-12,4.301727139938799e-12,5.0705211906063265e-12,9.552597060113374e-12,1.2055516266925636e-12,2.435782488023256e-11,2.7131810854762883e-12,1.517535500159147e-11,2.1525057647368975e-11,9.8949713125129e-11,1.25629508551988e-12
b0477,0.0,0.0,0.0,0.0,0.0,0.0,0.0,0.0,0.0,0.0,0.0,0.0,0.0,0.0,0.0,0.0,0.0,0.0,0.0
b0480,0.0,0.0,0.0,0.0,0.0,0.0,0.0,0.0,0.0,0.0,0.0,0.0,0.0,0.0,0.0,0.0,0.0,0.0,0.0
b0484,0.0,0.0,0.0,0.0,0.0,0.0,0.0,0.0,0.0,0.0,0.0,0.0,0.0,0.0,0.0,0.0,0.0,0.0,0.0
b0485,9.267461944927298e-06,6.058931517439566e-06,7.826683139444189e-06,2.897977228698313e-06,1.0518394185473569e-05,1.4273005845114034e-05,1.0940670210834988e-05,0.0001115569814729894,0.00015161361839021733,0.00010403444301868796,5.456447263704757e-05,4.70440493162707e-05,0.00011528971155410904,2.6438933830748934e-05,9.841656601741192e-05,5.9897524661218475e-05,2.2323385383124802e-05,6.721999212161507e-05,1.4264237302566695e-05
b0494,0.0,0.0,0.0,0.0,0.0,0.0,0.0,0.0,0.0,0.0,0.0,0.0,0.0,0.0,0.0,0.0,0.0,0.0,0.0
b0505,0.0,8.452022840077548e-06,0.0,0.0,0.0,0.0,0.0,1.0828677512488325e-05,0.0,0.0,0.0,0.0,0.0,0.0,0.0,0.0,0.0,0.0,1.1991600961709698e-06
b0507,0.0,0.0,0.0,0.0,0.0,1.666154683451734e-10,-4.7941923710712804e-43,0.0,1.704908862632881e-10,0.0,0.0,2.2977545815421806e-11,7.30813350268917e-11,0.0,0.0,0.0,2.8678043961016176e-11,0.0,0.0
b0508,0.0,5.62409064150033e-06,0.0,0.0,0.0,1.666154683451734e-10,-4.792440747990874e-43,7.205548897599984e-06,1.704908862632881e-10,0.0,0.0,2.2977545815421806e-11,7.30813350268917e-11,0.0,0.0,0.0,2.8678043961016176e-11,0.0,7.979373934670896e-07
b0509,0.0,5.62409064150033e-06,0.0,0.0,0.0,1.666154683451734e-10,-4.792440747990874e-43,7.205548897599984e-06,1.704908862632881e-10,0.0,0.0,2.2977545815421806e-11,7.30813350268917e-11,0.0,0.0,0.0,2.8678043961016176e-11,0.0,7.979373934670896e-07
b0511,0.0,5.62409064150033e-06,0.0,0.0,0.0,1.666154683451734e-10,-4.792440747990874e-43,7.205548897599984e-06,1.704908862632881e-10,0.0,0.0,2.2977545815421806e-11,7.30813350268917e-11,0.0,0.0,0.0,2.8678043961016176e-11,0.0,7.979373934670896e-07
b0512,0.0,5.62409064150033e-06,0.0,0.0,0.0,0.0,0.0,7.205548897599984e-06,0.0,0.0,0.0,0.0,0.0,0.0,0.0,0.0,0.0,0.0,7.979373934670896e-07
b0514,0.0,0.0,0.0,0.0,0.0,2.059893264127298e-10,0.0,0.0,2.1078056659258193e-10,0.0,0.0,2.8407501609219514e-11,9.035160495630268e-11,0.0,0.0,0.0,3.5455117205121746e-11,0.0,0.0
b0516,0.0,5.029366877091699e-06,0.0,0.0,0.0,0.0,0.0,6.443592620901722e-06,0.0,0.0,0.0,0.0,0.0,0.0,0.0,0.0,0.0,0.0,7.13558893785128e-07
b0517,0.0,0.0,0.0,0.0,0.0,0.0,0.0,0.0,0.0,0.0,0.0,0.0,0.0,0.0,0.0,0.0,0.0,0.0,0.0
b0521,0.0,0.0,0.0,0.0,0.0,0.0,0.0,0.0,0.0,0.0,0.0,0.0,0.0,0.0,0.0,0.0,0.0,0.0,0.0
b0522,4.1305086486282855e-06,0.0,8.296682837347984e-08,3.540891547231792e-07,1.5699914855527868e-06,1.09773250038805e-06,9.98570512110673e-08,0.0,1.191151927441709e-06,1.4625451915395957e-06,3.406399838471717e-07,1.4529242760230204e-07,4.955258129592175e-07,1.080593136280211e-06,1.0843227091529687e-06,3.6162429152036684e-07,1.783461114993137e-07,9.035005384072597e-07,0.0
b0523,4.04328319628544e-05,0.0,8.121478770489743e-07,3.4661172535121012e-06,1.5368374047479353e-05,1.0745512842127515e-05,9.77483335681686e-07,0.0,1.1659979392725614e-05,1.4316600931761624e-05,3.3344656550461553e-06,1.4222423460292173e-06,4.8506161427093275e-06,1.057773858285982e-05,1.0614246724128936e-05,3.5398773992604906e-06,1.7457991184390765e-06,8.844209891656063e-06,0.0
b0524,2.4145889506983833e-09,1.3429849963767787e-09,6.752494957404571e-11,2.711900082813387e-10,1.0415468760098105e-09,7.508824017499268e-10,8.003656386491825e-11,1.720955198964538e-09,7.691513787418643e-10,9.333031873325812e-10,2.487567145988713e-10,1.1102355945508908e-10,3.418450572186064e-10,7.364253170726533e-10,7.150031849172037e-10,2.6252981053419914e-10,1.3836224912313196e-10,6.159203342219891e-10,1.854575638494631e-10
b0526,1.2671161459506347e-07,7.611688504531012e-08,5.84519581270037e-09,1.221314200842981e-08,6.154819486016836e-08,4.670654666080942e-08,6.6408696299416604e-09,9.392038467212829e-08,4.510566221329459e-08,5.4837276124849194e-08,1.6724119586892423e-08,7.902056189575842e-09,2.0869746586844205e-08,4.5707392200690824e-08,4.2941902512784015e-08,1.773008192469998e-08,1.0123816739996639e-08,3.734953823444132e-08,1.4067111991397435e-08
b0529,7.689768819684564e-06,1.8327949147044979e-06,2.2636571891893515e-07,8.024294107845786e-07,3.1827033787965733e-06,2.8409409779493123e-06,2.7132219100134194e-07,2.3108953490951495e-06,2.335507289934293e-06,2.825229157845378e-06,9.311931461978167e-07,3.858370717536827e-07,1.0132496034890016e-06,2.181951776413699e-06,2.14674628787357e-06,7.575434026492233e-07,4.746839076169491e-07,2.419273285668731e-06,2.5809579426784135e-07
b0572,0.0,0.0,1.9741728947304315e-08,0.0,0.0,0.0,3.3556189575421844e-08,0.0,3.043791148847268e-07,3.692876356172481e-07,9.847564670725667e-08,0.0,1.1060753727393515e-06,2.8447591489723597e-07,2.807606088775632e-07,0.0,5.643157574114537e-08,2.4018300765074166e-07,7.385401444112328e-08
b0573,0.0,0.0,6.580576315768105e-09,0.0,0.0,0.0,1.1185396525140614e-08,0.0,1.014597049615756e-07,1.230958785390827e-07,3.2825215569085554e-08,0.0,3.6869179091311717e-07,9.482530496574532e-08,9.358686962585441e-08,0.0,1.8810525247048458e-08,8.006100255024721e-08,2.461800481370776e-08
b0574,0.0,0.0,6.580576315768105e-09,0.0,0.0,0.0,1.1185396525140614e-08,0.0,1.014597049615756e-07,1.230958785390827e-07,3.2825215569085554e-08,0.0,3.6869179091311717e-07,9.482530496574532e-08,9.358686962585441e-08,0.0,1.8810525247048458e-08,8.006100255024721e-08,2.461800481370776e-08
b0575,0.0,0.0,1.9741728947304315e-08,0.0,0.0,0.0,3.3556189575421844e-08,0.0,3.043791148847268e-07,3.692876356172481e-07,9.847564670725667e-08,0.0,1.1060753727393515e-06,2.8447591489723597e-07,2.807606088775632e-07,0.0,5.643157574114537e-08,2.4018300765074166e-07,7.385401444112328e-08
b0576,0.0,0.0,0.0,0.0,0.0,0.0,0.0,0.0,0.0,0.0,0.0,0.0,0.0,0.0,0.0,0.0,0.0,0.0,0.0
b0578,0.0,0.0,0.0,0.0,0.0,0.0,0.0,0.0,0.0,0.0,0.0,0.0,0.0,0.0,0.0,0.0,0.0,0.0,0.0
b0583,0.0,0.0,0.0,0.0,0.0,0.0,0.0,0.0,0.0,0.0,0.0,0.0,0.0,0.0,0.0,0.0,0.0,0.0,0.0
b0584,0.0,0.0,0.0,0.0,0.0,0.0,0.0,0.0,0.0,0.0,0.0,0.0,0.0,0.0,0.0,0.0,0.0,0.0,0.0
b0585,0.0,0.0,0.0,0.0,0.0,0.0,0.0,0.0,0.0,0.0,0.0,0.0,0.0,0.0,0.0,0.0,0.0,0.0,0.0
b0586,0.0,0.0,0.0,0.0,0.0,0.0,0.0,0.0,0.0,0.0,0.0,0.0,0.0,0.0,0.0,0.0,0.0,0.0,0.0
b0588,0.0,0.0,0.0,0.0,0.0,0.0,0.0,0.0,0.0,0.0,0.0,0.0,0.0,0.0,0.0,0.0,0.0,0.0,0.0
b0589,0.0,0.0,0.0,0.0,0.0,0.0,0.0,0.0,0.0,0.0,0.0,0.0,0.0,0.0,0.0,0.0,0.0,0.0,0.0
b0590,0.0,0.0,0.0,0.0,0.0,0.0,0.0,0.0,0.0,0.0,0.0,0.0,0.0,0.0,0.0,0.0,0.0,0.0,0.0
b0591,0.0,0.0,0.0,0.0,0.0,0.0,0.0,0.0,0.0,0.0,0.0,0.0,0.0,0.0,0.0,0.0,0.0,0.0,0.0
b0592,0.0,0.0,0.0,0.0,0.0,0.0,0.0,0.0,0.0,0.0,0.0,0.0,0.0,0.0,0.0,0.0,0.0,0.0,0.0
b0593,0.0,0.0,0.0,0.0,0.0,0.0,0.0,0.0,0.0,0.0,0.0,0.0,0.0,0.0,0.0,0.0,0.0,0.0,0.0
b0594,0.0,0.0,0.0,0.0,0.0,0.0,0.0,0.0,0.0,0.0,0.0,0.0,0.0,0.0,0.0,0.0,0.0,0.0,0.0
b0595,0.0,0.0,0.0,0.0,0.0,0.0,0.0,0.0,0.0,0.0,0.0,0.0,0.0,0.0,0.0,0.0,0.0,0.0,0.0
b0596,0.0,0.0,0.0,0.0,0.0,0.0,0.0,0.0,0.0,0.0,0.0,0.0,0.0,0.0,0.0,0.0,0.0,0.0,0.0
b0604,0.0,0.0,0.0,0.0,0.0,0.0,0.0,0.0,0.0,0.0,0.0,0.0,0.0,0.0,0.0,0.0,0.0,0.0,0.0
b0612,0.0,0.0,0.0,0.0,0.0,0.0,0.0,0.0,0.0,0.0,0.0,0.0,0.0,0.0,0.0,0.0,0.0,0.0,0.0
b0613,0.0,0.0,0.0,0.0,0.0,0.0,0.0,0.0,0.0,0.0,0.0,0.0,0.0,0.0,0.0,0.0,0.0,0.0,0.0
b0615,0.0,0.0,0.0,0.0,0.0,0.0,0.0,0.0,0.0,0.0,0.0,0.0,0.0,0.0,0.0,0.0,0.0,0.0,0.0
b0616,0.0,0.0,0.0,0.0,0.0,0.0,0.0,0.0,0.0,0.0,0.0,0.0,0.0,0.0,0.0,0.0,0.0,0.0,0.0
b0617,0.0,0.0,0.0,0.0,0.0,0.0,0.0,0.0,0.0,0.0,0.0,0.0,0.0,0.0,0.0,0.0,0.0,0.0,0.0
b0621,0.0,0.0,0.0,0.0,0.0,0.0,0.0,0.0,0.0,0.0,0.0,0.0,0.0,0.0,0.0,0.0,0.0,0.0,0.0
b0622,0.0,0.0,0.0,0.0,0.0,0.0,0.0,0.0,0.0,0.0,0.0,0.0,0.0,0.0,0.0,0.0,0.0,0.0,0.0
b0627,0.0,0.0,0.0,0.0,0.0,4.669227098945285e-15,2.1973568225999964e-08,0.0,0.0,0.0,0.0,0.0,0.0,0.0,0.0,0.0,0.0,0.0,0.0
b0628,1.3724315789172016e-11,8.077090123356322e-12,4.2434036645438624e-13,1.934932149224232e-12,1.1909315725001568e-11,8.852130281055544e-12,5.849062509632007e-13,8.943245770369174e-12,7.94141712138123e-12,7.003372966829356e-12,5.1781668112020515e-12,1.393887684993948e-12,4.574016756596261e-12,8.729170394216435e-12,8.004792976869425e-12,3.2133527027010858e-12,1.237358358807137e-12,7.969308436663754e-12,1.3516569044790198e-12
b0630,3.4310843835238164e-12,2.01927491691529e-12,1.0608511974210981e-13,4.837332941648953e-13,2.9773320293113257e-12,2.2130345255563396e-12,1.4622660493572126e-13,2.2358144331931873e-12,1.9853560557534274e-12,1.7508449663541375e-12,1.2945423612444004e-12,3.4847203967843507e-13,1.1435048708079102e-12,2.1822945080303184e-12,2.0011999697048477e-12,8.033385953736516e-13,3.0933970702924716e-13,1.9923287034570805e-12,3.37914374510609e-13
b0632,0.0,0.0,0.0,0.0,0.0,0.0,0.0,0.0,0.0,0.0,0.0,0.0,0.0,0.0,0.0,0.0,0.0,0.0,0.0
b0635,4.3058212807405667e-10,0.0,0.0,2.91047341927066e-11,1.4950181155187272e-10,0.0,0.0,0.0,0.0,0.0,0.0,0.0,0.0,0.0,0.0,0.0,0.0,0.0,0.0
b0636,4.3058212807405667e-10,2.0571889846981373e-10,5.949216094409162e-12,2.91047341927066e-11,1.4950181155187272e-10,9.933795359551822e-11,7.195990378255084e-12,2.8194396746909064e-10,1.0238052658411366e-10,1.3010357864627133e-10,2.6334282749152195e-11,1.0412356832232792e-11,3.834721480234899e-11,9.690445845099285e-11,9.350853385971842e-11,2.803215339407301e-11,1.3343386230883319e-11,7.781207339141447e-11,1.8684151004186224e-11
b0638,0.0,0.0,0.0,0.0,0.0,0.0,0.0,0.0,0.0,0.0,0.0,0.0,0.0,0.0,0.0,0.0,0.0,0.0,0.0
b0639,1.4079944740453322e-05,7.808521820896164e-06,3.8947041511963867e-07,1.5699734870019599e-06,6.051500664926196e-06,4.3565045195483155e-06,4.617645151646716e-07,1.001974318206135e-05,4.462888606070667e-06,5.4189200453504985e-06,1.4384800639409512e-06,6.410291607245579e-07,1.978709924587277e-06,4.272225495494611e-06,4.147543575406429e-06,1.518297864275723e-06,7.990882867635405e-07,3.5714158303302554e-06,1.0715052811861999e-06
b0642,1.2928607562177873e-06,7.558493091529955e-07,4.279051492888784e-08,1.426709622474581e-07,5.727771262593335e-07,4.168979407009236e-07,4.990821549290688e-08,9.555514153803666e-07,4.338552782660262e-07,5.237077602227699e-07,1.441075780520118e-07,6.570451432141745e-08,1.9468435850788596e-07,4.09502878236091e-07,4.0243028076045643e-07,1.521449330974209e-07,8.453058932280417e-08,3.4848228601803226e-07,1.1194247299790679e-07
b0650,0.0,0.0,0.0,0.0,0.0,0.0,0.0,0.0,0.0,0.0,0.0,0.0,0.0,0.0,0.0,0.0,0.0,0.0,0.0
b0651,0.0,0.0,0.0,0.0,0.0,0.0,0.0,0.0,0.0,0.0,0.0,0.0,0.0,0.0,0.0,0.0,0.0,0.0,0.0
b0652,0.0,0.0,0.0,0.0,0.0,0.0,0.0,0.0,0.0,0.0,0.0,0.0,0.0,0.0,0.0,0.0,0.0,0.0,0.0
b0653,0.0,0.0,0.0,0.0,0.0,0.0,0.0,0.0,0.0,0.0,0.0,0.0,0.0,0.0,0.0,0.0,0.0,0.0,0.0
b0654,0.0,0.0,0.0,0.0,0.0,0.0,0.0,0.0,0.0,0.0,0.0,0.0,0.0,0.0,0.0,0.0,0.0,0.0,0.0
b0655,0.0,0.0,0.0,0.0,0.0,0.0,0.0,0.0,0.0,0.0,0.0,0.0,0.0,0.0,0.0,0.0,0.0,0.0,0.0
b0657,8.51018379585693e-09,4.722636721234465e-09,2.365634512691534e-10,9.62396339895372e-10,3.6712909236283686e-09,2.6451274845683476e-09,2.80481825922893e-10,6.0547139636721285e-09,2.7074015022659774e-09,3.2847253729754174e-09,8.740697189942485e-10,3.8962988477021334e-10,1.203507871581138e-09,2.59430309484473e-09,2.5171246454915848e-09,9.223484450631157e-10,4.853972984444716e-10,2.168507017848142e-09,6.507059535006671e-10
b0661,1.9039046448036093e-10,9.365596428562594e-11,2.760695160235075e-12,1.5261993549222036e-11,7.008815228370511e-11,4.69922254554956e-11,3.3682680114708046e-12,1.2786793237201064e-10,4.818358091883819e-11,6.051293076438941e-11,1.2689196567761075e-11,5.078297827022572e-12,1.860006855870114e-11,4.5912848261753184e-11,4.420980516430024e-11,1.3504638857028702e-11,6.472753454619665e-12,3.7489713056792644e-11,8.899467845964095e-12
b0662,0.0,0.0,0.0,0.0,0.0,0.0,3.4314907111284404e-38,0.0,0.0,0.0,0.0,0.0,0.0,0.0,0.0,0.0,0.0,0.0,0.0
b0674,9.070615145046295e-07,0.0,2.5726957102528126e-08,0.0,0.0,0.0,0.0,0.0,0.0,0.0,0.0,0.0,0.0,0.0,0.0,0.0,5.4372657655149736e-08,0.0,0.0
b0677,0.0,0.0,0.0,0.0,0.0,0.0,0.0,0.0,0.0,2.648247795856115e-05,0.0,0.0,0.0,0.0,0.0,0.0,0.0,0.0,0.0
b0678,0.0,0.0,0.0,0.0,0.0,0.0,0.0,0.0,0.0,3.689689075079457e-05,0.0,0.0,0.0,0.0,0.0,0.0,0.0,0.0,0.0
b0679,0.0,0.0,0.0,0.0,0.0,0.0,0.0,0.0,0.0,0.0,0.0,0.0,0.0,0.0,0.0,0.0,0.0,0.0,0.0
b0680,5.654059524450357e-07,3.2708452288526106e-07,1.9591647738118186e-08,7.055188056784877e-08,2.484339638632678e-07,1.83933460025426e-07,2.254182306671238e-08,4.117277931207175e-07,1.8836597485321694e-07,2.2870998633887307e-07,6.369726329747374e-08,2.9376742559262436e-08,8.478628870678297e-08,1.8269066170240712e-07,1.7615554813249936e-07,6.721251766441275e-08,3.752749906871616e-08,1.5297103899209695e-07,5.009951100536888e-08
b0684,3.1709995356113458e-12,0.0,0.0,3.918938754720595e-14,6.606572634057782e-13,0.0,0.0,0.0,4.766363489108752e-13,6.753641197786039e-13,0.0,0.0,1.5696914139505208e-13,5.210611390086375e-13,4.135941569255333e-13,9.730851069651213e-14,0.0,0.0,0.0
b0688,0.0,2.7142648932804994e-07,1.364725596665924e-08,5.480936279052635e-08,2.1050377538739628e-07,1.5175848930185494e-07,1.6175939125413934e-08,3.4781686259043676e-07,1.554507749952279e-07,1.8862698265416159e-07,5.0275440099859904e-08,2.243862370532728e-08,6.908923333121241e-08,1.4883661321950305e-07,1.445070532165528e-07,5.305907736087936e-08,2.7963960607411398e-08,1.244817287420623e-07,3.748224709196224e-08
b0692,0.0,0.0,0.0,0.0,0.0,0.0,0.0,0.0,0.0,0.0,0.0,1.0079460242637686e-06,0.0,0.0,0.0,1.1896157366787306e-06,0.0,0.0,0.0
b0693,0.0,0.0,0.0,0.0,0.0,0.0,0.0,0.0,0.0,0.0,0.0,7.292986884590009e-07,0.0,0.0,0.0,0.0,0.0,0.0,0.0
b0696,0.0,0.0,0.0,0.0,0.0,0.0,0.0,0.0,0.0,0.0,0.0,0.0,0.0,0.0,0.0,0.0,0.0,0.0,0.0
b0697,0.0,0.0,0.0,0.0,0.0,0.0,0.0,0.0,0.0,0.0,0.0,0.0,0.0,0.0,0.0,0.0,0.0,0.0,0.0
b0698,0.0,0.0,0.0,0.0,0.0,0.0,0.0,0.0,0.0,0.0,0.0,0.0,0.0,0.0,0.0,0.0,0.0,0.0,0.0
b4513,0.0,0.0,0.0,0.0,0.0,0.0,0.0,0.0,0.0,0.0,0.0,0.0,0.0,0.0,0.0,0.0,0.0,0.0,0.0
b0709,0.0,0.0,0.0,0.0,0.0,0.0,0.0,0.0,0.0,0.0,0.0,0.0,0.0,0.0,0.0,0.0,0.0,0.0,0.0
b0720,1.7836668271027518e-05,1.3832596603791876e-05,4.274982470816556e-06,8.238847906419442e-06,2.5975009951793585e-05,2.1980039922922325e-05,5.1443915001791664e-06,1.5129032460368285e-05,1.999642214128112e-05,2.278513907312665e-05,1.422258431489954e-05,9.91444825155233e-06,1.7710612032839104e-05,2.3640002435479658e-05,2.0909530565852963e-05,1.40358385203394e-05,7.897816857574426e-06,2.1889553938345135e-05,8.577450889147021e-06
b0721,1.716967265276915e-05,1.3779482742054121e-05,4.581212166996209e-06,8.731291976059232e-06,2.7318048997865174e-05,2.658485191000625e-05,6.242425353661162e-06,1.4845995222585857e-05,2.104921215064362e-05,2.3924287208205464e-05,1.5247311470724067e-05,1.1188673210517682e-05,1.896723891465242e-05,2.50403238232811e-05,2.2091126320886913e-05,1.561914134761711e-05,9.704595124700307e-06,2.3254167558280457e-05,9.149806299256698e-06
b0722,1.716967265276915e-05,1.3779482742054121e-05,4.581212166996209e-06,8.731291976059232e-06,2.7318048997865174e-05,2.658485191000625e-05,6.242425353661162e-06,1.4845995222585857e-05,2.104921215064362e-05,2.3924287208205464e-05,1.5247311470724067e-05,1.1188673210517682e-05,1.896723891465242e-05,2.50403238232811e-05,2.2091126320886913e-05,1.561914134761711e-05,9.704595124700307e-06,2.3254167558280457e-05,9.149806299256698e-06
b0723,1.716967265276915e-05,1.3779482742054121e-05,4.581212166996209e-06,8.731291976059232e-06,2.7318048997865174e-05,2.658485191000625e-05,6.242425353661162e-06,1.4845995222585857e-05,2.104921215064362e-05,2.3924287208205464e-05,1.5247311470724067e-05,1.1188673210517682e-05,1.896723891465242e-05,2.50403238232811e-05,2.2091126320886913e-05,1.561914134761711e-05,9.704595124700307e-06,2.3254167558280457e-05,9.149806299256698e-06
b0724,1.716967265276915e-05,1.3779482742054121e-05,4.581212166996209e-06,8.731291976059232e-06,2.7318048997865174e-05,2.658485191000625e-05,6.242425353661162e-06,1.4845995222585857e-05,2.104921215064362e-05,2.3924287208205464e-05,1.5247311470724067e-05,1.1188673210517682e-05,1.896723891465242e-05,2.50403238232811e-05,2.2091126320886913e-05,1.561914134761711e-05,9.704595124700307e-06,2.3254167558280457e-05,9.149806299256698e-06
b0726,5.181183203186554e-06,3.945754246988563e-06,9.219059530500952e-07,2.5415328087760594e-06,7.816924267200582e-06,6.935964597291307e-06,1.2619078718965058e-06,2.7969398922121713e-06,6.154947699736108e-06,5.006935522854922e-06,4.530958372409147e-06,2.773052731488574e-06,5.417935792042119e-06,6.615871869737685e-06,6.500938066998428e-06,4.4039733650113125e-06,2.1430963313942915e-06,6.988317705736165e-06,1.5523078961756905e-06
b0727,1.0362366406373107e-05,7.891508493977125e-06,1.8438119061001905e-06,5.083065617552119e-06,1.5633848534401164e-05,1.3871929194582614e-05,2.5238157437930116e-06,5.593879784424343e-06,1.2309895399472215e-05,1.0013871045709845e-05,9.061916744818294e-06,5.546105462977148e-06,1.0835871584084238e-05,1.323174373947537e-05,1.3001876133996856e-05,8.807946730022625e-06,4.286192662788583e-06,1.397663541147233e-05,3.104615792351381e-06
b0728,2.8109630446094833e-05,2.176608172929941e-05,5.277028890502322e-06,1.4447606715991275e-05,4.4325066765378795e-05,3.94659606439191e-05,7.229782347688212e-06,1.4845995222585857e-05,3.494183780258297e-05,2.8192649454938183e-05,2.5964660710844052e-05,1.592213673523312e-05,3.1006373719863115e-05,3.762939364743867e-05,3.6980536591380434e-05,2.4326040835607574e-05,1.2270406799019933e-05,3.986816844192729e-05,9.149806299256698e-06
b0729,2.8109630446094833e-05,2.176608172929941e-05,5.277028890502322e-06,1.4447606715991275e-05,4.4325066765378795e-05,3.94659606439191e-05,7.229782347688212e-06,1.4845995222585857e-05,3.494183780258297e-05,2.8192649454938183e-05,2.5964660710844052e-05,1.592213673523312e-05,3.1006373719863115e-05,3.762939364743867e-05,3.6980536591380434e-05,2.4326040835607574e-05,1.2270406799019933e-05,3.986816844192729e-05,9.149806299256698e-06
b0731,0.0,0.0,0.0,0.0,0.0,0.0,0.0,0.0,0.0,0.0,0.0,0.0,0.0,0.0,0.0,0.0,0.0,0.0,0.0
b0732,0.0,0.0,0.0,0.0,0.0,0.0,0.0,0.0,0.0,0.0,0.0,0.0,0.0,0.0,0.0,0.0,0.0,0.0,0.0
b0733,0.0,0.0,0.0,0.0,0.0,0.0,0.0,0.0,0.0,0.0,0.0,0.0,0.0,0.0,0.0,0.0,0.0,0.0,0.0
b0734,0.0,0.0,0.0,0.0,0.0,0.0,0.0,0.0,0.0,0.0,0.0,0.0,0.0,0.0,0.0,0.0,0.0,0.0,0.0
b0736,0.0,0.0,0.0,0.0,0.0,0.0,0.0,0.0,0.0,0.0,0.0,0.0,0.0,0.0,0.0,0.0,0.0,0.0,0.0
b0750,7.049898187612992e-05,3.90976561682869e-05,1.9500976916422314e-06,7.860935141894038e-06,3.0300164067709564e-05,2.18132342724682e-05,2.3120778373584714e-06,5.0169351230910906e-05,2.234590467181285e-05,2.713280152071548e-05,7.2025410487287345e-06,3.2096648116913253e-06,9.907498763884037e-06,2.1391245017621967e-05,2.0766956457786694e-05,7.602192735075657e-06,4.001074697694927e-06,1.7882256254257837e-05,5.365080104433087e-06
b0751,0.0,0.0,0.0,0.0,0.0,0.0,0.0,0.0,0.0,0.0,0.0,0.0,0.0,0.0,0.0,0.0,0.0,0.0,0.0
b0752,0.0,0.0,0.0,0.0,0.0,0.0,0.0,0.0,0.0,0.0,0.0,0.0,0.0,0.0,0.0,0.0,0.0,0.0,0.0
b0754,0.0,0.0,0.0,0.0,0.0,0.0,0.0,0.0,0.0,0.0,0.0,0.0,0.0,0.0,0.0,0.0,0.0,0.0,0.0
b0755,0.0,0.0,0.0,0.0,0.0,0.0,0.0,0.0,0.0,0.0,0.0,0.0,0.0,0.0,0.0,0.0,0.0,0.0,0.0
b0756,0.0,0.0,0.0,0.0,0.0,0.0,0.0,0.0,0.0,0.0,0.0,0.0,0.0,0.0,0.0,0.0,0.0,0.0,0.0
b0757,0.0,0.0,0.0,0.0,0.0,0.0,0.0,0.0,0.0,0.0,0.0,0.0,0.0,0.0,0.0,0.0,0.0,0.0,0.0
b0758,0.0,0.0,0.0,0.0,0.0,0.0,0.0,0.0,0.0,0.0,0.0,0.0,0.0,0.0,0.0,0.0,0.0,0.0,0.0
b0759,0.0,0.0,0.0,0.0,0.0,0.0,0.0,0.0,0.0,0.0,0.0,0.0,0.0,0.0,0.0,0.0,0.0,0.0,0.0
b0763,1.81723405536621e-13,8.5333796715168e-14,0.0,2.245860140933964e-15,3.7860876722471093e-14,0.0,0.0,1.1741830775653722e-13,2.7315021580879022e-14,3.870369354671453e-14,1.2963677533431379e-15,0.0,4.497783494935759e-15,1.4930455907621008e-14,2.370220606581936e-14,2.7882714856818235e-15,0.0,5.006559780420268e-15,4.25139962144589e-15
b0764,3.63446811073242e-13,1.70667593430336e-13,0.0,4.491720281867928e-15,7.572175344494219e-14,0.0,0.0,2.3483661551307445e-13,5.4630043161758044e-14,7.740738709342906e-14,2.5927355066862758e-15,0.0,8.995566989871518e-15,2.9860911815242015e-14,4.740441213163872e-14,5.576542971363647e-15,0.0,1.0013119560840536e-14,8.50279924289178e-15
b0765,3.63446811073242e-13,1.70667593430336e-13,0.0,4.491720281867928e-15,7.572175344494219e-14,0.0,0.0,2.3483661551307445e-13,5.4630043161758044e-14,7.740738709342906e-14,2.5927355066862758e-15,0.0,8.995566989871518e-15,2.9860911815242015e-14,4.740441213163872e-14,5.576542971363647e-15,0.0,1.0013119560840536e-14,8.50279924289178e-15
b0766,0.0,0.0,0.0,0.0,0.0,0.0,0.0,0.0,0.0,0.0,0.0,0.0,0.0,0.0,0.0,0.0,0.0,0.0,0.0
b0767,8.711365785861028e-06,1.317816509321137e-06,0.0,1.2411950109981785e-07,0.0,0.0,0.0,0.0,0.0,0.0,0.0,0.0,0.0,0.0,0.0,0.0,0.0,0.0,0.0
b0774,2.7840120486882248e-12,1.1548072793825865e-12,1.3019424784122521e-14,1.0478704735718358e-13,7.887143965622386e-13,4.827897615893554e-13,1.680073609376135e-14,1.6751684457384004e-12,5.005160290912573e-13,6.690139512764317e-13,9.205774632458943e-14,2.74485211835347e-14,1.4830015474911766e-13,4.689139503647855e-13,4.4860275875923063e-13,9.980790496114005e-14,3.818766401987943e-14,3.5866272730920687e-13,5.926034410064628e-14
b0775,3.2413200103020557e-12,1.3444984709994101e-12,1.5158024224529763e-14,1.2199959895264973e-13,9.182703635191013e-13,5.62093873029708e-13,1.9560462072774283e-14,1.950335310638067e-12,5.827318963417675e-13,7.789076589899437e-13,1.0717935484718804e-13,3.1957275834101234e-14,1.7266026536979173e-13,5.459387904385374e-13,5.222912376863198e-13,1.1620257164091682e-13,4.446045396701826e-14,4.175774582314072e-13,6.899457897149386e-14
b0776,3.0671163451807677e-12,1.272238848174869e-12,1.434336125773918e-14,1.1544277111296405e-13,8.68918228466451e-13,5.318843249095672e-13,1.850919154912559e-14,1.84551518851228e-12,5.514131645278253e-13,7.370455261070984e-13,1.0141903609421946e-13,3.023974268097279e-14,1.6338069687527922e-13,5.165974918552441e-13,4.942208689549053e-13,1.0995730310463294e-13,4.2070941666661e-14,3.9513489672413915e-13,6.528648828864445e-14
b0777,3.4453514575915507e-12,1.4291202868965041e-12,1.6111794074669994e-14,1.2967665170416773e-13,9.7606319561398e-13,5.974684720155709e-13,2.0791249940498476e-14,2.073093904213869e-12,6.194054398421468e-13,8.279286457064613e-13,1.1392377003531913e-13,3.396813020744192e-14,1.8352545051710976e-13,5.802966024119414e-13,5.551606994497444e-13,1.2351481661335638e-13,4.725808206763597e-14,4.4385645112936605e-13,7.333607050071379e-14
b0778,4.614225735534043e-12,1.913979312919961e-12,2.1578414119670896e-14,1.736742090947352e-13,1.3072164211065312e-12,8.001764733121755e-13,2.784556514267832e-14,2.776426688714489e-12,8.295560155956854e-13,1.1088247239682594e-12,1.5257664651499306e-13,4.549322008397701e-14,2.457928983998057e-13,7.771786830245973e-13,7.435148836635731e-13,1.654217710366679e-13,6.329229149115223e-14,5.944481409506662e-13,9.821818299049573e-14
b0781,3.364443177012875e-09,1.5798774477022115e-09,0.0,4.158005296773809e-11,7.009596149075777e-10,0.0,0.0,2.1738929183135376e-09,5.057127215747019e-10,7.165636000157374e-10,2.4001067059883417e-11,0.0,8.327236079762009e-11,2.7642377909302474e-10,4.3882473610274114e-10,5.1622304501504087e-11,0.0,9.269188987407336e-11,7.871078800714132e-11
b0783,3.364443177012875e-09,1.5798774477022115e-09,0.0,4.158005296773809e-11,7.009596149075777e-10,0.0,0.0,2.1738929183135376e-09,5.057127215747019e-10,7.165636000157374e-10,2.4001067059883417e-11,0.0,8.327236079762009e-11,2.7642377909302474e-10,4.3882473610274114e-10,5.1622304501504087e-11,0.0,9.269188987407336e-11,7.871078800714132e-11
b0784,3.10564969684774e-12,1.4583518596629716e-12,0.0,3.838162811438639e-14,6.470409911779609e-13,0.0,0.0,2.006675754440938e-12,4.668125778568386e-13,6.614446261947981e-13,2.2154853663889948e-14,0.0,7.686688623436159e-14,2.551608580047551e-13,4.0506968563689056e-13,4.765140779061572e-14,0.0,8.556188143435802e-14,7.265617581101857e-14
b0785,3.364443177012875e-09,1.5798774477022115e-09,0.0,4.158005296773809e-11,7.009596149075777e-10,0.0,0.0,2.1738929183135376e-09,5.057127215747019e-10,7.165636000157374e-10,2.4001067059883417e-11,0.0,8.327236079762009e-11,2.7642377909302474e-10,4.3882473610274114e-10,5.1622304501504087e-11,0.0,9.269188987407336e-11,7.871078800714132e-11
b0789,0.0,0.0,0.0,0.0,0.0,0.0,0.0,0.0,0.0,0.0,0.0,0.0,0.0,0.0,0.0,0.0,0.0,0.0,0.0
b0805,0.0,0.0,0.0,0.0,0.0,0.0,0.0,0.0,0.0,0.0,0.0,0.0,0.0,0.0,0.0,0.0,0.0,0.0,0.0
b0807,2.1529106403702833e-10,1.0285944923490687e-10,2.974608047204581e-12,1.45523670963533e-11,7.475090577593636e-11,4.966897679775911e-11,3.597995189127542e-12,1.4097198373454532e-10,5.119026329205683e-11,6.505178932313567e-11,1.3167141374576097e-11,5.206178416116396e-12,1.9173607401174495e-11,4.8452229225496426e-11,4.675426692985921e-11,1.4016076697036505e-11,6.6716931154416594e-12,3.890603669570724e-11,9.342075502093112e-12
b0809,0.0,0.0,0.0,0.0,0.0,0.0,0.0,0.0,0.0,0.0,0.0,0.0,0.0,0.0,0.0,0.0,0.0,0.0,0.0
b0810,0.0,0.0,0.0,0.0,0.0,0.0,0.0,0.0,0.0,0.0,0.0,0.0,0.0,0.0,0.0,0.0,0.0,0.0,0.0
b0811,0.0,0.0,0.0,0.0,0.0,0.0,0.0,0.0,0.0,0.0,0.0,0.0,0.0,0.0,0.0,0.0,0.0,0.0,0.0
b0813,0.0,0.0,0.0,0.0,0.0,0.0,0.0,0.0,0.0,0.0,0.0,0.0,0.0,0.0,0.0,0.0,0.0,0.0,0.0
b0822,0.0,0.0,0.0,0.0,0.0,0.0,0.0,0.0,0.0,0.0,0.0,0.0,0.0,0.0,0.0,0.0,0.0,0.0,0.0
b0825,0.0,0.0,0.0,0.0,0.0,0.0,0.0,0.0,0.0,0.0,0.0,0.0,0.0,0.0,0.0,0.0,0.0,0.0,0.0
b0826,6.728928999129483e-09,3.1597698299900796e-09,0.0,8.31602825619488e-11,1.4019250651602445e-09,0.0,0.0,4.347809099170446e-09,1.011429060943647e-09,1.4331328468031842e-09,4.8002231765183326e-11,0.0,1.665451187405823e-10,5.528494931541962e-10,8.776524989735792e-10,1.0324482475788073e-10,0.0,1.853843731351644e-10,1.5742185251127472e-10
b0827,3.364443177012875e-09,1.5798774477022115e-09,0.0,4.158005296773809e-11,7.009596149075777e-10,0.0,0.0,2.1738929183135376e-09,5.057127215747019e-10,7.165636000157374e-10,2.4001067059883417e-11,0.0,8.327236079762009e-11,2.7642377909302474e-10,4.3882473610274114e-10,5.1622304501504087e-11,0.0,9.269188987407336e-11,7.871078800714132e-11
b0828,0.0,0.0,0.0,0.0,0.0,0.0,0.0,0.0,0.0,0.0,0.0,0.0,0.0,0.0,0.0,0.0,0.0,0.0,0.0
b0829,0.0,0.0,0.0,0.0,0.0,0.0,0.0,0.0,0.0,0.0,0.0,0.0,0.0,0.0,0.0,0.0,0.0,0.0,0.0
b0830,0.0,0.0,0.0,0.0,0.0,0.0,0.0,0.0,0.0,0.0,0.0,0.0,0.0,0.0,0.0,0.0,0.0,0.0,0.0
b0831,0.0,0.0,0.0,0.0,0.0,0.0,0.0,0.0,0.0,0.0,0.0,0.0,0.0,0.0,0.0,0.0,0.0,0.0,0.0
b0832,0.0,0.0,0.0,0.0,0.0,0.0,0.0,0.0,0.0,0.0,0.0,0.0,0.0,0.0,0.0,0.0,0.0,0.0,0.0
b0837,0.0,0.0,0.0,0.0,0.0,0.0,0.0,0.0,0.0,0.0,0.0,0.0,0.0,0.0,0.0,0.0,0.0,0.0,0.0
b0839,0.0,0.0,0.0,0.0,0.0,0.0,0.0,0.0,0.0,0.0,0.0,0.0,0.0,0.0,0.0,0.0,0.0,0.0,0.0
b0841,1.9607052523428236e-07,1.0905366461864844e-07,0.0,0.0,0.0,6.097348654631451e-08,0.0,1.397457690130031e-07,6.245697213638406e-08,7.578650026133888e-08,0.0,0.0,0.0,5.979953593032678e-08,5.806000643312506e-08,0.0,0.0,5.001423674967576e-08,0.0
b0842,0.0,0.0,0.0,0.0,0.0,0.0,0.0,0.0,0.0,0.0,0.0,0.0,0.0,0.0,0.0,0.0,0.0,0.0,0.0
b0849,0.0,0.0,0.0,0.0,0.0,0.0,0.0,0.0,0.0,0.0,0.0,0.0,0.0,0.0,0.0,0.0,0.0,0.0,0.0
b0854,0.0,0.0,0.0,0.0,0.0,0.0,0.0,0.0,0.0,0.0,0.0,0.0,0.0,0.0,0.0,0.0,0.0,0.0,0.0
b0855,0.0,0.0,0.0,0.0,0.0,0.0,0.0,0.0,0.0,0.0,0.0,0.0,0.0,0.0,0.0,0.0,0.0,0.0,0.0
b0856,0.0,0.0,0.0,0.0,0.0,0.0,0.0,0.0,0.0,0.0,0.0,0.0,0.0,0.0,0.0,0.0,0.0,0.0,0.0
b0857,0.0,0.0,0.0,0.0,0.0,0.0,0.0,0.0,0.0,0.0,0.0,0.0,0.0,0.0,0.0,0.0,0.0,0.0,0.0
b0859,2.1529106403702833e-10,1.0285944923490687e-10,2.974608047204581e-12,1.45523670963533e-11,7.475090577593636e-11,4.966897679775911e-11,3.597995189127542e-12,1.4097198373454532e-10,5.119026329205683e-11,6.505178932313567e-11,1.3167141374576097e-11,5.206178416116396e-12,1.9173607401174495e-11,4.8452229225496426e-11,4.675426692985921e-11,1.4016076697036505e-11,6.6716931154416594e-12,3.890603669570724e-11,9.342075502093112e-12
b0860,0.0,0.0,0.0,0.0,0.0,0.0,0.0,0.0,0.0,0.0,0.0,0.0,0.0,0.0,0.0,0.0,0.0,0.0,0.0
b0861,0.0,0.0,0.0,0.0,0.0,0.0,0.0,0.0,0.0,0.0,0.0,0.0,0.0,0.0,0.0,0.0,0.0,0.0,0.0
b0862,0.0,0.0,0.0,0.0,0.0,0.0,0.0,0.0,0.0,0.0,0.0,0.0,0.0,0.0,0.0,0.0,0.0,0.0,0.0
b0863,0.0,0.0,0.0,0.0,0.0,0.0,0.0,0.0,0.0,0.0,0.0,0.0,0.0,0.0,0.0,0.0,0.0,0.0,0.0
b0864,0.0,0.0,0.0,0.0,0.0,0.0,0.0,0.0,0.0,0.0,0.0,0.0,0.0,0.0,0.0,0.0,0.0,0.0,0.0
b0870,0.0,0.0,0.0,0.0,0.0,0.0,0.0,0.0,0.0,0.0,0.0,0.0,0.0,0.0,0.0,0.0,0.0,0.0,0.0
b0871,0.0,0.0,0.0,0.0,0.0,0.0,0.0,0.0,0.0,0.0,0.0,0.0,0.0,0.0,0.0,0.0,0.0,0.0,0.0
b0875,0.0,0.0,0.0,0.0,0.0,0.0,0.0,0.0,0.0,0.0,0.0,0.0,0.0,0.0,0.0,0.0,0.0,0.0,0.0
b0884,5.551614348385218e-08,3.064132673175286e-08,1.7537725286482648e-09,6.134805196349227e-09,2.394787825641486e-08,1.749270455452548e-08,2.0372075310466815e-09,3.9407877534984397e-08,1.7789407102470028e-08,2.1610930246084682e-08,5.896730150687611e-09,2.684040404094069e-09,7.899593773466143e-09,1.7197074033092924e-08,1.6596344673792633e-08,6.251951090138745e-09,3.3490338819159855e-09,1.420095894458548e-08,4.559444062510941e-09
b0886,0.0,0.0,0.0,0.0,0.0,0.0,0.0,0.0,0.0,0.0,0.0,0.0,0.0,0.0,0.0,0.0,0.0,1.3540715169837635e-52,0.0
b0887,0.0,0.0,0.0,0.0,0.0,0.0,0.0,0.0,0.0,0.0,0.0,0.0,0.0,0.0,0.0,0.0,0.0,1.3540715169837635e-52,0.0
b0888,1.114755058926854e-06,4.663303298873048e-05,2.6132400266127104e-05,5.1107566260714084e-05,0.00015250136290774244,0.00014893537698555806,3.562211890153771e-05,7.498977878144588e-06,8.644121053127757e-05,7.893387594545125e-05,9.387577069923654e-05,6.743035967430711e-05,0.00010423161383541603,0.00014490917251591323,0.00010893434258640174,9.144101099509953e-05,3.157948867745184e-05,0.00010667196032296794,5.221975856367609e-05
b0891,6.146243852563346e-07,3.4107931875582285e-07,1.7085138147216654e-08,6.950640232577693e-08,2.651487889287158e-07,1.910369849966031e-07,2.0257020761097855e-08,4.3728489737632084e-07,1.955345529414319e-07,2.3723016582600263e-07,6.312725748291801e-08,2.8139936122293213e-08,8.692001294752674e-08,1.8736633462767516e-07,1.8179233550772578e-07,6.661405436566952e-08,3.5056471554322985e-08,1.566143957334771e-07,4.699542997504823e-08
b0893,1.3741145115040794e-06,8.027967040457146e-07,4.962404155752374e-08,1.7271067326359615e-07,6.255220991978057e-07,4.644361156419556e-07,5.736951436839002e-08,1.0115871626587163e-06,4.7151540072945765e-07,5.675745605037049e-07,1.6285341683877738e-07,7.517095697566308e-08,2.1595643258068808e-07,4.577247486958526e-07,4.4196463906380727e-07,1.7280375959667583e-07,9.638877505395077e-08,3.847668714735965e-07,1.2809497830080123e-07
b0894,0.0,0.0,0.0,0.0,0.0,0.0,0.0,0.0,0.0,0.0,0.0,0.0,0.0,0.0,0.0,0.0,0.0,0.0,0.0
b0895,0.0,0.0,0.0,0.0,0.0,0.0,0.0,0.0,0.0,0.0,0.0,0.0,0.0,0.0,0.0,0.0,0.0,0.0,0.0
b0896,0.0,0.0,0.0,0.0,0.0,0.0,0.0,0.0,0.0,0.0,0.0,0.0,0.0,0.0,0.0,0.0,0.0,0.0,0.0
b0902,1.5855022798850576e-12,0.0,0.0,1.9594704178247416e-14,3.303289754264926e-13,0.0,0.0,0.0,2.3831838757207186e-13,3.376823925188999e-13,0.0,0.0,7.848461748327663e-14,2.6053079746500773e-13,2.0679725676882563e-13,4.86542807673296e-14,0.0,0.0,0.0
b0903,1.000694628437232e-06,0.0,0.0,3.690270243629698e-08,3.174413973297714e-07,0.0,0.0,0.0,2.665065839515645e-07,3.4280989088686616e-07,0.0,0.0,6.582580821178046e-08,1.4887474140857598e-07,2.398540673303853e-07,4.656483312701487e-08,0.0,0.0,0.0
b0904,1.000694628437232e-06,6.300830468519865e-07,0.0,3.690270243629698e-08,3.174413973297714e-07,0.0,0.0,7.658846064837247e-07,2.665065839515645e-07,3.4280989088686616e-07,2.224093902570054e-08,0.0,6.582580821178046e-08,1.4887474140857598e-07,2.398540673303853e-07,4.656483312701487e-08,0.0,5.4587026917001064e-08,8.447378622510236e-08
b0907,1.808571082951025e-07,2.6141239244525588e-05,1.2309180453592869e-06,6.738616106136234e-06,2.1381700786084958e-05,1.5411024208377238e-05,1.5157050681993464e-06,3.35612917129614e-05,1.5767888639676028e-05,1.878292018619593e-05,5.206547091822723e-06,2.3461754198492737e-06,7.368565901754178e-06,1.508275560967216e-05,1.4677920407792502e-05,5.4776915550681405e-06,2.8361535618033045e-06,1.2952067568097585e-05,3.66236590418187e-06
b0908,4.511057757587806e-05,2.6141239244525588e-05,1.2309180453592869e-06,6.738616106136234e-06,2.1381700786084958e-05,1.5411024208377238e-05,1.5157050681993464e-06,3.35612917129614e-05,1.5767888639676028e-05,1.878292018619593e-05,5.206547091822723e-06,2.3461754198492737e-06,7.368565901754178e-06,1.508275560967216e-05,1.4677920407792502e-05,5.4776915550681405e-06,2.8361535618033045e-06,1.2952067568097585e-05,3.66236590418187e-06
b0910,8.473938727353722e-06,4.485803101710219e-06,5.613373250369941e-06,8.827180193923621e-07,4.461142863351489e-06,2.500358172064099e-06,6.2365249944877455e-06,5.848491991065223e-06,2.5938176980495346e-06,3.144534190179286e-06,8.591266773340063e-07,7.661922952020362e-06,1.1707909545154495e-06,2.4551622076688867e-06,2.4034752245952633e-06,9.044436538733512e-07,8.795358811342817e-06,2.0627413762109844e-06,1.0637691812602386e-05
b0911,6.794080780130098e-05,4.352461323864055e-05,5.613373250369941e-06,1.3703235012260265e-05,3.591727300116863e-05,2.810771601130748e-05,6.2365249944877455e-06,5.269559775380772e-05,2.862251280846191e-05,3.301978026380425e-05,1.2945844880885755e-05,7.661922952020362e-06,1.608109007840443e-05,2.768698812885513e-05,2.711399866564328e-05,1.3414159292869306e-05,8.795358811342817e-06,2.4309779938038724e-05,1.0637691812602386e-05
b0914,3.0318183879359095e-08,1.684474080039965e-08,8.454425595528617e-10,3.4162943207667156e-09,1.3078557137006286e-08,9.425986462335544e-09,1.0022389445537876e-09,2.1590505268949007e-08,9.651794181377319e-09,1.1710847342767637e-08,3.1189294035189147e-09,1.3912090536655122e-09,4.290056106361719e-09,9.244678868213417e-09,8.972857464687497e-09,3.291420063110933e-09,1.7334854914230186e-09,7.729762069771583e-09,2.323677431242473e-09
b0915,1.870984707096895e-09,1.040634427385568e-09,5.232283861979369e-11,2.1013612195363912e-10,8.070600489475709e-10,5.818338107179513e-10,6.201767259662721e-11,1.3335109720974424e-09,5.959898336535875e-10,7.231856130539267e-10,1.927533084534075e-10,8.602846534514857e-11,2.648843705127056e-10,5.706314964140777e-10,5.540321983659929e-10,2.0342562261972695e-10,1.0721230711920362e-10,4.772561912809391e-10,1.4370490086001192e-10
b0918,6.183908359916813e-06,3.4394658121562034e-06,1.729354804067695e-07,6.94534015345274e-07,2.6674645520677106e-06,1.9230552513514804e-06,2.049784814264682e-07,4.4074703641963586e-06,1.9698432065083587e-06,2.3902459177632068e-06,6.370809932466865e-07,2.84338051519481e-07,8.754858695592708e-07,1.8860297829917585e-06,1.8311664067284772e-06,6.723547250641769e-07,3.5435408946187447e-07,1.5774092326300421e-06,4.749680392460965e-07
b0928,2.9932348971780635e-06,1.541922685226079e-06,7.503722602152471e-08,3.919751779245258e-07,1.2919652237683695e-06,9.700011288790998e-07,9.231919001145105e-08,2.0069835863739273e-06,4.4761507830128625e-06,1.2005814741667153e-06,3.2123659636596527e-07,1.428491003544483e-07,4.566011957410851e-06,9.486950024634857e-07,9.27489877070561e-07,3.2213894817054807e-07,1.7116851834979654e-07,8.048344067341782e-07,2.1587554137502532e-07
b0929,0.0001431281638315478,2.20104203946263e-05,0.0,3.468929110060847e-05,0.00011933785539430167,4.51064067843477e-05,1.4320966286710694e-05,7.223828070233481e-05,6.28606200089133e-05,0.0,3.124084115444809e-05,4.082666331855897e-06,2.3488307742509935e-05,0.0,3.53307762045791e-05,3.7744078592524846e-05,0.0,1.9352888413792023e-05,1.904485563977546e-05
b0930,1.0989455381010893e-06,6.279233482374739e-07,3.116935760655857e-08,1.6301859272339143e-07,5.115310221512328e-07,3.7030582687901224e-07,3.781982007375596e-08,7.948867970047609e-07,3.764324301468414e-07,4.464298281983849e-07,1.2513747915479004e-07,5.621615786057136e-08,1.7465063169105604e-07,3.608867669073815e-07,3.502193684840564e-07,1.3109826975829915e-07,6.587490326657428e-08,3.0250078648345396e-07,8.797663864034627e-08
b0931,0.0,0.0,0.0,0.0,0.0,0.0,0.0,0.0,0.0,0.0,0.0,0.0,0.0,0.0,0.0,0.0,0.0,0.0,0.0
b0932,0.0,0.0,0.0,0.0,0.0,0.0,0.0,0.0,0.0,0.0,0.0,0.0,0.0,0.0,0.0,0.0,0.0,0.0,0.0
b0933,0.0,0.0,0.0,0.0,0.0,0.0,0.0,0.0,0.0,0.0,0.0,0.0,0.0,0.0,0.0,0.0,0.0,0.0,0.0
b0934,0.0,0.0,0.0,0.0,0.0,0.0,0.0,0.0,0.0,0.0,0.0,0.0,0.0,0.0,0.0,0.0,0.0,0.0,0.0
b0935,0.0,0.0,0.0,0.0,0.0,0.0,0.0,0.0,0.0,0.0,0.0,0.0,0.0,0.0,0.0,0.0,0.0,0.0,0.0
b0936,0.0,0.0,0.0,0.0,0.0,0.0,0.0,0.0,0.0,0.0,0.0,0.0,0.0,0.0,0.0,0.0,0.0,0.0,0.0
b0937,0.0,0.0,0.0,0.0,0.0,0.0,0.0,0.0,0.0,0.0,0.0,0.0,0.0,0.0,0.0,0.0,0.0,0.0,0.0
b0945,1.985293049716877e-06,9.84276146480436e-07,3.74935744728546e-08,0.0,0.0,5.122363193119097e-07,4.5162435996945544e-08,1.3534921736653576e-06,5.522276885255749e-07,6.819702501102039e-07,1.552384713648939e-07,6.551625335179476e-08,2.259266408166165e-07,5.035434501052066e-07,5.027101083879388e-07,1.648268779539267e-07,8.072197975955815e-08,4.1812369004010323e-07,1.0982101940055826e-07
b0948,8.611642561481144e-10,4.114377969396279e-10,1.1898432188818339e-11,5.820946838541328e-11,2.990036231037458e-10,1.9867590719103667e-10,1.4391980756510186e-11,5.638879349381819e-10,2.0476105316822758e-10,2.60207157292543e-10,5.266856549830444e-11,2.0824713664465606e-11,7.669442960469807e-11,1.9380891690198594e-10,1.8701706771943704e-10,5.606430678814609e-11,2.6686772461766673e-11,1.5562414678282913e-10,3.7368302008372494e-11
b0954,0.0,0.0,0.0,0.0,0.0,0.0,0.0,0.0,0.0,0.0,0.0,0.0,0.0,0.0,0.0,0.0,0.0,0.0,0.0
b0957,0.0,0.0,0.0,0.0,0.0,0.0,0.0,0.0,0.0,0.0,0.0,0.0,0.0,0.0,0.0,0.0,0.0,0.0,0.0
b0963,0.0,0.0,0.0,0.0,0.0,0.0,0.0,0.0,0.0,0.0,0.0,0.0,0.0,0.0,0.0,0.0,0.0,0.0,0.0
b0967,4.3058212807405667e-10,2.0571889846981373e-10,5.949216094409162e-12,2.91047341927066e-11,1.4950181155187272e-10,9.933795359551822e-11,7.195990378255084e-12,2.8194396746909064e-10,1.0238052658411366e-10,1.3010357864627133e-10,2.6334282749152195e-11,1.0412356832232792e-11,3.834721480234899e-11,9.690445845099285e-11,9.350853385971842e-11,2.803215339407301e-11,1.3343386230883319e-11,7.781207339141447e-11,1.8684151004186224e-11
b0968,0.0,0.0,0.0,0.0,0.0,0.0,0.0,0.0,0.0,0.0,0.0,0.0,0.0,0.0,0.0,0.0,0.0,0.0,0.0
b0969,2.0125385949424506e-10,9.286835271208867e-11,2.588317521015805e-12,1.3225528036975207e-11,6.812505041178482e-11,4.5366017277987366e-11,3.13383860510075e-12,1.2950928034421353e-10,4.6261242568239745e-11,5.945217584238737e-11,1.182782349048924e-11,4.646207404488674e-12,1.7237404463253963e-11,4.439511003744861e-11,4.244286532891243e-11,1.2569136832527248e-11,5.826647400115817e-12,3.5080298060838405e-11,8.250285035053312e-12
b0972,0.0,0.0,0.0,0.0,0.0,0.0,0.0,0.0,0.0,0.0,0.0,0.0,0.0,0.0,0.0,0.0,0.0,0.0,0.0
b0973,0.0,0.0,0.0,0.0,0.0,0.0,0.0,0.0,0.0,0.0,0.0,0.0,0.0,0.0,0.0,0.0,0.0,0.0,0.0
b0974,0.0,0.0,0.0,0.0,0.0,0.0,0.0,0.0,0.0,0.0,0.0,0.0,0.0,0.0,0.0,0.0,0.0,0.0,0.0
b0978,0.0,0.0,0.0,0.0,0.0,0.0,0.0,0.0,0.0,0.0,3.39006240620207e-06,1.0551672211912106e-05,0.0,9.616775013261259e-06,0.0,1.063016292329118e-05,2.1193138180139912e-05,4.569407371043152e-05,7.233255506500052e-07
b0979,0.0,0.0,0.0,0.0,0.0,0.0,0.0,0.0,0.0,0.0,3.39006240620207e-06,1.0551672211912106e-05,0.0,9.616775013261259e-06,0.0,1.063016292329118e-05,2.1193138180139912e-05,4.569407371043152e-05,7.233255506500052e-07
b0980,0.0,0.0,0.0,0.0,0.0,0.0,0.0,0.0,0.0,0.0,0.0,0.0,0.0,0.0,0.0,0.0,0.0,0.0,0.0
b0996,0.0,0.0,0.0,0.0,0.0,0.0,0.0,0.0,0.0,0.0,0.0,0.0,0.0,0.0,0.0,0.0,0.0,0.0,0.0
b0997,0.0,0.0,0.0,0.0,0.0,0.0,0.0,0.0,0.0,0.0,0.0,0.0,0.0,0.0,0.0,0.0,0.0,0.0,0.0
b0998,0.0,0.0,0.0,0.0,0.0,0.0,0.0,0.0,0.0,0.0,0.0,0.0,0.0,0.0,0.0,0.0,0.0,0.0,0.0
b1002,0.0,0.0,0.0,0.0,0.0,0.0,0.0,0.0,0.0,0.0,0.0,0.0,0.0,0.0,0.0,0.0,0.0,0.0,0.0
b1006,0.0,0.0,0.0,3.6653686231455426e-06,1.4067607747530011e-05,0.0,0.0,0.0,0.0,0.0,0.0,0.0,0.0,0.0,0.0,0.0,0.0,0.0,0.0
b1007,0.0,0.0,0.0,1.2147215244589918e-06,4.66207568337452e-06,0.0,0.0,0.0,0.0,0.0,0.0,0.0,0.0,0.0,0.0,0.0,0.0,0.0,0.0
b1008,0.0,0.0,0.0,2.615532416650915e-06,1.0038358449420625e-05,0.0,0.0,0.0,0.0,0.0,0.0,0.0,0.0,0.0,0.0,0.0,0.0,0.0,0.0
b1009,0.0,0.0,0.0,2.100299238028796e-06,8.060904337547736e-06,0.0,0.0,0.0,0.0,0.0,0.0,0.0,0.0,0.0,0.0,0.0,0.0,0.0,0.0
b1010,0.0,0.0,0.0,3.6653686231455426e-06,1.4067607747530011e-05,0.0,0.0,0.0,0.0,0.0,0.0,0.0,0.0,0.0,0.0,0.0,0.0,0.0,0.0
b1011,0.0,0.0,0.0,2.3269474720411687e-06,8.930775496651025e-06,0.0,0.0,0.0,0.0,0.0,0.0,0.0,0.0,0.0,0.0,0.0,0.0,0.0,0.0
b1012,0.0,0.0,0.0,1.2147215244589918e-06,4.66207568337452e-06,0.0,0.0,0.0,0.0,0.0,0.0,0.0,0.0,0.0,0.0,0.0,0.0,0.0,0.0
b1014,0.0,0.0,0.0,0.0,0.0,0.0,1.4630571653423057e-06,0.0,0.0,0.0,0.0,0.0,0.0,0.0,0.0,0.0,0.0,0.0,0.0
b1015,0.0,0.0,0.0,0.0,0.0,0.0,2.3997274149531893e-19,0.0,0.0,0.0,0.0,0.0,0.0,0.0,0.0,0.0,0.0,0.0,0.0
b1033,0.0,0.0,0.0,0.0,0.0,0.0,0.0,0.0,0.0,0.0,0.0,0.0,0.0,0.0,0.0,0.0,0.0,0.0,0.0
b1054,0.0,0.0,0.0,0.0,0.0,0.0,0.0,0.0,0.0,0.0,0.0,0.0,0.0,0.0,0.0,0.0,0.0,0.0,0.0
b1059,0.0,0.0,0.0,0.0,0.0,0.0,0.0,0.0,0.0,0.0,0.0,0.0,0.0,0.0,0.0,0.0,0.0,0.0,0.0
b1062,8.827690457050902e-08,4.376625983064467e-08,1.6671678250319127e-09,0.0,0.0,2.2776807022970677e-08,2.0081670326920456e-09,6.01836083940489e-08,2.455504035946585e-08,3.032409885154743e-08,6.902745025126019e-09,2.91320822675447e-09,1.0045924713305351e-08,2.2390274875732523e-08,2.235321997985185e-08,7.329097625093061e-09,3.5893373550032325e-09,1.8592048710190732e-08,4.883238598372999e-09
b1064,0.0,0.0,0.0,0.0,0.0,0.0,0.0,0.0,0.0,0.0,0.0,0.0,0.0,0.0,0.0,0.0,0.0,0.0,0.0
b1069,1.6348875659719452e-08,9.093181144675662e-09,4.572028726444707e-10,1.8361931641688032e-09,7.0521818484792195e-09,5.084129544173715e-09,5.419174267654448e-10,1.1652369466728969e-08,5.207826471215924e-09,6.319277555754135e-09,1.6843001767737638e-09,7.517264453254985e-10,2.314589542762633e-09,4.986242456716275e-09,4.841195915823994e-09,1.7775560631766792e-09,9.368332470248993e-10,4.1703184956494e-09,1.2557096522173624e-09
b1084,4.2978222958792024e-08,2.0350044661551523e-08,7.784064349117606e-10,3.0576555816862525e-09,1.518334297816094e-08,1.0079926194100746e-08,9.193255101021699e-10,2.7959774471155262e-08,1.0384970187239825e-08,1.3110510938301798e-08,2.8296982340806106e-09,1.193636949965156e-09,4.0201532001341635e-09,9.838126223395292e-09,9.504627372733574e-09,3.003060345386609e-09,1.5057922104653168e-09,7.947553400135662e-09,2.0685048917545035e-09
b1086,6.458731921110845e-10,3.0857834770472034e-10,8.923824141613738e-12,4.3657101289059875e-11,2.2425271732780892e-10,1.4900693039327722e-10,1.079398556738262e-11,4.229159512036356e-10,1.5357078987617039e-10,1.9515536796940687e-10,3.9501424123728255e-11,1.5618535248349176e-11,5.752082220352345e-11,1.4535668767648917e-10,1.402628007895775e-10,4.2048230091109484e-11,2.0015079346324963e-11,1.1671811008712163e-10,2.802622650627932e-11
b1089,6.794080780130098e-05,4.352461323864055e-05,5.613373250369941e-06,1.3703235012260265e-05,3.591727300116863e-05,2.810771601130748e-05,6.2365249944877455e-06,5.269559775380772e-05,2.862251280846191e-05,3.301978026380425e-05,1.2945844880885755e-05,7.661922952020362e-06,1.608109007840443e-05,2.768698812885513e-05,2.711399866564328e-05,1.3414159292869306e-05,8.795358811342817e-06,2.4309779938038724e-05,1.0637691812602386e-05
b1090,3.6076382645711972e-12,1.4964363128535185e-12,3.6943351616466374e-14,1.357848267347617e-13,1.0220388185297546e-12,6.256111018134017e-13,4.767338231843373e-14,2.1707430974601866e-12,6.485813692923384e-13,8.669266689771002e-13,2.6123839370894514e-13,7.788994120350577e-14,1.9217007203991458e-13,6.076303835561163e-13,5.813105011124365e-13,1.293327499793969e-13,1.0836303645112223e-13,4.647634753031657e-13,1.6816016255710447e-13
b1091,3.6076382645711972e-12,1.4964363128535185e-12,3.6943351616466374e-14,1.357848267347617e-13,1.0220388185297546e-12,6.256111018134017e-13,4.767338231843373e-14,2.1707430974601866e-12,6.485813692923384e-13,8.669266689771002e-13,2.6123839370894514e-13,7.788994120350577e-14,1.9217007203991458e-13,6.076303835561163e-13,5.813105011124365e-13,1.293327499793969e-13,1.0836303645112223e-13,4.647634753031657e-13,1.6816016255710447e-13
b1092,1.2366747910844316e-08,6.87829439160866e-09,3.458345417915011e-10,1.388925404266758e-09,5.334423288234337e-09,3.8457365217497726e-09,4.099139986067836e-10,8.814145375293781e-09,3.939303982755152e-09,4.780034487807606e-09,1.274034354534983e-09,5.686171185933997e-10,1.7507937144781314e-09,3.7716922878495086e-09,3.6619754945048142e-09,1.344571200954626e-09,7.086352596353254e-10,3.1545076451094172e-09,9.498395353710776e-10
b1093,4.171135033091824e-08,2.319862130302684e-08,4.019050877987048e-08,4.684166766162411e-09,1.7991311520482908e-08,1.2970243219257477e-08,4.7637992855715886e-08,2.9728180879581493e-08,1.3285825628216006e-08,1.612144587526552e-08,1.4807883195394066e-07,6.608560408235661e-08,5.904609885586286e-09,1.2720508706230168e-08,1.2350459276886217e-08,4.534577870643078e-09,8.235724082755001e-08,1.0638896722108308e-08,1.1039023226711977e-07
b1094,2.5368087830211942e-06,1.3557278951506754e-06,8.250974763424362e-08,2.737967788355528e-07,1.05146577266751e-06,7.580258522604911e-07,9.779851190488485e-08,1.7372978915778905e-06,7.76459811536056e-07,9.421688654959727e-07,3.039796759414679e-07,1.3566629697088807e-07,3.450937399230926e-07,7.434316131375538e-07,7.217985082210881e-07,2.650167277461741e-07,1.690716416205421e-07,6.217749710438116e-07,2.2662021770048052e-07
b1095,0.0,8.416794267062052e-07,4.2319275797724746e-08,1.6996054108413877e-07,6.527608911001997e-07,4.705946213804052e-07,5.016056672255128e-08,1.078562674130942e-06,4.820442142311326e-07,5.849220029165082e-07,1.5590110522592092e-07,6.958077077847265e-08,2.1424161754991442e-07,4.6153403063780785e-07,4.481082837327146e-07,1.6453300549834757e-07,8.671450915602852e-08,3.8601077770914886e-07,1.1623015359352331e-07
b1096,4.54119938971475e-09,2.525797463033332e-09,1.2699646443237612e-10,5.100362526498568e-10,1.958872559375794e-09,1.4122100176048802e-09,1.5052748206816175e-10,3.236658851190285e-09,1.4465691026750343e-09,1.7552949803351334e-09,4.678451958446613e-10,2.088057763602303e-10,6.429196011889042e-10,1.3850200877849415e-09,1.3447307567820065e-09,4.937487248233319e-10,2.6022257788258e-10,1.1583822766491194e-09,3.4879633468362077e-10
b1098,6.294776279984707e-07,4.652329658218434e-07,3.323356893706107e-08,1.3056771926448765e-07,4.00188889714294e-07,3.1879431020906555e-07,3.936663295316683e-08,5.300540007020002e-07,3.2458469260363643e-07,3.7241137835489284e-07,1.2019681034249928e-07,5.449959090434519e-08,1.6246503380512465e-07,3.141422295611566e-07,3.071340791632216e-07,1.2657710763611314e-07,6.776730423852558e-08,2.7289598846831395e-07,9.038757215027689e-08
b1101,0.0,0.0,0.0,0.0,0.0,0.0,0.0,0.0,0.0,9.477449603562269e-06,0.0,0.0,0.0,0.0,0.0,0.0,0.0,0.0,0.0
b1102,0.0,0.0,0.0,0.0,0.0,0.0,0.0,0.0,0.0,0.0,0.0,0.0,0.0,0.0,0.0,0.0,0.0,0.0,0.0
b1106,0.0,0.0,0.0,0.0,0.0,0.0,0.0,0.0,0.0,0.0,0.0,0.0,0.0,0.0,0.0,0.0,0.0,0.0,0.0
b1107,0.0,0.0,0.0,0.0,0.0,0.0,0.0,0.0,0.0,0.0,0.0,0.0,0.0,0.0,0.0,0.0,0.0,0.0,0.0
b1109,0.00019790067977006824,9.33570781002594e-05,3.5695641168454426e-06,3.416747525129869e-06,1.9955681579922274e-05,2.7284360287240897e-05,3.753256193238539e-06,0.0001715099335716332,7.690451477077911e-05,8.470780477172857e-05,4.804933290352018e-06,4.3859598426911304e-06,2.481674471992328e-05,2.4040778446520423e-05,5.1412551629230584e-05,1.1149114868089254e-05,4.0054309569655744e-05,5.5625673392687555e-05,1.1701952794277473e-05
b1114,1.4222261836109667e-09,7.596096686618488e-10,5.354902285191407e-11,1.543257370338614e-10,5.690779577172772e-10,4.1685975152522486e-10,5.966675448979379e-11,9.971077472387884e-10,4.238092453806345e-10,5.151064237689613e-10,1.4645448590056895e-10,7.494803441814465e-11,1.920859113996728e-10,4.0810410124578837e-10,3.946021434388316e-10,1.5430520885130855e-10,8.964989918111136e-11,3.386367434030396e-10,1.1586022415841514e-10
b1116,1.2292487705126691e-06,6.821586375116457e-07,3.417027629443331e-08,1.3901280465155387e-07,5.302975778574316e-07,3.820739699932062e-07,4.051404152219571e-08,8.745697947526417e-07,3.910691058828638e-07,4.7446033165200526e-07,1.2625451496583601e-07,5.6279872244586425e-08,1.7384002589505348e-07,3.747326692553503e-07,3.6358467101545156e-07,1.3322810873133905e-07,7.011294310864597e-08,3.132287914669542e-07,9.399085995009646e-08
b1117,6.146243852563346e-07,3.4107931875582285e-07,1.7085138147216654e-08,6.950640232577693e-08,2.651487889287158e-07,1.910369849966031e-07,2.0257020761097855e-08,4.3728489737632084e-07,1.955345529414319e-07,2.3723016582600263e-07,6.312725748291801e-08,2.8139936122293213e-08,8.692001294752674e-08,1.8736633462767516e-07,1.8179233550772578e-07,6.661405436566952e-08,3.5056471554322985e-08,1.566143957334771e-07,4.699542997504823e-08
b1118,6.146243852563346e-07,3.4107931875582285e-07,1.7085138147216654e-08,6.950640232577693e-08,2.651487889287158e-07,1.910369849966031e-07,2.0257020761097855e-08,4.3728489737632084e-07,1.955345529414319e-07,2.3723016582600263e-07,6.312725748291801e-08,2.8139936122293213e-08,8.692001294752674e-08,1.8736633462767516e-07,1.8179233550772578e-07,6.661405436566952e-08,3.5056471554322985e-08,1.566143957334771e-07,4.699542997504823e-08
b1119,0.0,0.0,0.0,0.0,0.0,0.0,0.0,0.0,0.0,0.0,0.0,0.0,0.0,0.0,0.0,0.0,0.0,0.0,0.0
b1123,0.0,0.0,0.0,0.0,0.0,0.0,0.0,0.0,0.0,0.0,0.0,0.0,0.0,0.0,0.0,0.0,0.0,0.0,0.0
b1124,0.0,0.0,0.0,0.0,0.0,0.0,0.0,0.0,0.0,0.0,0.0,0.0,0.0,0.0,0.0,0.0,0.0,0.0,0.0
b1125,0.0,0.0,0.0,0.0,0.0,0.0,0.0,0.0,0.0,0.0,0.0,0.0,0.0,0.0,0.0,0.0,0.0,0.0,0.0
b1126,0.0,0.0,0.0,0.0,0.0,0.0,0.0,0.0,0.0,0.0,0.0,0.0,0.0,0.0,0.0,0.0,0.0,0.0,0.0
b1131,9.433700642516643e-06,0.0,2.12187927418158e-07,8.252316708229347e-07,3.694408436274286e-06,2.6257230978977515e-06,2.540668131198973e-07,0.0,2.8123719981916618e-06,3.4517229645158814e-06,8.316793889649723e-07,3.5929031927360623e-07,1.1878047174369669e-06,2.5822000402262096e-06,2.5751767908066407e-06,8.808222902609924e-07,4.427334193563595e-07,2.155426050137031e-06,2.9281409977966575e-07
b1133,2.0125385949424506e-10,9.286835271208867e-11,2.588317521015805e-12,1.3225528036975207e-11,6.812505041178482e-11,4.5366017277987366e-11,3.13383860510075e-12,1.2950928034421353e-10,4.6261242568239745e-11,5.945217584238737e-11,1.182782349048924e-11,4.646207404488674e-12,1.7237404463253963e-11,4.439511003744861e-11,4.244286532891243e-11,1.2569136832527248e-11,5.826647400115817e-12,3.5080298060838405e-11,8.250285035053312e-12
b1134,4.550071759392787e-09,2.0596323117858933e-09,6.819667741991145e-11,2.7093073335564945e-10,1.2570636507672716e-09,9.669775012465977e-10,8.440679793432157e-11,3.2633318369515004e-09,1.268127410364385e-09,1.5496650468921784e-09,2.7331076785716213e-10,1.2576453444869513e-10,4.649664686964348e-10,9.18745383284836e-10,1.0488882967138875e-09,3.1152086227595083e-10,2.4401804842498695e-10,9.591575051623052e-10,2.130495019652565e-10
b1135,2.1529106403702833e-10,1.0285944923490687e-10,2.974608047204581e-12,1.45523670963533e-11,7.475090577593636e-11,4.966897679775911e-11,3.597995189127542e-12,1.4097198373454532e-10,5.119026329205683e-11,6.505178932313567e-11,1.3167141374576097e-11,5.206178416116396e-12,1.9173607401174495e-11,4.8452229225496426e-11,4.675426692985921e-11,1.4016076697036505e-11,6.6716931154416594e-12,3.890603669570724e-11,9.342075502093112e-12
b1136,9.774742657493572e-07,7.580455611579086e-07,2.3427499397633096e-07,4.5150034107149144e-07,1.4234667256610384e-06,1.204536803529529e-06,2.8191981977557895e-07,8.290920518893954e-07,1.0958317861364232e-06,1.248657358374387e-06,7.79417430936158e-07,5.433255739098766e-07,9.705662083142987e-07,1.2955050613610107e-06,1.1458713996615393e-06,7.6918350127812e-07,4.3281136457642577e-07,1.1995780455377766e-06,4.7005625616129507e-07
b1185,0.0,0.0,0.0,0.0,0.0,0.0,0.0,0.0,0.0,0.0,0.0,0.0,0.0,0.0,0.0,0.0,0.0,0.0,0.0
b1186,0.0,0.0,0.0,0.0,0.0,0.0,0.0,0.0,0.0,0.0,0.0,0.0,0.0,0.0,0.0,0.0,0.0,4.794040114617656e-06,0.0
b1189,0.0,0.0,0.0,0.0,0.0,0.0,0.0,0.0,0.0,0.0,0.0,0.0,0.0,2.746102277188276e-06,0.0,0.0,0.0,0.0,0.0
b1190,0.0,0.0,0.0,0.0,0.0,0.0,0.0,0.0,0.0,0.0,0.0,0.0,0.0,2.746102277188276e-06,0.0,0.0,0.0,0.0,0.0
b1192,0.0,0.0,0.0,0.0,0.0,0.0,0.0,0.0,0.0,0.0,0.0,0.0,0.0,0.0,0.0,0.0,0.0,0.0,0.0
b1193,0.0,0.0,0.0,0.0,0.0,0.0,0.0,0.0,0.0,0.0,0.0,0.0,0.0,0.0,0.0,0.0,0.0,0.0,0.0
b1197,0.0,0.0,0.0,0.0,0.0,0.0,0.0,0.0,0.0,0.0,0.0,0.0,0.0,0.0,0.0,0.0,0.0,0.0,0.0
b1198,0.0,0.0,0.0,0.0,0.0,0.0,0.0,0.0,0.0,0.0,0.0,0.0,0.0,0.0,0.0,0.0,0.0,0.0,0.0
b1199,0.0,0.0,0.0,0.0,0.0,0.0,0.0,0.0,0.0,0.0,0.0,0.0,0.0,0.0,0.0,0.0,0.0,0.0,0.0
b1200,0.0,0.0,0.0,0.0,0.0,0.0,0.0,0.0,0.0,0.0,0.0,0.0,0.0,0.0,0.0,0.0,0.0,0.0,0.0
b1206,1.422508655635699e-08,8.37889097791951e-09,0.0,1.6079812093020782e-09,6.484829120355308e-09,4.709626286810467e-09,5.392303871440477e-10,1.0545068110609792e-08,4.842825611646841e-09,5.865236396671537e-09,1.617675019688276e-09,7.384585806933781e-10,2.2014314848392443e-09,4.631682445712254e-09,4.50895971211728e-09,1.7103229032489982e-09,9.247750070267546e-10,3.915316406089188e-09,1.2275077577567463e-09
b1207,7.581493100036036e-05,4.1947322020322466e-05,2.0799421970733563e-06,8.40519588437933e-06,3.246515988768522e-05,2.337428265789545e-05,2.4672496545217314e-06,5.394032786292058e-05,2.3976649014042452e-05,2.9121789562674276e-05,7.697519175366876e-06,3.4240993414777516e-06,1.0609144725419425e-05,2.2902365611646673e-05,2.22648068391505e-05,8.121938382859355e-06,4.274006322489923e-06,1.9118807536671212e-05,5.733005901989822e-06
b1208,7.581493100036036e-05,4.1947322020322466e-05,2.0799421970733563e-06,8.40519588437933e-06,3.246515988768522e-05,2.337428265789545e-05,2.4672496545217314e-06,5.394032786292058e-05,2.3976649014042452e-05,2.9121789562674276e-05,7.697519175366876e-06,3.4240993414777516e-06,1.0609144725419425e-05,2.2902365611646673e-05,2.22648068391505e-05,8.121938382859355e-06,4.274006322489923e-06,1.9118807536671212e-05,5.733005901989822e-06
b1209,6.146243852563346e-07,3.4107931875582285e-07,1.7085138147216654e-08,6.950640232577693e-08,2.651487889287158e-07,1.910369849966031e-07,2.0257020761097855e-08,4.3728489737632084e-07,1.955345529414319e-07,2.3723016582600263e-07,6.312725748291801e-08,2.8139936122293213e-08,8.692001294752674e-08,1.8736633462767516e-07,1.8179233550772578e-07,6.661405436566952e-08,3.5056471554322985e-08,1.566143957334771e-07,4.699542997504823e-08
b1210,9.278186111149006e-12,3.742747721701508e-12,5.895593069172716e-14,2.985157859338192e-13,2.1871494098109425e-12,1.7596699230586272e-12,1.0087216162694425e-13,6.485633783549878e-12,2.3983260901170227e-12,3.000320075305234e-12,2.8013155581940333e-12,5.118026764209346e-12,8.031681394331257e-13,1.3469367893072584e-11,1.922265123018574e-12,8.191330178326167e-12,1.1506202148692118e-11,5.30802268195253e-11,7.352239367472175e-13
b1211,5.25846131897395e-11,1.806320361464602e-11,1.3220747805292604e-13,4.371688835413737e-13,5.335027948119354e-12,3.4147682212835415e-12,1.917832909520102e-13,3.867815815038335e-11,1.2346544539983358e-11,1.8228829830119638e-11,6.083095342686407e-13,3.1411578804539563e-13,3.4180527656247555e-12,4.758730843487864e-12,8.784840129806022e-12,9.965097795954817e-13,3.71220532218961e-13,4.264280282652933e-12,5.343075791864717e-13
b1215,2.5869752584371077e-08,1.4388655912113303e-08,7.234580189093652e-10,2.9055125161417698e-09,1.1159067045181792e-08,8.04490633803758e-09,8.575066593797596e-10,1.8438204644779295e-08,8.240638996639488e-09,9.99935104296548e-09,2.6651636331361918e-09,1.189499361085306e-09,3.6625062207286627e-09,7.890014051470875e-09,7.660498688812196e-09,2.8127277077852876e-09,1.4824043449702906e-09,6.598931322615974e-09,1.9869805543084826e-09
b1216,0.0,0.0,0.0,0.0,0.0,0.0,0.0,0.0,0.0,0.0,0.0,0.0,0.0,0.0,0.0,0.0,0.0,0.0,0.0
b1223,2.212801779803111e-05,1.1955256962150381e-05,7.027810785332589e-06,3.7162768527759946e-06,1.2306374002145956e-05,2.658389505450154e-05,5.403621548867301e-06,1.0758237379876326e-05,7.325686910113369e-06,7.4471605495310104e-06,6.5864702188556055e-06,5.907187481080639e-06,1.4270563312088912e-05,2.6066145498535492e-05,6.459389914843782e-06,1.111115909522473e-05,6.070207830122625e-05,6.171269272919231e-05,3.495317471742544e-05
b1224,0.0,0.0,0.0,0.0,0.0,0.0,0.0,0.0,0.0,0.0,0.0,0.0,0.0,0.0,0.0,0.0,0.0,0.0,0.0
b1225,0.0,0.0,0.0,0.0,0.0,0.0,0.0,0.0,0.0,0.0,0.0,0.0,0.0,0.0,0.0,0.0,0.0,0.0,0.0
b1226,0.0,0.0,0.0,0.0,0.0,0.0,0.0,0.0,0.0,0.0,0.0,0.0,0.0,0.0,0.0,0.0,0.0,0.0,0.0
b1227,0.0,0.0,0.0,0.0,0.0,0.0,0.0,0.0,0.0,0.0,0.0,0.0,0.0,0.0,0.0,0.0,0.0,0.0,0.0
b1232,0.0,5.240509979579577e-07,0.0,0.0,0.0,0.0,0.0,6.264330578586319e-07,0.0,0.0,0.0,0.0,0.0,0.0,0.0,0.0,0.0,0.0,6.886892637565874e-08
b1236,0.0,0.0,0.0,0.0,0.0,0.0,0.0,0.0,0.0,0.0,0.0,0.0,0.0,0.0,0.0,0.0,0.0,0.0,0.0
b1238,4.599845900132423e-12,0.0,0.0,3.5439005774851204e-08,1.086202351814651e-07,0.0,0.0,0.0,6.91407304743224e-13,9.79681321484808e-13,0.0,0.0,2.276989131671787e-13,7.558497617956914e-13,5.999584647558344e-13,1.4115539078740244e-13,0.0,0.0,0.0
b1241,6.480686129135401e-10,3.0666281889240103e-10,8.53045637672034e-12,5.039512071299469e-11,2.28048738409748e-10,1.51914812650428e-10,1.048360400942501e-11,4.223782944407119e-10,1.5560700064049354e-10,1.9695484666378793e-10,4.003151260324445e-11,1.5754053530683322e-11,5.900102842635872e-11,1.481698881363437e-10,1.4246061457823923e-10,4.242613061490487e-11,1.9442893539880416e-11,1.1817766455682562e-10,2.729912174860673e-11
b1243,0.0,0.0,0.0,0.0,0.0,0.0,0.0,0.0,0.0,0.0,0.0,0.0,0.0,0.0,0.0,0.0,0.0,0.0,0.0
b1244,0.0,0.0,0.0,0.0,0.0,0.0,0.0,0.0,0.0,0.0,0.0,0.0,0.0,0.0,0.0,0.0,0.0,0.0,0.0
b1245,0.0,0.0,0.0,0.0,0.0,0.0,0.0,0.0,0.0,0.0,0.0,0.0,0.0,0.0,0.0,0.0,0.0,0.0,0.0
b1246,0.0,0.0,0.0,0.0,0.0,0.0,0.0,0.0,0.0,0.0,0.0,0.0,0.0,0.0,0.0,0.0,0.0,0.0,0.0
b1247,0.0,0.0,0.0,0.0,0.0,0.0,0.0,0.0,0.0,0.0,0.0,0.0,0.0,0.0,0.0,0.0,0.0,0.0,0.0
b1249,0.0,0.0,0.0,0.0,0.0,0.0,0.0,0.0,0.0,0.0,0.0,0.0,0.0,0.0,0.0,0.0,0.0,0.0,0.0
b1250,2.75180199238044e-10,7.947609600852401e-11,0.0,1.1768106426329904e-11,8.881671591448881e-11,5.542386021957197e-11,0.0,1.1231409497348011e-10,5.7298337831886865e-11,6.815838475984132e-11,1.2080770038376492e-11,0.0,1.8851903162361187e-11,5.203665615641865e-11,4.946163794250922e-11,1.3048248532741334e-11,0.0,4.102992922493976e-11,0.0
b1252,0.0,0.0,0.0,0.0,0.0,0.0,0.0,0.0,0.0,0.0,0.0,0.0,0.0,0.0,0.0,0.0,0.0,0.0,0.0
b1260,2.0237493863141224e-07,1.4672010922809775e-07,1.0399357737671343e-08,2.8051436084302017e-08,1.0594714274453774e-07,8.0516907005915e-08,1.18203794544611e-08,1.663634183245081e-07,7.989787209344611e-08,9.571970545366794e-08,2.965259171909917e-08,1.4258348475785895e-08,3.723494295068473e-08,8.016130248243415e-08,7.584875545956412e-08,3.194772664326407e-08,1.9248276868165294e-08,6.93640154062731e-08,2.5194980305754087e-08
b1261,2.0237493863141224e-07,1.4672010922809775e-07,1.0399357737671343e-08,2.8051436084302017e-08,1.0594714274453774e-07,8.0516907005915e-08,1.18203794544611e-08,1.663634183245081e-07,7.989787209344611e-08,9.571970545366794e-08,2.965259171909917e-08,1.4258348475785895e-08,3.723494295068473e-08,8.016130248243415e-08,7.584875545956412e-08,3.194772664326407e-08,1.9248276868165294e-08,6.93640154062731e-08,2.5194980305754087e-08
b1262,1.4865471482080373e-05,9.990554513906354e-06,7.081193636947132e-07,1.910095370484564e-06,7.21421699282118e-06,5.482605983363549e-06,8.0488043483706e-07,1.1328118610564057e-05,5.440454283289384e-06,6.517804140284767e-06,2.019122229439668e-06,9.708880975828281e-07,2.5354242804759934e-06,5.458391944838646e-06,5.164739381788914e-06,2.1754039463581874e-06,1.3106653229872412e-06,4.723176535688545e-06,1.7155918540798693e-06
b1263,4.586022302195959e-05,3.082102432291446e-05,2.1845598361514573e-06,5.892675505733483e-06,2.2255977593338277e-05,1.6913929264986567e-05,2.4830693255935444e-06,3.4947431470702e-05,1.6783890579803505e-05,2.010753253586544e-05,6.22902515149427e-06,2.9952056844068164e-06,7.821825436084195e-06,1.683922855950588e-05,1.593330559240292e-05,6.7111568081173135e-06,4.043423990406239e-06,1.457107697928528e-05,5.292628971613978e-06
b1264,4.088294997511622e-06,2.7475976184681685e-06,1.9474665541042524e-07,5.253135332663733e-07,1.9840505750703983e-06,1.5078237270934948e-06,2.213578398307771e-07,3.1154538692307956e-06,1.4962311863013945e-06,1.7925234388702777e-06,5.552980489003288e-07,2.670131894085047e-07,6.972911969145887e-07,1.5011643935708249e-06,1.4204042033562139e-06,5.982785734165342e-07,3.6045856263892983e-07,1.2989657964429004e-06,4.718212673752918e-07
b1269,2.1529106403702833e-10,1.0285944923490687e-10,2.974608047204581e-12,1.45523670963533e-11,7.475090577593636e-11,4.966897679775911e-11,3.597995189127542e-12,1.4097198373454532e-10,5.119026329205683e-11,6.505178932313567e-11,1.3167141374576097e-11,5.206178416116396e-12,1.9173607401174495e-11,4.8452229225496426e-11,4.675426692985921e-11,1.4016076697036505e-11,6.6716931154416594e-12,3.890603669570724e-11,9.342075502093112e-12
b1270,0.0,0.0,0.0,0.0,0.0,0.0,0.0,0.0,0.0,0.0,0.0,0.0,0.0,0.0,0.0,0.0,0.0,0.0,0.0
b1276,3.663836624134273e-06,2.8413587825798866e-06,8.781257298792289e-07,1.692344794528862e-06,5.3355363976924585e-06,4.514928127039564e-06,1.056711360038973e-06,3.1076601511982035e-06,4.107472465128418e-06,4.680303841144722e-06,2.9214663025049763e-06,2.0365304809264617e-06,3.6379433656424114e-06,4.855901640466191e-06,4.295034404214655e-06,2.8831067798006233e-06,1.6222934806994254e-06,4.496341367493036e-06,1.761897358399409e-06
b1277,1.763935650529219e-05,7.934038061646485e-06,2.5528383409641255e-07,1.0299575798062547e-06,4.915245251660151e-06,3.717723921389176e-06,3.162863312066918e-07,1.2565825512310947e-05,4.827648253036187e-06,5.914461664570877e-06,1.0374190809643123e-06,4.72851329127432e-07,1.7615252133094922e-06,3.5363469050298314e-06,4.005648301396476e-06,1.1803130328257303e-06,9.10276261367719e-07,3.647080796874209e-06,8.049613850227339e-07
b1278,0.0,0.0,0.0,0.0,0.0,0.0,0.0,0.0,0.0,0.0,0.0,0.0,0.0,0.0,0.0,0.0,0.0,0.0,0.0
b1281,1.5630489394974206e-05,7.74934353972707e-06,2.951921472052728e-07,0.0,0.0,4.0329080675859085e-06,3.5557016481880527e-07,1.065623287689139e-05,4.347765701562835e-06,5.3692470054008434e-06,1.2222141616357433e-06,5.158186109399372e-07,1.7787519902061188e-06,3.964467894500807e-06,3.95790687879786e-06,1.2977050255794574e-06,6.355354181857589e-07,3.291946195999296e-06,8.646362204967576e-07
b1286,0.0,0.0,0.0,0.0,0.0,0.0,0.0,0.0,0.0,0.0,0.0,0.0,0.0,0.0,0.0,0.0,0.0,0.0,0.0
b1288,6.968092456603117e-12,2.8903531389309597e-12,3.25859214831668e-14,2.6226886526799165e-13,1.9740614738039516e-12,1.2083657595514846e-12,4.205005821923663e-14,4.1927640254486484e-12,1.2527326208459191e-12,1.674464274320563e-12,2.3040897652038744e-13,6.870010819056395e-14,3.7117692085436523e-13,1.1736361624328768e-12,1.1227995367546086e-12,2.498066779175523e-13,9.557882779263444e-14,8.976898527231374e-13,1.4832111573441044e-13
b1291,0.0,0.0,0.0,0.0,0.0,0.0,0.0,0.0,0.0,0.0,0.0,0.0,0.0,0.0,0.0,0.0,0.0,0.0,0.0
b1296,0.0,0.0,0.0,0.0,0.0,6.3307167929101176e-06,0.0,0.0,0.0,0.0,0.0,9.423658066238616e-07,0.0,0.0,0.0,1.1122155019030302e-06,0.0,0.0,0.0
b1297,1.8684673780742996e-06,5.233825302327203e-07,6.337853916869218e-07,3.2813814304712236e-07,1.1947629477028181e-06,0.0,0.0,0.0,8.59240286204695e-06,3.2584321639500854e-06,1.931408437669982e-06,2.3289367928629605e-06,6.423507008077188e-06,3.7759980404550586e-07,4.117095869160478e-06,1.8442635418006395e-06,1.5070883575261224e-07,3.813735691007662e-06,0.0
b1298,0.0,0.0,0.0,0.0,0.0,0.0,0.0,0.0,0.0,0.0,0.0,0.0,0.0,0.0,0.0,0.0,0.0,0.0,0.0
b1300,0.0,0.0,0.0,0.0,0.0,0.0,0.0,0.0,0.0,0.0,0.0,0.0,0.0,0.0,0.0,0.0,0.0,0.0,0.0
b1301,0.0,0.0,0.0,0.0,0.0,0.0,0.0,0.0,0.0,0.0,0.0,0.0,0.0,0.0,0.0,0.0,0.0,0.0,0.0
b1302,0.0,0.0,0.0,0.0,0.0,0.0,0.0,0.0,0.0,0.0,0.0,0.0,0.0,0.0,0.0,0.0,0.0,0.0,0.0
b1308,0.0,0.0,0.0,0.0,0.0,0.0,0.0,0.0,0.0,0.0,0.0,0.0,0.0,0.0,0.0,0.0,0.0,0.0,0.0
b1319,0.0,0.0,0.0,0.0,0.0,0.0,0.0,0.0,0.0,0.0,0.0,0.0,0.0,0.0,0.0,0.0,0.0,0.0,0.0
b1325,0.0,0.0,0.0,0.0,0.0,0.0,0.0,0.0,0.0,0.0,0.0,0.0,0.0,0.0,0.0,0.0,0.0,0.0,0.0
b1326,0.0,0.0,0.0,0.0,0.0,0.0,0.0,0.0,0.0,0.0,0.0,0.0,0.0,0.0,0.0,0.0,0.0,0.0,0.0
b1329,0.0,0.0,0.0,0.0,0.0,0.0,0.0,0.0,0.0,0.0,0.0,0.0,0.0,0.0,0.0,0.0,0.0,0.0,0.0
b1344,7.872995040343332e-11,3.913880387050244e-11,1.6355831068549792e-12,6.0121715130240035e-12,2.7902662523256206e-11,1.9763250269133378e-11,1.8592938681755266e-12,5.1109395389933656e-11,1.9309069261099478e-11,2.4712991949946066e-11,5.5625529244055714e-12,2.320468499267571e-12,7.347451982179063e-12,1.9524010296261036e-11,1.8057977120712873e-11,5.9933464312542565e-12,3.2408235233482725e-12,1.553314491699722e-11,4.552708822185492e-12
b1363,0.0,0.0,0.0,0.0,0.0,0.0,0.0,0.0,0.0,0.0,0.0,0.0,0.0,0.0,0.0,0.0,0.0,0.0,0.0
b1377,0.0,0.0,6.914686587559193e-05,0.0,0.0,0.0,7.909242253141926e-05,0.0,0.0,0.0,0.0,0.0,0.0,0.0,0.0,0.0,0.0,0.0,0.0
b1378,1.9818784170756601e-07,1.4560096591244924e-07,1.0343924243905341e-08,4.0653600139128893e-08,1.250195015087823e-07,9.943718031691576e-08,1.225305092226504e-08,1.662698532690744e-07,1.0125425358884625e-07,1.1627400061453997e-07,3.742202931093081e-08,1.6963777091597485e-08,5.059449154585867e-08,9.797788169638823e-08,9.578425593789701e-08,3.9409431519217605e-08,2.1094555946026623e-08,8.506540273234417e-08,2.8137785209043722e-08
b1380,0.0,0.0,0.0,0.0,0.0,0.0,0.0,0.0,0.0,0.0,0.0,0.0,0.0,0.0,0.0,0.0,0.0,0.0,0.0
b1385,0.0,0.0,0.0,0.0,0.0,0.0,0.0,0.0,0.0,0.0,0.0,0.0,0.0,0.0,0.0,0.0,0.0,0.0,0.0
b1386,0.0,0.0,0.0,0.0,0.0,0.0,0.0,0.0,0.0,0.0,0.0,0.0,0.0,0.0,0.0,0.0,0.0,0.0,0.0
b1387,0.0,0.0,0.0,0.0,0.0,0.0,0.0,0.0,0.0,0.0,0.0,0.0,0.0,0.0,0.0,0.0,0.0,0.0,0.0
b1388,0.0,0.0,0.0,0.0,0.0,0.0,0.0,0.0,0.0,0.0,0.0,0.0,0.0,0.0,0.0,0.0,0.0,0.0,0.0
b1389,0.0,0.0,0.0,0.0,0.0,0.0,0.0,0.0,0.0,0.0,0.0,0.0,0.0,0.0,0.0,0.0,0.0,0.0,0.0
b1390,0.0,0.0,0.0,0.0,0.0,0.0,0.0,0.0,0.0,0.0,0.0,0.0,0.0,0.0,0.0,0.0,0.0,0.0,0.0
b1391,0.0,0.0,0.0,0.0,0.0,0.0,0.0,0.0,0.0,0.0,0.0,0.0,0.0,0.0,0.0,0.0,0.0,0.0,0.0
b1392,0.0,0.0,0.0,0.0,0.0,0.0,0.0,0.0,0.0,0.0,0.0,0.0,0.0,0.0,0.0,0.0,0.0,0.0,0.0
b1393,0.0,0.0,0.0,0.0,0.0,0.0,0.0,0.0,0.0,0.0,0.0,0.0,0.0,0.0,0.0,0.0,0.0,0.0,0.0
b1394,0.0,0.0,0.0,0.0,0.0,0.0,0.0,0.0,0.0,0.0,0.0,0.0,0.0,0.0,0.0,0.0,0.0,0.0,0.0
b1395,0.0,0.0,0.0,0.0,0.0,0.0,0.0,0.0,0.0,0.0,0.0,0.0,0.0,0.0,0.0,0.0,0.0,0.0,0.0
b1397,0.0,0.0,0.0,0.0,0.0,0.0,0.0,0.0,0.0,0.0,0.0,0.0,0.0,0.0,0.0,0.0,0.0,0.0,0.0
b1398,0.0,0.0,0.0,0.0,0.0,0.0,0.0,0.0,0.0,0.0,0.0,0.0,0.0,0.0,0.0,0.0,0.0,0.0,0.0
b1415,3.535279887331675e-09,1.9663089426901376e-09,9.886552162560144e-11,3.970582991548222e-10,1.524963377889065e-09,1.0993918662180663e-09,1.1718419170308183e-10,2.519707671211901e-09,1.1261400822666163e-09,1.3664801978014078e-09,3.6421296871491725e-10,1.6255328123158363e-10,5.005067032296074e-10,1.0782247683258005e-09,1.0468599130650252e-09,3.8437861597026927e-10,2.0258076487490926e-10,9.017894201594048e-10,2.7153457951544977e-10
b1440,0.0,0.0,0.0,0.0,0.0,0.0,0.0,0.0,0.0,0.0,0.0,0.0,0.0,0.0,0.0,0.0,0.0,0.0,0.0
b1441,0.0,0.0,0.0,0.0,0.0,0.0,0.0,0.0,0.0,0.0,0.0,0.0,0.0,0.0,0.0,0.0,0.0,0.0,0.0
b1442,0.0,0.0,0.0,0.0,0.0,0.0,0.0,0.0,0.0,0.0,0.0,0.0,0.0,0.0,0.0,0.0,0.0,0.0,0.0
b1443,0.0,0.0,0.0,0.0,0.0,0.0,0.0,0.0,0.0,0.0,0.0,0.0,0.0,0.0,0.0,0.0,0.0,0.0,0.0
b1444,0.0,0.0,0.0,0.0,0.0,8.95869615646652e-06,0.0,0.0,0.0,0.0,0.0,1.2462779991619095e-06,0.0,0.0,0.0,0.0,0.0,0.0,0.0
b1453,0.0,0.0,0.0,0.0,0.0,0.0,0.0,0.0,2.9108454912325607e-07,0.0,0.0,0.0,0.0,0.0,0.0,0.0,0.0,0.0,0.0
b1463,0.0,0.0,0.0,0.0,0.0,0.0,0.0,0.0,0.0,0.0,0.0,0.0,0.0,0.0,0.0,0.0,0.0,0.0,0.0
b1465,0.0,0.0,0.0,0.0,0.0,0.0,0.0,0.0,0.0,0.0,0.0,0.0,0.0,0.0,0.0,0.0,0.0,0.0,0.0
b1466,0.0,0.0,0.0,0.0,0.0,0.0,0.0,0.0,0.0,0.0,0.0,0.0,0.0,0.0,0.0,0.0,0.0,0.0,0.0
b1467,0.0,0.0,0.0,0.0,0.0,0.0,0.0,0.0,0.0,0.0,0.0,0.0,0.0,0.0,0.0,0.0,0.0,0.0,0.0
b1468,0.0,0.0,0.0,0.0,0.0,0.0,0.0,0.0,0.0,0.0,0.0,0.0,0.0,0.0,0.0,0.0,0.0,0.0,0.0
b1469,0.0,0.0,0.0,0.0,0.0,0.0,0.0,0.0,0.0,0.0,0.0,0.0,0.0,0.0,0.0,0.0,0.0,0.0,0.0
b1473,0.0,0.0,0.0,0.0,0.0,0.0,0.0,0.0,0.0,0.0,0.0,0.0,0.0,0.0,0.0,0.0,0.0,0.0,0.0
b1474,2.450167654196832e-07,1.542737471535612e-07,0.0,9.03550446783845e-09,7.772447475361225e-08,0.0,0.0,1.8752430924749354e-07,6.525325439673568e-08,8.39358663792837e-08,5.445620257284469e-09,0.0,1.611723112212e-08,3.645148735292631e-08,5.872747397657497e-08,1.1401245165976354e-08,0.0,1.3365452745527255e-08,2.068312677559916e-08
b1475,2.450167654196832e-07,1.542737471535612e-07,0.0,9.03550446783845e-09,7.772447475361225e-08,0.0,0.0,1.8752430924749354e-07,6.525325439673568e-08,8.39358663792837e-08,5.445620257284469e-09,0.0,1.611723112212e-08,3.645148735292631e-08,5.872747397657497e-08,1.1401245165976354e-08,0.0,1.3365452745527255e-08,2.068312677559916e-08
b1476,2.450167654196832e-07,1.542737471535612e-07,0.0,9.03550446783845e-09,7.772447475361225e-08,0.0,0.0,1.8752430924749354e-07,6.525325439673568e-08,8.39358663792837e-08,5.445620257284469e-09,0.0,1.611723112212e-08,3.645148735292631e-08,5.872747397657497e-08,1.1401245165976354e-08,0.0,1.3365452745527255e-08,2.068312677559916e-08
b1478,0.0,0.0,0.0,0.0,0.0,0.0,0.0,0.0,0.0,0.0,0.0,0.0,0.0,0.0,0.0,0.0,0.0,0.0,0.0
b1479,0.0,0.0,0.0,0.0,0.0,0.0,0.0,0.0,0.0,0.0,0.0,0.0,0.0,0.0,0.0,0.0,0.0,0.0,0.0
b1480,6.794080780130098e-05,4.352461323864055e-05,5.613373250369941e-06,1.3703235012260265e-05,3.591727300116863e-05,2.810771601130748e-05,6.2365249944877455e-06,5.269559775380772e-05,2.862251280846191e-05,3.301978026380425e-05,1.2945844880885755e-05,7.661922952020362e-06,1.608109007840443e-05,2.768698812885513e-05,2.711399866564328e-05,1.3414159292869306e-05,8.795358811342817e-06,2.4309779938038724e-05,1.0637691812602386e-05
b1483,0.0,0.0,0.0,0.0,0.0,0.0,0.0,0.0,0.0,0.0,0.0,0.0,0.0,0.0,0.0,0.0,0.0,0.0,0.0
b1484,0.0,0.0,0.0,0.0,0.0,0.0,0.0,0.0,0.0,0.0,0.0,0.0,0.0,0.0,0.0,0.0,0.0,0.0,0.0
b1485,0.0,0.0,0.0,0.0,0.0,0.0,0.0,0.0,0.0,0.0,0.0,0.0,0.0,0.0,0.0,0.0,0.0,0.0,0.0
b1486,0.0,0.0,0.0,0.0,0.0,0.0,0.0,0.0,0.0,0.0,0.0,0.0,0.0,0.0,0.0,0.0,0.0,0.0,0.0
b1487,0.0,0.0,0.0,0.0,0.0,0.0,0.0,0.0,0.0,0.0,0.0,0.0,0.0,0.0,0.0,0.0,0.0,0.0,0.0
b1488,0.0,0.0,0.0,0.0,0.0,0.0,0.0,0.0,0.0,0.0,0.0,0.0,0.0,0.0,0.0,0.0,0.0,0.0,0.0
b1489,0.0,0.0,0.0,0.0,0.0,0.0,0.0,0.0,0.0,0.0,0.0,0.0,0.0,0.0,0.0,0.0,0.0,0.0,0.0
b1492,5.287646145774918e-06,2.021708112118787e-06,4.383726443996954e-06,8.876566807581992e-07,4.06135317610815e-06,8.250613603151668e-06,5.919018390480037e-06,0.00011874522784989133,0.0001607678872186462,0.00010261263758162369,8.117614958334327e-05,3.583255642654514e-05,0.00012589101792980398,1.2547792657345867e-05,0.0001353014322044973,7.04647926953111e-05,3.9007155625828714e-06,3.879827477682034e-05,1.1505953879389146e-05
b1493,0.0,2.021708112118787e-06,4.383726443996954e-06,8.876566807581992e-07,4.06135317610815e-06,6.871733420527312e-07,5.919018390480037e-06,1.602040490536005e-05,1.8746122503984098e-06,2.106059533351031e-05,6.675106335897917e-07,4.399504904451079e-06,2.9097545102122284e-06,8.951288369051158e-06,1.574024991951116e-06,2.9442909243080913e-06,3.9007155625828714e-06,2.7551867789594623e-07,1.1505953879389146e-05
b1519,0.0,0.0,0.0,0.0,0.0,0.0,0.0,0.0,0.0,0.0,0.0,0.0,0.0,0.0,0.0,0.0,0.0,0.0,0.0
b1521,0.0,0.0,0.0,0.0,0.0,0.0,0.0,0.0,0.0,0.0,0.0,0.0,0.0,0.0,0.0,0.0,0.0,0.0,0.0
b1524,0.0,0.0,0.0,0.0,0.0,0.0,0.0,0.0,0.0,0.0,0.0,0.0,0.0,0.0,0.0,0.0,0.0,0.0,0.0
b1525,0.0,1.257405597663993e-07,2.726467849769192e-07,5.520799330519887e-08,2.525967120138247e-07,6.431559114241657e-07,3.681345893728317e-07,9.963924408322228e-07,1.1659190181663381e-07,1.3098681408929351e-06,4.15159637607829e-08,3.571544052205387e-07,1.809727916229452e-07,5.567272562285798e-07,9.789681427692025e-08,1.8312079113618217e-07,4.6497024515441554e-07,1.7135941918157103e-08,7.156152130806517e-07
b1528,0.0,0.0,0.0,0.0,0.0,0.0,0.0,0.0,0.0,0.0,0.0,0.0,0.0,0.0,0.0,0.0,0.0,0.0,0.0
b1533,0.0,0.0,0.0,0.0,0.0,0.0,0.0,0.0,0.0,0.0,0.0,0.0,0.0,0.0,0.0,0.0,0.0,0.0,0.0
b1539,0.0,0.0,0.0,0.0,0.0,0.0,0.0,0.0,0.0,0.0,0.0,0.0,0.0,0.0,0.0,0.0,0.0,0.0,0.0
b1584,0.0,0.0,0.0,0.0,0.0,0.0,0.0,0.0,0.0,0.0,0.0,0.0,0.0,0.0,0.0,0.0,0.0,0.0,0.0
b1587,0.0,1.8893070899637318e-13,0.0,4.972378647930561e-15,8.382472780716308e-14,0.0,0.0,2.5996644925625045e-13,6.047599652400568e-14,8.569074087921567e-14,2.870183774626537e-15,0.0,9.958181369180218e-15,3.3056323858194464e-14,5.24771517168111e-14,6.17328806337526e-15,0.0,1.1084622100019555e-14,9.412682613756396e-15
b1588,0.0,1.8893070899637318e-13,0.0,4.972378647930561e-15,8.382472780716308e-14,0.0,0.0,2.5996644925625045e-13,6.047599652400568e-14,8.569074087921567e-14,2.870183774626537e-15,0.0,9.958181369180218e-15,3.3056323858194464e-14,5.24771517168111e-14,6.17328806337526e-15,0.0,1.1084622100019555e-14,9.412682613756396e-15
b1589,0.0,1.8893070899637318e-13,0.0,4.972378647930561e-15,8.382472780716308e-14,0.0,0.0,2.5996644925625045e-13,6.047599652400568e-14,8.569074087921567e-14,2.870183774626537e-15,0.0,9.958181369180218e-15,3.3056323858194464e-14,5.24771517168111e-14,6.17328806337526e-15,0.0,1.1084622100019555e-14,9.412682613756396e-15
b1590,0.0,1.8893070899637318e-13,0.0,4.972378647930561e-15,8.382472780716308e-14,0.0,0.0,2.5996644925625045e-13,6.047599652400568e-14,8.569074087921567e-14,2.870183774626537e-15,0.0,9.958181369180218e-15,3.3056323858194464e-14,5.24771517168111e-14,6.17328806337526e-15,0.0,1.1084622100019555e-14,9.412682613756396e-15
b1591,0.0,0.0,0.0,0.0,0.0,0.0,0.0,0.0,0.0,0.0,0.0,0.0,0.0,0.0,0.0,0.0,0.0,0.0,0.0
b1592,0.0,0.0,0.0,0.0,0.0,0.0,0.0,0.0,0.0,0.0,0.0,0.0,0.0,0.0,0.0,0.0,0.0,0.0,0.0
b1599,0.0,0.0,0.0,0.0,0.0,0.0,0.0,0.0,0.0,0.0,0.0,0.0,0.0,0.0,0.0,0.0,0.0,0.0,0.0
b1600,0.0,0.0,0.0,0.0,0.0,0.0,0.0,0.0,0.0,0.0,0.0,0.0,0.0,0.0,0.0,0.0,0.0,0.0,0.0
b1602,2.3385875756248772e-06,2.2245376219482784e-05,6.542010371013697e-06,1.948213010555278e-05,6.0198266739296546e-05,4.4517026087317135e-05,8.841442783116237e-06,4.1880765394601683e-07,2.320419399791185e-05,1.3601911576769194e-05,3.192361498729499e-05,1.860914073490733e-05,2.7073132537530294e-05,4.2489327656874187e-05,2.9044028813948045e-05,2.8804639435714814e-05,2.343186232692943e-06,3.2821373169206076e-05,1.2685051482873194e-05
b1603,2.3385875756248772e-06,2.2245376219482784e-05,6.542010371013697e-06,1.948213010555278e-05,6.0198266739296546e-05,4.4517026087317135e-05,8.841442783116237e-06,4.1880765394601683e-07,2.320419399791185e-05,1.3601911576769194e-05,3.192361498729499e-05,1.860914073490733e-05,2.7073132537530294e-05,4.2489327656874187e-05,2.9044028813948045e-05,2.8804639435714814e-05,2.343186232692943e-06,3.2821373169206076e-05,1.2685051482873194e-05
b1605,0.0,0.0,0.0,0.0,0.0,0.0,0.0,0.0,0.0,0.0,0.0,0.0,0.0,0.0,0.0,1.1349698041386962e-06,0.0,0.0,0.0
b1606,0.0,0.0,0.0,0.0,0.0,0.0,0.0,0.0,0.0,0.0,0.0,0.0,0.0,0.0,0.0,1.1349698041386962e-06,0.0,0.0,0.0
b1611,0.0,0.0,0.0,0.0,0.0,0.0,0.0,0.0,0.0,0.0,0.0,0.0,0.0,0.0,0.0,0.0,0.0,0.0,0.0
b1612,7.202933628631416e-06,1.4695686571063494e-06,1.9559270580603412e-06,3.051130986308088e-06,1.0959968567093348e-05,1.155573147533508e-05,2.684388968179979e-06,1.2737628817434507e-06,8.762157245548759e-06,6.758382291276111e-06,6.239886466680715e-06,4.799202428805998e-06,8.40372993809647e-06,1.05149066350119e-05,7.992737765011271e-06,6.53614816286733e-06,4.17625348241135e-06,1.0095187145915873e-05,3.9380884991049376e-06
b1613,0.0,0.0,0.0,0.0,0.0,0.0,0.0,0.0,0.0,0.0,0.0,0.0,0.0,0.0,0.0,0.0,0.0,0.0,0.0
b1621,1.87413995366799e-05,4.08994735553898e-07,1.9325808540100976e-08,8.289107369616906e-08,3.112518864616196e-07,2.2239613118129115e-07,2.3190603198040255e-08,5.179091965264174e-07,2.3421395371619113e-07,2.8310447335873784e-07,7.522596888349703e-08,3.386797227317488e-08,1.0577795505379276e-07,2.1917070437338936e-07,2.162713296186816e-07,7.946348445686483e-08,4.2040214648383717e-08,1.8756155228347097e-07,5.468075676342984e-08
b1622,6.98227550410245e-07,4.08994735553898e-07,1.9325808540100976e-08,8.289107369616906e-08,3.112518864616196e-07,2.2239613118129115e-07,2.3190603198040255e-08,5.179091965264174e-07,2.3421395371619113e-07,2.8310447335873784e-07,7.522596888349703e-08,3.386797227317488e-08,1.0577795505379276e-07,2.1917070437338936e-07,2.162713296186816e-07,7.946348445686483e-08,4.2040214648383717e-08,1.8756155228347097e-07,5.468075676342984e-08
b1623,0.0,0.0,0.0,0.0,0.0,0.0,0.0,3.436187024047467e-06,0.0,0.0,0.0,0.0,0.0,0.0,0.0,0.0,0.0,0.0,0.0
b1634,0.0,0.0,0.0,0.0,0.0,0.0,0.0,0.0,0.0,0.0,0.0,0.0,0.0,0.0,0.0,0.0,0.0,0.0,0.0
b1636,0.0,0.0,0.0,0.0,0.0,0.0,0.0,0.0,0.0,0.0,0.0,0.0,0.0,0.0,0.0,0.0,0.0,0.0,0.0
b1637,7.103749842332649e-07,3.8669522378125726e-07,1.7784280783668714e-08,1.1482050339554767e-07,3.3066890043133995e-07,2.373790196950392e-07,2.234617858085178e-08,5.209822043603733e-07,2.4676085052508243e-07,2.925099189309391e-07,7.985197173417451e-08,3.561383448882218e-08,1.1488972376676299e-07,2.317815172507757e-07,2.2844658759005942e-07,8.361004697184755e-08,4.090806075459076e-08,1.967386879108815e-07,5.357566712060056e-08
b1638,0.0,0.0,0.0,0.0,0.0,1.835507917909246e-10,0.0,0.0,1.4215135922359068e-10,2.463100975043215e-10,2.4824035544998704e-11,1.6691530013480207e-11,5.2712101917119285e-11,1.5507683317319422e-10,1.1805161242861896e-10,3.313247598589674e-11,1.903328812102284e-11,9.15360921079854e-11,3.407737739815107e-11
b1640,0.0,0.0,0.0,0.0,0.0,0.0,0.0,0.0,0.0,0.0,0.0,0.0,0.0,0.0,0.0,0.0,0.0,0.0,0.0
b1646,0.0,0.0,0.0,0.0,0.0,0.0,0.0,0.0,0.0,0.0,0.0,0.0,0.0,0.0,0.0,0.0,0.0,0.0,0.0
b1651,0.0,0.0,0.0,0.0,0.0,0.0,0.0,0.0,0.0,0.0,0.0,0.0,0.0,0.0,0.0,0.0,0.0,0.0,0.0
b1652,9.061509671926676e-09,4.199875861757159e-09,1.2889031343207448e-10,5.810600236013627e-10,3.117847858236696e-09,2.0353739954734673e-09,1.552760352058286e-10,5.811535315018693e-09,2.0959967116809148e-09,2.669123395899286e-09,5.397348254591406e-10,2.134445858347168e-10,7.790395439980885e-10,1.9843020687182507e-09,1.9126624627683982e-09,5.747765075446082e-10,2.7600902769118286e-10,1.5892015273277434e-09,3.885795839443711e-10
b1654,7.615606513032001e-10,3.746234144853518e-10,1.1042777713878574e-11,6.104794178247422e-11,2.8035231740859773e-10,1.8796873573852518e-10,1.3473068159211802e-11,5.114710453530615e-10,1.9273415132311077e-10,2.420514846212832e-10,5.075676045451499e-11,2.0313184408815133e-11,7.440022987934136e-11,1.8365123235191646e-10,1.768390681876759e-10,5.401852720585899e-11,2.5891003997141123e-11,1.4995873222330222e-10,3.559785575241783e-11
b1656,0.0,0.0,0.0,0.0,0.0,0.0,0.0,0.0,0.0,0.0,0.0,0.0,0.0,0.0,0.0,0.0,0.0,0.0,0.0
b1661,0.0,0.0,0.0,0.0,0.0,0.0,0.0,0.0,0.0,0.0,0.0,0.0,0.0,0.0,0.0,0.0,0.0,0.0,0.0
b1662,1.036646105707469e-08,4.662749265639621e-09,1.500275774724096e-10,6.052950479399346e-10,2.8886370357115364e-09,2.1848665647453272e-09,1.8587809222833583e-10,7.384801185025387e-09,2.8371572170072934e-09,3.475865828832259e-09,6.09680092324015e-10,2.7788966608361737e-10,1.0352295175478428e-09,2.078273233170367e-09,2.3540766417587697e-09,6.936573387059039e-10,5.349596178192154e-10,2.1433503564292946e-09,4.730671919796798e-10
b1676,5.918999778654745e-06,9.114157549376405e-06,1.6641131166791754e-06,3.904170997343312e-06,1.271880315910392e-05,1.0502246886657211e-05,2.271492814274788e-06,1.0621022629412413e-05,9.734059614000904e-06,4.842261572026759e-06,6.037128925595484e-06,4.216580481130509e-06,7.142481449031522e-06,8.666329524962325e-06,7.571269784659024e-06,6.280266676410693e-06,3.5173725881337275e-06,8.435488420259633e-06,4.001143819223802e-06
b1677,0.0026671754999999997,0.001989141,0.00044602799999999995,0.0008938545,0.0017517389999999998,0.0014873594999999997,0.000485595,0.002251722,0.0015053444999999998,0.001658217,0.0008560859999999999,0.0005719229999999999,0.001003563,0.0014729714999999997,0.0014513895,0.0008794664999999999,0.0006384674999999999,0.0013470765,0.0007391835
b1679,0.0,0.0,0.0,0.0,0.0,0.0,0.0,0.0,0.0,0.0,0.0,0.0,0.0,0.0,0.0,0.0,0.0,0.0,0.0
b1680,0.0,0.0,0.0,0.0,0.0,0.0,0.0,0.0,0.0,0.0,0.0,0.0,0.0,0.0,0.0,0.0,0.0,0.0,0.0
b1681,0.0,0.0,0.0,0.0,0.0,0.0,0.0,0.0,0.0,0.0,0.0,0.0,0.0,0.0,0.0,0.0,0.0,0.0,0.0
b1682,0.0,0.0,0.0,0.0,0.0,0.0,0.0,0.0,0.0,0.0,0.0,0.0,0.0,0.0,0.0,0.0,0.0,0.0,0.0
b1683,0.0,0.0,0.0,0.0,0.0,0.0,0.0,0.0,0.0,0.0,0.0,0.0,0.0,0.0,0.0,0.0,0.0,0.0,0.0
b1684,0.0,0.0,0.0,0.0,0.0,0.0,0.0,0.0,0.0,0.0,0.0,0.0,0.0,0.0,0.0,0.0,0.0,0.0,0.0
b1692,2.3085967600096672e-05,1.3378143988743784e-05,6.299394873794342e-07,3.4485808308279595e-06,1.0942383762483022e-05,7.886806702052677e-06,7.756832205682821e-07,1.7175459387536753e-05,8.06943705487255e-06,9.612421524072687e-06,2.6645231324741535e-06,1.2006880123775329e-06,3.770966429790008e-06,7.718810665622256e-06,7.511630601517513e-06,2.8032850954062473e-06,1.4514411642492789e-06,6.628401326239139e-06,1.8742668603926799e-06
b1693,2.3085967600096672e-05,1.3378143988743784e-05,6.299394873794342e-07,3.4485808308279595e-06,1.0942383762483022e-05,7.886806702052677e-06,7.756832205682821e-07,1.7175459387536753e-05,8.06943705487255e-06,9.612421524072687e-06,2.6645231324741535e-06,1.2006880123775329e-06,3.770966429790008e-06,7.718810665622256e-06,7.511630601517513e-06,2.8032850954062473e-06,1.4514411642492789e-06,6.628401326239139e-06,1.8742668603926799e-06
b1701,0.0,0.0,0.0,0.0,0.0,0.0,0.0,0.0,0.0,0.0,0.0,0.0,0.0,0.0,0.0,0.0,0.0,0.0,0.0
b1702,0.0,0.0,0.0,0.0,0.0,0.0,0.0,0.0,0.0,0.0,0.0,0.0,0.0,0.0,0.0,0.0,0.0,0.0,0.0
b1704,2.55913882321935e-07,2.1813835810029327e-07,0.0,0.0,1.3823331572551807e-07,1.0231716401650838e-07,0.0,2.1146271241978496e-07,9.382806623880289e-08,1.1577132312823112e-07,3.554249785569506e-08,0.0,4.504652782937714e-08,1.0165041493871691e-07,9.085670411577532e-08,3.8512314591928734e-08,0.0,9.372498555043844e-08,3.225029747731233e-08
b1709,0.0,0.0,0.0,0.0,0.0,0.0,0.0,0.0,0.0,0.0,0.0,0.0,0.0,0.0,0.0,0.0,0.0,0.0,0.0
b1710,0.0,0.0,0.0,0.0,0.0,0.0,0.0,0.0,0.0,0.0,0.0,0.0,0.0,0.0,0.0,0.0,0.0,0.0,0.0
b1711,0.0,0.0,0.0,0.0,0.0,0.0,0.0,0.0,0.0,0.0,0.0,0.0,0.0,0.0,0.0,0.0,0.0,0.0,0.0
b1713,9.076327849046988e-07,5.259403597271218e-07,2.0846392455298747e-08,1.3271426259391e-07,4.333715167232503e-07,3.0815373994542517e-07,2.645134647436369e-08,6.780280382602144e-07,3.144887885420124e-07,3.753491980449198e-07,1.0142129574743103e-07,4.496041031031522e-08,1.4755221834607e-07,3.0043918044416015e-07,2.921773363586332e-07,1.061689612963159e-07,5.3985920196214116e-08,2.596733194338497e-07,6.852813905098425e-08
b1714,9.076327849046988e-07,5.259403597271218e-07,2.0846392455298747e-08,1.3271426259391e-07,4.333715167232503e-07,3.0815373994542517e-07,2.645134647436369e-08,6.780280382602144e-07,3.144887885420124e-07,3.753491980449198e-07,1.0142129574743103e-07,4.496041031031522e-08,1.4755221834607e-07,3.0043918044416015e-07,2.921773363586332e-07,1.061689612963159e-07,5.3985920196214116e-08,2.596733194338497e-07,6.852813905098425e-08
b1716,6.794080780130098e-05,4.352461323864055e-05,5.613373250369941e-06,1.3703235012260265e-05,3.591727300116863e-05,2.810771601130748e-05,6.2365249944877455e-06,5.269559775380772e-05,2.862251280846191e-05,3.301978026380425e-05,1.2945844880885755e-05,7.661922952020362e-06,1.608109007840443e-05,2.768698812885513e-05,2.711399866564328e-05,1.3414159292869306e-05,8.795358811342817e-06,2.4309779938038724e-05,1.0637691812602386e-05
b1717,6.794080780130098e-05,4.352461323864055e-05,5.613373250369941e-06,1.3703235012260265e-05,3.591727300116863e-05,2.810771601130748e-05,6.2365249944877455e-06,5.269559775380772e-05,2.862251280846191e-05,3.301978026380425e-05,1.2945844880885755e-05,7.661922952020362e-06,1.608109007840443e-05,2.768698812885513e-05,2.711399866564328e-05,1.3414159292869306e-05,8.795358811342817e-06,2.4309779938038724e-05,1.0637691812602386e-05
b1718,5.551614348385218e-08,3.064132673175286e-08,1.7537725286482648e-09,6.134805196349227e-09,2.394787825641486e-08,1.749270455452548e-08,2.0372075310466815e-09,3.9407877534984397e-08,1.7789407102470028e-08,2.1610930246084682e-08,5.896730150687611e-09,2.684040404094069e-09,7.899593773466143e-09,1.7197074033092924e-08,1.6596344673792633e-08,6.251951090138745e-09,3.3490338819159855e-09,1.420095894458548e-08,4.559444062510941e-09
b1719,1.3651329744732066e-06,8.116004561828394e-07,3.9971031175585894e-08,1.7710442772846306e-07,6.223903448874883e-07,4.5103291915936537e-07,4.765391040002271e-08,9.90174721148368e-07,4.570047075635034e-07,5.480938614665354e-07,1.516001687894798e-07,6.828244400952472e-08,2.0828645793966614e-07,4.401364539182203e-07,4.2560214311537864e-07,1.5922389418509037e-07,8.364672388758363e-08,3.6949151156667344e-07,1.1090356961646263e-07
b1723,0.0,0.0,0.0,0.0,0.0,0.0,0.0,0.0,0.0,0.0,0.0,0.0,0.0,0.0,0.0,0.0,0.0,0.0,0.0
b1732,0.0,0.0,0.0,0.0,0.0,0.0,0.0,0.0,0.0,0.0,1.4002687481362259e-07,2.8723093334943096e-07,0.0,7.044216738986654e-07,0.0,4.5158106763004e-07,6.460767757792765e-07,3.0419394906331206e-06,2.5652498172159152e-08
b1734,0.0,0.0,0.0,0.0,0.0,0.0,0.0,0.0,0.0,0.0,0.0,0.0,0.0,0.0,0.0,0.0,0.0,0.0,0.0
b1740,7.049898187612992e-05,3.90976561682869e-05,1.9500976916422314e-06,7.860935141894038e-06,3.0300164067709564e-05,2.18132342724682e-05,2.3120778373584714e-06,5.0169351230910906e-05,2.234590467181285e-05,2.713280152071548e-05,7.2025410487287345e-06,3.2096648116913253e-06,9.907498763884037e-06,2.1391245017621967e-05,2.0766956457786694e-05,7.602192735075657e-06,4.001074697694927e-06,1.7882256254257837e-05,5.365080104433087e-06
b1744,0.0,0.0,0.0,0.0,0.0,0.0,0.0,0.0,0.0,0.0,0.0,0.0,0.0,0.0,0.0,1.2629406895060674e-06,0.0,0.0,0.0
b1745,0.0,0.0,0.0,0.0,0.0,0.0,0.0,0.0,0.0,0.0,0.0,0.0,0.0,0.0,0.0,9.934318349772073e-07,0.0,0.0,0.0
b1746,0.0,0.0,0.0,0.0,0.0,0.0,0.0,0.0,0.0,0.0,0.0,0.0,0.0,0.0,0.0,9.405234784760361e-07,0.0,0.0,0.0
b1747,0.0,0.0,0.0,0.0,0.0,0.0,0.0,0.0,0.0,0.0,0.0,0.0,0.0,0.0,0.0,1.1968816321418253e-06,0.0,0.0,0.0
b1748,0.0,0.0,0.0,0.0,0.0,0.0,0.0,0.0,0.0,0.0,0.0,0.0,0.0,0.0,0.0,1.293979114699553e-06,0.0,0.0,0.0
b1759,0.0,0.0,0.0,0.0,0.0,0.0,0.0,0.0,0.0,0.0,0.0,0.0,0.0,0.0,0.0,0.0,0.0,0.0,0.0
b1761,2.670002005505862e-06,1.3478004050436308e-06,7.574715351180626e-08,2.9090664991366985e-07,1.1139377744673342e-06,3.4028036745420946e-06,3.5164770611895587e-07,1.721553247763743e-06,3.4001168044448117e-07,1.0482786577157157e-06,2.3265741770363352e-07,4.797943361790123e-07,0.0,3.6502959309374797e-08,3.436297844715172e-06,1.0735011186248715e-07,5.973316892753424e-07,5.707294029898104e-07,1.982116780131016e-07
b1764,5.046664765519312e-09,2.369816171553317e-09,0.0,6.237007945160713e-11,1.0514394223613667e-09,0.0,0.0,3.2608393774703065e-09,7.585690823620528e-10,1.0748454000236061e-09,3.600160058982513e-11,0.0,1.2490854119643013e-10,4.146356686395371e-10,6.582371041541117e-10,7.743345675225613e-11,0.0,1.3903783481111004e-10,1.1806618201071198e-10
b1767,0.0,0.0,0.0,0.0,0.0,0.0,0.0,0.0,0.0,0.0,0.0,0.0,0.0,0.0,0.0,0.0,0.0,0.0,0.0
b1768,0.0,0.0,0.0,0.0,0.0,0.0,0.0,0.0,0.0,0.0,0.0,0.0,0.0,0.0,0.0,0.0,0.0,0.0,0.0
b1773,0.0,0.0,0.0,0.0,0.0,0.0,0.0,0.0,0.0,0.0,0.0,0.0,0.0,0.0,0.0,0.0,0.0,0.0,0.0
b1778,0.0,8.42488253221878e-05,4.788570541185973e-05,9.342012863190433e-05,0.0002785171078573991,0.00027223750249679373,6.519756037860377e-05,1.2227266980000094e-05,0.00015770221490556534,0.0001437987731982506,0.0001717884278418581,0.0001234552732345563,0.00019068099858546075,0.0002648709534785608,0.00019896722396944386,0.00016731361061669486,5.7734404217081634e-05,0.00019490678165293992,9.551276705903379e-05
b1779,5.7411891179470805e-05,3.700278492874831e-05,6.15907759744192e-06,1.5201290338209818e-05,5.020195575653801e-05,3.678784327941658e-05,7.412765065325726e-06,4.370715177097824e-05,3.407412596249441e-05,3.374268900993629e-05,2.201885901440895e-05,1.4865448895267607e-05,2.5650083775333526e-05,3.467372267967066e-05,3.0775668540440166e-05,2.2599919784301483e-05,1.1425473601807224e-05,3.2084307807930084e-05,1.4565335776660368e-05
b1781,0.0,0.0,0.0,0.0,0.0,0.0,0.0,0.0,0.0,0.0,0.0,0.0,0.0,0.0,0.0,0.0,0.0,0.0,0.0
b1800,0.0,0.0,0.0,0.0,0.0,0.0,0.0,0.0,0.0,0.0,0.0,0.0,0.0,0.0,0.0,0.0,0.0,0.0,0.0
b1801,0.0,0.0,0.0,0.0,0.0,0.0,0.0,0.0,0.0,0.0,0.0,0.0,0.0,0.0,0.0,0.0,0.0,0.0,0.0
b1804,0.0,0.0,0.0,0.0,0.0,0.0,0.0,0.0,0.0,0.0,0.0,0.0,0.0,0.0,0.0,0.0,0.0,0.0,0.0
b1805,0.0,0.0,0.0,0.0,0.0,0.0,0.0,0.0,0.0,0.0,0.0,0.0,0.0,0.0,0.0,0.0,0.0,0.0,0.0
b1812,1.9717728766989535e-09,1.096692415867911e-09,5.51414202537695e-11,2.2145595531125377e-10,8.505356074509794e-10,6.131766456285821e-10,6.535850573133124e-11,1.4053459419462915e-09,6.280952400780932e-10,7.621429353376268e-10,2.0313674615338966e-10,9.066273708607875e-11,2.791534400347081e-10,6.013708732901711e-10,5.838773868178841e-10,2.1438396775009132e-10,1.1298773230166006e-10,5.029655291328197e-10,1.5144614741621682e-10
b1814,0.0,0.0,0.0,0.0,0.0,0.0,0.0,0.0,0.0,0.0,1.511755079706293e-06,0.0,0.0,0.0,0.0,0.0,0.0,9.09647762831825e-06,0.0
b1817,0.0,0.0,0.0,0.0,0.0,0.0,0.0,0.0,0.0,0.0,0.0,0.0,0.0,0.0,0.0,0.0,0.0,0.0,0.0
b1818,0.0,0.0,0.0,0.0,0.0,0.0,0.0,0.0,0.0,0.0,0.0,0.0,0.0,0.0,0.0,0.0,0.0,0.0,0.0
b1819,0.0,0.0,0.0,0.0,0.0,0.0,0.0,0.0,0.0,0.0,0.0,0.0,0.0,0.0,0.0,0.0,0.0,0.0,0.0
b1822,4.3058212807405667e-10,2.0571889846981373e-10,5.949216094409162e-12,2.91047341927066e-11,1.4950181155187272e-10,9.933795359551822e-11,7.195990378255084e-12,2.8194396746909064e-10,1.0238052658411366e-10,1.3010357864627133e-10,2.6334282749152195e-11,1.0412356832232792e-11,3.834721480234899e-11,9.690445845099285e-11,9.350853385971842e-11,2.803215339407301e-11,1.3343386230883319e-11,7.781207339141447e-11,1.8684151004186224e-11
b1835,2.1529106403702833e-10,1.0285944923490687e-10,2.974608047204581e-12,1.45523670963533e-11,7.475090577593636e-11,4.966897679775911e-11,3.597995189127542e-12,1.4097198373454532e-10,5.119026329205683e-11,6.505178932313567e-11,1.3167141374576097e-11,5.206178416116396e-12,1.9173607401174495e-11,4.8452229225496426e-11,4.675426692985921e-11,1.4016076697036505e-11,6.6716931154416594e-12,3.890603669570724e-11,9.342075502093112e-12
b1849,2.4917382456296508e-06,1.439528372917339e-06,5.641383872891952e-08,0.0,1.090374323235514e-06,8.054671489958164e-07,1.0048391258271445e-07,1.8069909400766346e-06,8.179076131311121e-07,1.9230425426883894e-05,2.7795384480239277e-07,7.28627965573523e-08,3.658416158815731e-07,7.955209998152766e-07,7.655707912086379e-07,1.334254597390999e-07,1.648543081966972e-07,6.634458136925481e-07,2.2166577246035056e-07
b1850,0.0,0.0,0.0,0.0,0.0,0.0,0.0,0.0,0.0,0.0,0.0,0.0,0.0,0.0,0.0,0.0,0.0,0.0,0.0
b1851,0.0,0.0,0.0,0.0,0.0,0.0,0.0,0.0,0.0,0.0,0.0,0.0,0.0,0.0,0.0,0.0,0.0,0.0,0.0
b1852,9.355930543395922e-07,1.4153233870813048e-07,0.0,1.3330325690784572e-08,0.0,0.0,0.0,0.0,0.0,0.0,0.0,0.0,0.0,0.0,0.0,0.0,0.0,0.0,0.0
b1854,0.0,0.0,0.0,0.0,0.0,0.0,0.0,0.0,0.0,0.0,0.0,0.0,0.0,0.0,0.0,0.0,0.0,0.0,0.0
b1855,0.0,0.0,0.0,0.0,0.0,0.0,0.0,0.0,0.0,0.0,0.0,0.0,0.0,0.0,0.0,0.0,0.0,0.0,0.0
b1857,0.0,0.0,0.0,0.0,0.0,0.0,0.0,0.0,0.0,0.0,0.0,0.0,0.0,0.0,0.0,0.0,0.0,0.0,0.0
b1858,0.0,0.0,0.0,0.0,0.0,0.0,0.0,0.0,0.0,0.0,0.0,0.0,0.0,0.0,0.0,0.0,0.0,0.0,0.0
b1859,0.0,0.0,0.0,0.0,0.0,0.0,0.0,0.0,0.0,0.0,0.0,0.0,0.0,0.0,0.0,0.0,0.0,0.0,0.0
b1865,0.0,0.0,0.0,0.0,0.0,0.0,0.0,0.0,0.0,0.0,0.0,0.0,0.0,0.0,0.0,0.0,0.0,0.0,0.0
b1866,1.5333809052112501e-06,8.889610347001258e-07,4.615810877563787e-08,2.0640587640889012e-07,6.830518220882246e-07,5.004260689439342e-07,5.467532144049889e-08,1.1057977523839985e-06,5.043309127890492e-07,6.127904888202598e-07,1.679924354808996e-07,7.605409511154573e-08,2.2908684424062574e-07,4.935416588255519e-07,4.7247231725402495e-07,1.7642943761147528e-07,9.224976733893934e-08,4.0748232793559174e-07,1.2427498949953027e-07
b1870,2.559475221555002e-10,1.1865195738852576e-10,3.212050972356034e-12,1.5387563446561748e-11,8.770526225837845e-11,5.720729362549225e-11,3.945580782746181e-12,1.680299857316729e-10,5.98473244823674e-11,7.595655024913101e-11,1.4892015606205147e-11,5.779764430035999e-12,2.206674718487757e-11,5.5499158274790156e-11,5.4201380852511286e-11,1.577017229132792e-11,7.341579005283142e-12,4.473219167306018e-11,1.032611298749345e-11
b1871,2.559475221555002e-10,1.1865195738852576e-10,3.212050972356034e-12,1.5387563446561748e-11,8.770526225837845e-11,5.720729362549225e-11,3.945580782746181e-12,1.680299857316729e-10,5.98473244823674e-11,7.595655024913101e-11,1.4892015606205147e-11,5.779764430035999e-12,2.206674718487757e-11,5.5499158274790156e-11,5.4201380852511286e-11,1.577017229132792e-11,7.341579005283142e-12,4.473219167306018e-11,1.032611298749345e-11
b1872,0.0,0.0,0.0,0.0,0.0,0.0,0.0,0.0,0.0,0.0,0.0,0.0,0.0,0.0,0.0,0.0,0.0,0.0,0.0
b1873,0.0,0.0,0.0,0.0,0.0,0.0,0.0,0.0,0.0,0.0,0.0,0.0,0.0,0.0,0.0,0.0,0.0,0.0,0.0
b1876,7.34437336245103e-07,4.204566967524175e-07,2.7780737860404178e-08,7.751478481775242e-08,3.125608394686075e-07,2.3451058737736052e-07,3.1517825595919295e-08,5.25466543239195e-07,2.3569502830636995e-07,2.892025750538367e-07,8.159062147076338e-08,3.800204261983008e-08,1.042315363935478e-07,2.3252620522623885e-07,2.2166653628858847e-07,8.744507512810211e-08,4.9991589715205524e-08,1.9195372476462485e-07,6.78185004117347e-08
b1896,0.0,0.0,0.0,0.0,0.0,0.0,0.0,0.0,0.0,0.0,0.0,0.0,0.0,0.0,0.0,0.0,0.0,0.0,0.0
b1897,0.0,0.0,0.0,0.0,0.0,0.0,0.0,0.0,0.0,0.0,0.0,0.0,0.0,0.0,0.0,0.0,0.0,0.0,0.0
b4460,0.0,0.0,0.0,0.0,0.0,0.0,0.0,0.0,0.0,0.0,0.0,0.0,0.0,0.0,0.0,0.0,0.0,0.0,0.0
b1900,0.0,0.0,0.0,0.0,0.0,0.0,0.0,0.0,0.0,0.0,0.0,0.0,0.0,0.0,0.0,0.0,0.0,0.0,0.0
b1901,0.0,0.0,0.0,0.0,0.0,0.0,0.0,0.0,0.0,0.0,0.0,0.0,0.0,0.0,0.0,0.0,0.0,0.0,0.0
b1907,0.0,0.0,0.0,0.0,0.0,0.0,0.0,0.0,0.0,0.0,0.0,0.0,0.0,0.0,0.0,0.0,0.0,0.0,0.0
b1912,2.7113496646910847e-08,1.504634893644797e-08,7.536925754635816e-10,3.0662005146652552e-09,1.1696754915692003e-08,8.427392040394109e-09,8.936167806836449e-10,1.9290355025228688e-08,8.625797434512194e-09,1.0465154751363867e-08,2.7847913703878455e-09,1.2413631512161337e-09,3.834383301631172e-09,8.265465229715416e-09,8.019574226894886e-09,2.9386076813848687e-09,1.5464787059241815e-09,6.908876373017018e-09,2.073153073022286e-09
b1919,0.0,0.0,0.0,0.0,0.0,0.0,0.0,0.0,0.0,0.0,0.0,0.0,0.0,0.0,0.0,0.0,0.0,0.0,0.0
b1922,1.0604446839605243e-08,5.38629468251185e-09,3.426931029664923e-10,1.076027276311149e-09,4.073695095271236e-09,2.883409711234074e-09,3.8983962122765507e-10,7.142251581831308e-09,2.959988362315132e-09,3.627580355204868e-09,9.945755005747711e-10,5.031984151572182e-10,1.3310521958127941e-09,2.823627180072025e-09,2.7429096210085163e-09,1.043284968237273e-09,6.020107050980663e-10,2.3505687564549896e-09,7.695499451632762e-10
b1927,0.0,0.0,0.0,0.0,0.0,0.0,0.0,0.0,0.0,0.0,0.0,0.0,0.0,0.0,0.0,0.0,0.0,0.0,0.0
b1981,0.0,0.0,0.0,0.0,0.0,0.0,0.0,0.0,0.0,0.0,0.0,0.0,0.0,0.0,0.0,0.0,0.0,0.0,0.0
b1982,0.0,0.0,0.0,0.0,0.0,0.0,0.0,0.0,0.0,0.0,0.0,0.0,0.0,0.0,0.0,0.0,0.0,0.0,0.0
b1991,0.0,0.0,0.0,0.0,0.0,0.0,0.0,0.0,0.0,0.0,0.0,0.0,0.0,0.0,0.0,0.0,0.0,0.0,0.0
b1992,0.0,0.0,0.0,0.0,0.0,0.0,0.0,0.0,0.0,0.0,0.0,0.0,0.0,0.0,0.0,0.0,0.0,0.0,0.0
b1993,0.0,0.0,0.0,0.0,0.0,0.0,0.0,0.0,0.0,0.0,0.0,0.0,0.0,0.0,0.0,0.0,0.0,0.0,0.0
b2010,0.0,0.0,0.0,0.0,0.0,0.0,0.0,0.0,0.0,0.0,0.0,0.0,0.0,0.0,0.0,0.0,0.0,0.0,0.0
b2019,7.464669919117885e-05,4.152136127278578e-05,2.3771225477878984e-06,6.967556391811141e-06,3.274075177061209e-05,2.38970350485992e-05,2.8062087664041153e-06,5.474981904554073e-05,2.4397130296249878e-05,2.9925051678712625e-05,8.11024377870068e-06,3.644564334289307e-06,1.0877421046717793e-05,2.3421730458158083e-05,2.2840016602629358e-05,8.523414237801819e-06,4.547349894071267e-06,1.9424590300257204e-05,6.156990612381626e-06
b2020,6.196808592753714e-05,3.44690295895141e-05,1.973372378118682e-06,5.784128941681806e-06,2.717979148491553e-05,1.983816481305254e-05,2.3295790416904028e-06,4.545065659825055e-05,2.025331974440458e-05,2.484233320301444e-05,6.732732844417422e-06,3.0255413606066816e-06,9.029909820482233e-06,1.9443589888489922e-05,1.8960679129203423e-05,7.0757270128095975e-06,3.774990348289706e-06,1.6125357100529196e-05,5.111236363525516e-06
b2021,3.758789202388142e-05,2.090782929609397e-05,1.1969856218953108e-06,3.5084707048459915e-06,1.6486406708789887e-05,1.2033206864206574e-05,1.4130493812984577e-06,2.7568938866810882e-05,1.2285026788918946e-05,1.5068578028182173e-05,4.083863998599706e-06,1.835198235899281e-06,5.477259305936454e-06,1.1793870124370299e-05,1.1500951645357452e-05,4.291913473960653e-06,2.289790421615293e-06,9.781134473799787e-06,3.1003152294455426e-06
b2022,1.793151361654066e-05,9.974196623663248e-06,5.710286696626186e-07,1.6737355257168645e-06,7.8649323084856e-06,5.740508475417542e-06,6.741030916418275e-07,1.3151916110903746e-05,5.860640575563707e-06,7.1885492254415685e-06,1.9482301069840346e-06,8.754915581637666e-07,2.6129571129799583e-06,5.626331548268078e-06,5.4865931534781265e-06,2.047481270044168e-06,1.0923572968160057e-06,4.666144775842231e-06,1.4790226788203493e-06
b2023,3.962459311897706e-05,2.2040720674955343e-05,1.2618443249419995e-06,3.6985772988026515e-06,1.7379723167628568e-05,1.2685226551351326e-05,1.489615505849584e-06,2.9062762674354647e-05,1.2950691346494387e-05,1.5885069395988425e-05,4.30514829602413e-06,1.9346385092298224e-06,5.774044771304821e-06,1.2432921342844036e-05,1.2124131066961066e-05,4.524470938660125e-06,2.4138627866279506e-06,1.0311125548622732e-05,3.268305906308762e-06
b2024,7.464669919117885e-05,4.152136127278578e-05,2.3771225477878984e-06,6.967556391811141e-06,3.274075177061209e-05,2.38970350485992e-05,2.8062087664041153e-06,5.474981904554073e-05,2.4397130296249878e-05,2.9925051678712625e-05,8.11024377870068e-06,3.644564334289307e-06,1.0877421046717793e-05,2.3421730458158083e-05,2.2840016602629358e-05,8.523414237801819e-06,4.547349894071267e-06,1.9424590300257204e-05,6.156990612381626e-06
b2025,3.962459311897706e-05,2.2040720674955343e-05,1.2618443249419995e-06,3.6985772988026515e-06,1.7379723167628568e-05,1.2685226551351326e-05,1.489615505849584e-06,2.9062762674354647e-05,1.2950691346494387e-05,1.5885069395988425e-05,4.30514829602413e-06,1.9346385092298224e-06,5.774044771304821e-06,1.2432921342844036e-05,1.2124131066961066e-05,4.524470938660125e-06,2.4138627866279506e-06,1.0311125548622732e-05,3.268305906308762e-06
b2026,4.4826009017674324e-05,2.493394798440002e-05,1.4274833035865747e-06,4.184079792337139e-06,1.966111361945295e-05,1.4350382805818345e-05,1.6851534070668271e-06,3.287775492880019e-05,1.465069446492429e-05,1.7970260586724785e-05,4.870273765601885e-06,2.1885934071369174e-06,6.531988409566968e-06,1.4064958157600634e-05,1.3715633796092652e-05,5.118386313459766e-06,2.73072419231964e-06,1.16646398219689e-05,3.697327808233074e-06
b2027,0.0,0.0,0.0,0.0,0.0,0.0,0.0,0.0,0.0,0.0,0.0,0.0,0.0,0.0,0.0,0.0,0.0,0.0,0.0
b2028,0.0,0.0,0.0,0.0,0.0,0.0,0.0,0.0,0.0,0.0,0.0,0.0,0.0,0.0,0.0,0.0,0.0,0.0,0.0
b2029,7.970023740390774e-06,1.2056695956695208e-06,0.0,1.135568629222968e-07,0.0,0.0,0.0,0.0,0.0,0.0,0.0,0.0,0.0,0.0,0.0,0.0,0.0,0.0,0.0
b2032,0.0,0.0,0.0,0.0,0.0,0.0,0.0,0.0,0.0,0.0,0.0,0.0,0.0,0.0,0.0,0.0,0.0,0.0,0.0
b2033,0.0,0.0,0.0,0.0,0.0,0.0,0.0,0.0,0.0,0.0,0.0,0.0,0.0,0.0,0.0,0.0,0.0,0.0,0.0
b2034,0.0,0.0,0.0,0.0,0.0,0.0,0.0,0.0,0.0,0.0,0.0,0.0,0.0,0.0,0.0,0.0,0.0,0.0,0.0
b2035,0.0,0.0,0.0,0.0,0.0,0.0,0.0,0.0,0.0,0.0,0.0,0.0,0.0,0.0,0.0,0.0,0.0,0.0,0.0
b2036,0.0,0.0,0.0,0.0,0.0,0.0,0.0,0.0,0.0,0.0,0.0,0.0,0.0,0.0,0.0,0.0,0.0,0.0,0.0
b2037,0.0,0.0,0.0,0.0,0.0,0.0,0.0,0.0,0.0,0.0,0.0,0.0,0.0,0.0,0.0,0.0,0.0,0.0,0.0
b2038,0.0,0.0,0.0,0.0,0.0,0.0,0.0,0.0,0.0,0.0,0.0,0.0,0.0,0.0,0.0,0.0,0.0,0.0,0.0
b2039,0.0,0.0,0.0,0.0,0.0,0.0,0.0,0.0,0.0,0.0,0.0,0.0,0.0,0.0,0.0,0.0,0.0,0.0,0.0
b2040,0.0,0.0,0.0,0.0,0.0,0.0,0.0,0.0,0.0,0.0,0.0,0.0,0.0,0.0,0.0,0.0,0.0,0.0,0.0
b2041,0.0,0.0,0.0,0.0,0.0,0.0,0.0,0.0,0.0,0.0,0.0,0.0,0.0,0.0,0.0,0.0,0.0,0.0,0.0
b2045,0.0,0.0,0.0,0.0,0.0,0.0,0.0,0.0,0.0,0.0,0.0,0.0,0.0,0.0,0.0,0.0,0.0,0.0,0.0
b2048,0.0,0.0,0.0,0.0,0.0,0.0,0.0,0.0,0.0,0.0,0.0,0.0,0.0,0.0,0.0,0.0,0.0,0.0,0.0
b2049,0.0,0.0,0.0,0.0,0.0,0.0,0.0,0.0,0.0,0.0,0.0,0.0,0.0,0.0,0.0,0.0,0.0,0.0,0.0
b2051,0.0,0.0,0.0,0.0,0.0,0.0,0.0,0.0,0.0,0.0,0.0,0.0,0.0,0.0,0.0,0.0,0.0,0.0,0.0
b2052,0.0,0.0,0.0,0.0,0.0,0.0,0.0,0.0,0.0,0.0,0.0,0.0,0.0,0.0,0.0,0.0,0.0,0.0,0.0
b2053,0.0,0.0,0.0,0.0,0.0,0.0,0.0,0.0,0.0,0.0,0.0,0.0,0.0,0.0,0.0,0.0,0.0,0.0,0.0
b2065,0.0,0.0,0.0,0.0,0.0,0.0,0.0,0.0,0.0,0.0,0.0,0.0,0.0,0.0,0.0,0.0,0.0,0.0,0.0
b2066,0.0,0.0,0.0,1.8570643467585349e-07,9.023135046907903e-07,0.0,0.0,0.0,0.0,0.0,0.0,0.0,0.0,0.0,0.0,0.0,0.0,0.0,0.0
b2091,0.0,0.0,0.0,0.0,0.0,0.0,0.0,0.0,0.0,0.0,0.0,0.0,0.0,0.0,0.0,0.0,0.0,0.0,0.0
b2092,0.0,0.0,0.0,0.0,0.0,0.0,0.0,0.0,0.0,0.0,0.0,0.0,0.0,0.0,0.0,0.0,0.0,0.0,0.0
b2093,0.0,0.0,0.0,0.0,0.0,0.0,0.0,0.0,0.0,0.0,0.0,0.0,0.0,0.0,0.0,0.0,0.0,0.0,0.0
b2094,0.0,0.0,0.0,0.0,0.0,0.0,0.0,0.0,0.0,0.0,0.0,0.0,0.0,0.0,0.0,0.0,0.0,0.0,0.0
b2095,0.0,0.0,0.0,0.0,0.0,0.0,0.0,0.0,0.0,0.0,0.0,0.0,0.0,0.0,0.0,0.0,0.0,0.0,0.0
b2096,0.0,0.0,0.0,0.0,0.0,0.0,0.0,0.0,0.0,0.0,0.0,0.0,0.0,0.0,0.0,0.0,0.0,0.0,0.0
b2097,0.0,0.0,0.0,0.0,0.0,0.0,0.0,0.0,0.0,0.0,0.0,0.0,0.0,0.0,0.0,0.0,0.0,0.0,0.0
b2103,8.741925228784854e-07,3.4789166394986844e-07,4.503314431334294e-09,3.279968176305311e-08,2.8118641767897475e-07,1.564960564193658e-07,5.8785284737137845e-09,5.464256465102352e-07,1.599469064929236e-07,2.0966132502047792e-07,3.158808201646426e-08,1.026273698691675e-08,5.055201735509751e-08,1.5252879662304462e-07,1.4422937940770092e-07,3.3979187314563724e-08,1.3118481843856082e-08,1.1686777355774305e-07,2.1105410570378336e-08
b2104,0.0,0.0,0.0,0.0,0.0,0.0,0.0,0.0,0.0,0.0,0.0,0.0,0.0,0.0,0.0,0.0,0.0,0.0,0.0
b2114,7.920166025421731e-07,4.6116990341696654e-07,2.1587067318864046e-08,9.282689937595644e-08,3.5209988054423886e-07,2.51342174647603e-07,2.5953076027779347e-08,5.857076903503399e-07,2.6426798293572016e-07,3.1964916786890077e-07,8.468839321007135e-08,3.805346833809623e-08,1.1920456585653198e-07,2.4761532764238204e-07,2.440883586600502e-07,8.945546493144974e-08,4.7075275522441526e-08,2.1155602582613593e-07,6.130338399364402e-08
b2128,0.0,0.0,0.0,0.0,0.0,0.0,0.0,0.0,0.0,0.0,0.0,0.0,0.0,0.0,0.0,0.0,0.0,0.0,0.0
b2129,0.0,0.0,0.0,0.0,0.0,0.0,0.0,0.0,0.0,0.0,0.0,0.0,0.0,0.0,0.0,0.0,0.0,0.0,0.0
b2130,0.0,0.0,0.0,0.0,0.0,0.0,0.0,0.0,0.0,0.0,0.0,0.0,0.0,0.0,0.0,0.0,0.0,0.0,0.0
b2131,0.0,0.0,0.0,0.0,0.0,0.0,0.0,0.0,0.0,0.0,0.0,0.0,0.0,0.0,0.0,0.0,0.0,0.0,0.0
b2132,0.0,0.0,0.0,0.0,0.0,0.0,0.0,0.0,0.0,0.0,0.0,0.0,0.0,0.0,0.0,0.0,0.0,0.0,0.0
b2133,0.0,0.0,0.0,0.0,0.0,0.0,0.0,0.0,0.0,0.0,0.0,0.0,0.0,0.0,0.0,0.0,0.0,0.0,0.0
b2134,0.0,0.0,0.0,0.0,0.0,0.0,0.0,0.0,0.0,0.0,0.0,0.0,0.0,0.0,0.0,0.0,0.0,0.0,0.0
b2140,0.0,0.0,0.0,0.0,0.0,0.0,0.0,0.0,0.0,0.0,0.0,0.0,0.0,0.0,0.0,0.0,0.0,0.0,0.0
b2143,0.0,0.0,0.0,0.0,9.428096485508538e-06,0.0,0.0,0.0,0.0,0.0,0.0,0.0,0.0,0.0,0.0,0.0,0.0,0.0,0.0
b2146,0.0,0.0,0.0,0.0,0.0,0.0,0.0,0.0,0.0,0.0,0.0,0.0,0.0,0.0,0.0,0.0,0.0,0.0,0.0
b2147,0.0,0.0,0.0,0.0,0.0,0.0,0.0,0.0,0.0,0.0,0.0,0.0,0.0,0.0,0.0,0.0,0.0,0.0,0.0
b2148,0.0,0.0,0.0,0.0,0.0,0.0,0.0,0.0,0.0,0.0,0.0,0.0,0.0,0.0,0.0,0.0,0.0,0.0,0.0
b2149,0.0,0.0,0.0,0.0,0.0,0.0,0.0,0.0,0.0,0.0,0.0,0.0,0.0,0.0,0.0,0.0,0.0,0.0,0.0
b2150,0.0,0.0,0.0,0.0,0.0,0.0,0.0,0.0,0.0,0.0,0.0,0.0,0.0,0.0,0.0,0.0,0.0,0.0,0.0
b2153,0.0001188127387863864,6.470225777425644e-05,3.076370103921127e-06,1.2769387096937164e-05,4.9928450425419504e-05,3.567421007518579e-05,3.6559511393406548e-06,8.366706222616058e-05,3.654206384473641e-05,4.454977748599241e-05,1.1554045908048987e-05,5.102495907776186e-06,1.598014692150747e-05,3.496630576902974e-05,3.391324036102213e-05,1.2198341145833183e-05,6.354056018492623e-06,2.9097068561913907e-05,8.548620441444759e-06
b2154,0.0,0.0,0.0,0.0,0.0,0.0,0.0,0.0,0.0,0.0,0.0,0.0,0.0,0.0,0.0,0.0,0.0,0.0,0.0
b2155,0.0,0.0,0.0,0.0,0.0,0.0,0.0,0.0,0.0,0.0,0.0,0.0,0.0,0.0,0.0,0.0,0.0,0.0,0.0
b2156,0.0,0.0,0.0,0.0,0.0,0.0,0.0,0.0,0.0,0.0,0.0,0.0,0.0,0.0,0.0,0.0,0.0,0.0,0.0
b2162,0.0,0.0,0.0,0.0,0.0,0.0,0.0,0.0,0.0,0.0,0.0,0.0,0.0,0.0,0.0,0.0,0.0,0.0,0.0
b2167,0.0,0.0,0.0,0.0,0.0,0.0,0.0,0.0,0.0,0.0,0.0,0.0,0.0,0.0,0.0,0.0,0.0,0.0,0.0
b2168,0.0,0.0,0.0,0.0,0.0,0.0,0.0,0.0,0.0,0.0,0.0,0.0,0.0,0.0,0.0,0.0,0.0,0.0,0.0
b2169,0.0,0.0,0.0,0.0,0.0,0.0,0.0,0.0,0.0,0.0,0.0,0.0,0.0,0.0,0.0,0.0,0.0,0.0,0.0
b2170,0.0,0.0,0.0,0.0,0.0,0.0,0.0,0.0,0.0,0.0,0.0,0.0,0.0,0.0,0.0,0.0,0.0,0.0,0.0
b2174,0.0,0.0,0.0,0.0,0.0,0.0,0.0,0.0,0.0,0.0,0.0,0.0,0.0,0.0,0.0,0.0,0.0,0.0,0.0
b2183,2.1529106403702833e-10,1.0285944923490687e-10,2.974608047204581e-12,1.45523670963533e-11,7.475090577593636e-11,4.966897679775911e-11,3.597995189127542e-12,1.4097198373454532e-10,5.119026329205683e-11,6.505178932313567e-11,1.3167141374576097e-11,5.206178416116396e-12,1.9173607401174495e-11,4.8452229225496426e-11,4.675426692985921e-11,1.4016076697036505e-11,6.6716931154416594e-12,3.890603669570724e-11,9.342075502093112e-12
b2185,6.794080780130098e-05,4.352461323864055e-05,5.613373250369941e-06,1.3703235012260265e-05,3.591727300116863e-05,2.810771601130748e-05,6.2365249944877455e-06,5.269559775380772e-05,2.862251280846191e-05,3.301978026380425e-05,1.2945844880885755e-05,7.661922952020362e-06,1.608109007840443e-05,2.768698812885513e-05,2.711399866564328e-05,1.3414159292869306e-05,8.795358811342817e-06,2.4309779938038724e-05,1.0637691812602386e-05
b2197,0.0,0.0,0.0,0.0,0.0,0.0,0.0,0.0,0.0,0.0,0.0,0.0,0.0,0.0,0.0,0.0,0.0,0.0,0.0
b2198,0.0,0.0,0.0,0.0,0.0,0.0,0.0,0.0,0.0,0.0,0.0,0.0,0.0,0.0,0.0,0.0,0.0,0.0,0.0
b2199,0.0,0.0,0.0,0.0,0.0,0.0,0.0,0.0,0.0,0.0,0.0,0.0,0.0,0.0,0.0,0.0,0.0,0.0,0.0
b2200,0.0,0.0,0.0,0.0,0.0,0.0,0.0,0.0,0.0,0.0,0.0,0.0,0.0,0.0,0.0,0.0,0.0,0.0,0.0
b2201,0.0,0.0,0.0,0.0,0.0,0.0,0.0,0.0,0.0,0.0,0.0,0.0,0.0,0.0,0.0,0.0,0.0,0.0,0.0
b2202,0.0,0.0,0.0,0.0,0.0,0.0,0.0,0.0,0.0,0.0,0.0,0.0,0.0,0.0,0.0,0.0,0.0,0.0,0.0
b2203,0.0,0.0,0.0,0.0,0.0,0.0,0.0,0.0,0.0,0.0,0.0,0.0,0.0,0.0,0.0,0.0,0.0,0.0,0.0
b2204,0.0,0.0,0.0,0.0,0.0,0.0,0.0,0.0,0.0,0.0,0.0,0.0,0.0,0.0,0.0,0.0,0.0,0.0,0.0
b2205,0.0,0.0,0.0,0.0,0.0,0.0,0.0,0.0,0.0,0.0,0.0,0.0,0.0,0.0,0.0,0.0,0.0,0.0,0.0
b2206,0.0,0.0,0.0,0.0,0.0,0.0,0.0,0.0,0.0,0.0,0.0,0.0,0.0,0.0,0.0,0.0,0.0,0.0,0.0
b2207,0.0,0.0,0.0,0.0,0.0,0.0,0.0,0.0,0.0,0.0,0.0,0.0,0.0,0.0,0.0,0.0,0.0,0.0,0.0
b2210,0.0,5.212365749384499e-13,0.0,0.0,0.0,0.0,0.0,7.17215440142341e-13,0.0,0.0,0.0,0.0,0.0,0.0,0.0,0.0,0.0,0.0,0.0
b2215,0.0,0.0,0.0,0.0,0.0,0.0,0.0,0.0,0.0,0.0,0.0,0.0,0.0,0.0,0.0,0.0,0.0,0.0,0.0
b2221,0.0,0.0,0.0,0.0,0.0,0.0,0.0,0.0,0.0,0.0,0.0,0.0,0.0,0.0,0.0,0.0,0.0,0.0,0.0
b2222,0.0,0.0,0.0,0.0,0.0,0.0,0.0,0.0,0.0,0.0,0.0,0.0,0.0,0.0,0.0,0.0,0.0,0.0,0.0
b2223,0.0,0.0,0.0,0.0,0.0,0.0,0.0,0.0,0.0,0.0,0.0,0.0,0.0,0.0,0.0,0.0,0.0,0.0,0.0
b2224,0.0,0.0,0.0,0.0,0.0,0.0,0.0,0.0,0.0,0.0,0.0,0.0,0.0,0.0,0.0,0.0,0.0,0.0,0.0
b2232,8.99055506461912e-10,5.00051180860016e-10,2.5142448250063292e-11,1.009757251528337e-10,3.878127802431881e-10,2.795858722882664e-10,2.980106135258868e-11,6.407857733117717e-10,2.8638819959837716e-10,3.475089909307818e-10,9.26228433062295e-11,4.133885498243042e-11,1.2728364426594543e-10,2.7420287673420755e-10,2.662264938931691e-10,9.775116037986771e-11,5.15182271187927e-11,2.2933367928482306e-10,6.90538420403379e-11
b2234,0.0,0.0,0.0,0.0,0.0,0.0,0.0,0.0,0.0,0.0,0.0,0.0,0.0,0.0,0.0,0.0,0.0,0.0,0.0
b2235,0.0,0.0,0.0,0.0,0.0,0.0,0.0,0.0,0.0,0.0,0.0,0.0,0.0,0.0,0.0,0.0,0.0,0.0,0.0
b2239,0.0,0.0,0.0,0.0,0.0,0.0,0.0,0.0,0.0,0.0,0.0,0.0,0.0,0.0,0.0,0.0,0.0,0.0,0.0
b2240,8.955077228033404e-83,0.0,0.0,0.0,0.0,0.0,0.0,0.0,0.0,0.0,0.0,0.0,0.0,0.0,0.0,0.0,0.0,0.0,0.0
b2241,0.0,0.0,0.0,0.0,0.0,0.0,0.0,0.0,0.0,0.0,0.0,0.0,0.0,0.0,0.0,0.0,0.0,0.0,0.0
b2242,0.0,0.0,0.0,0.0,0.0,0.0,0.0,0.0,0.0,0.0,0.0,0.0,0.0,0.0,0.0,0.0,0.0,0.0,0.0
b2243,0.0,0.0,0.0,0.0,0.0,0.0,0.0,0.0,0.0,0.0,0.0,0.0,0.0,0.0,0.0,0.0,0.0,0.0,0.0
b2251,2.2384575044984784e-07,1.6544388798649054e-07,1.1818360392629532e-08,0.0,0.0,1.1336808443010557e-07,1.39993708339299e-08,1.884952296190347e-07,1.1542632622185788e-07,1.3243384225318462e-07,4.274380598010544e-08,1.938087985007682e-08,5.777472801094946e-08,1.1171274379469662e-07,1.0922074363132602e-07,4.501255137841982e-08,2.4099079633747323e-08,9.704594614949043e-08,3.2143189457317525e-08
b2253,0.0,0.0,0.0,0.0,0.0,0.0,0.0,0.0,0.0,0.0,0.0,0.0,0.0,0.0,0.0,0.0,0.0,0.0,0.0
b2254,0.0,0.0,0.0,0.0,0.0,0.0,0.0,0.0,0.0,0.0,0.0,0.0,0.0,0.0,0.0,0.0,0.0,0.0,0.0
b2255,0.0,0.0,0.0,0.0,0.0,0.0,0.0,0.0,0.0,0.0,0.0,0.0,0.0,0.0,0.0,0.0,0.0,0.0,0.0
b2256,0.0,0.0,0.0,0.0,0.0,0.0,0.0,0.0,0.0,0.0,0.0,0.0,0.0,0.0,0.0,0.0,0.0,0.0,0.0
b2257,0.0,0.0,0.0,0.0,0.0,0.0,0.0,0.0,0.0,0.0,0.0,0.0,0.0,0.0,0.0,0.0,0.0,0.0,0.0
b4544,0.0,0.0,0.0,0.0,0.0,0.0,0.0,0.0,0.0,0.0,0.0,0.0,0.0,0.0,0.0,0.0,0.0,0.0,0.0
b2258,0.0,0.0,0.0,0.0,0.0,0.0,0.0,0.0,0.0,0.0,0.0,0.0,0.0,0.0,0.0,0.0,0.0,0.0,0.0
b2260,0.0,0.0,0.0,0.0,0.0,0.0,0.0,0.0,0.0,0.0,0.0,0.0,0.0,0.0,0.0,0.0,0.0,0.0,0.0
b2261,0.0,0.0,0.0,0.0,0.0,0.0,0.0,0.0,0.0,0.0,0.0,0.0,0.0,0.0,0.0,0.0,0.0,0.0,0.0
b2262,0.0,0.0,0.0,0.0,0.0,0.0,0.0,0.0,0.0,0.0,0.0,0.0,0.0,0.0,0.0,0.0,0.0,0.0,0.0
b2263,0.0,0.0,0.0,0.0,0.0,0.0,0.0,0.0,0.0,0.0,0.0,0.0,0.0,0.0,0.0,0.0,0.0,0.0,0.0
b2264,0.0,0.0,0.0,0.0,0.0,0.0,0.0,0.0,0.0,0.0,0.0,0.0,0.0,0.0,0.0,0.0,0.0,0.0,0.0
b2265,0.0,0.0,0.0,0.0,0.0,0.0,0.0,0.0,0.0,0.0,0.0,0.0,0.0,0.0,0.0,0.0,0.0,0.0,0.0
b2268,0.0,0.0,0.0,0.0,0.0,0.0,0.0,0.0,0.0,0.0,0.0,0.0,0.0,0.0,0.0,0.0,0.0,0.0,0.0
b2276,0.0,0.0,0.0,0.0,0.0,0.0,0.0,0.0,0.0,0.0,0.0,0.0,0.0,0.0,0.0,0.0,0.0,0.0,0.0
b2277,0.0,0.0,0.0,0.0,0.0,0.0,0.0,0.0,0.0,0.0,0.0,0.0,0.0,0.0,0.0,0.0,0.0,0.0,0.0
b2278,0.0,0.0,0.0,0.0,0.0,0.0,0.0,0.0,0.0,0.0,0.0,0.0,0.0,0.0,0.0,0.0,0.0,0.0,0.0
b2279,0.0,0.0,0.0,0.0,0.0,0.0,0.0,0.0,0.0,0.0,0.0,0.0,0.0,0.0,0.0,0.0,0.0,0.0,0.0
b2280,0.0,0.0,0.0,0.0,0.0,0.0,0.0,0.0,0.0,0.0,0.0,0.0,0.0,0.0,0.0,0.0,0.0,0.0,0.0
b2281,0.0,0.0,0.0,0.0,0.0,0.0,0.0,0.0,0.0,0.0,0.0,0.0,0.0,0.0,0.0,0.0,0.0,0.0,0.0
b2282,0.0,0.0,0.0,0.0,0.0,0.0,0.0,0.0,0.0,0.0,0.0,0.0,0.0,0.0,0.0,0.0,0.0,0.0,0.0
b2283,0.0,0.0,0.0,0.0,0.0,0.0,0.0,0.0,0.0,0.0,0.0,0.0,0.0,0.0,0.0,0.0,0.0,0.0,0.0
b2284,0.0,0.0,0.0,0.0,0.0,0.0,0.0,0.0,0.0,0.0,0.0,0.0,0.0,0.0,0.0,0.0,0.0,0.0,0.0
b2285,0.0,0.0,0.0,0.0,0.0,0.0,0.0,0.0,0.0,0.0,0.0,0.0,0.0,0.0,0.0,0.0,0.0,0.0,0.0
b2286,0.0,0.0,0.0,0.0,0.0,0.0,0.0,0.0,0.0,0.0,0.0,0.0,0.0,0.0,0.0,0.0,0.0,0.0,0.0
b2287,0.0,0.0,0.0,0.0,0.0,0.0,0.0,0.0,0.0,0.0,0.0,0.0,0.0,0.0,0.0,0.0,0.0,0.0,0.0
b2288,0.0,0.0,0.0,0.0,0.0,0.0,0.0,0.0,0.0,0.0,0.0,0.0,0.0,0.0,0.0,0.0,0.0,0.0,0.0
b2290,5.409709570002237e-06,3.0337968289057095e-06,1.4892155649424062e-07,5.990933175421774e-07,2.3880486333920636e-06,1.7008551637399101e-06,1.7853186048579875e-07,3.930298195149371e-06,1.7634473932843231e-06,2.128286640889702e-06,5.654815768230827e-07,2.5182151012083207e-07,7.869438383027493e-07,1.1042181369064746e-05,1.4069818127454745e-05,5.93787702199952e-07,3.100172360922468e-07,1.3956366602968626e-06,4.1504578508044723e-07
b2291,0.0,0.0,0.0,4.318862207749578e-08,0.0,0.0,0.0,0.0,0.0,0.0,0.0,0.0,0.0,0.0,0.0,0.0,0.0,0.0,0.0
b2296,0.0,0.0,0.0,2.672624191615141e-07,0.0,0.0,0.0,0.0,0.0,0.0,0.0,0.0,0.0,0.0,0.0,0.0,0.0,0.0,0.0
b2297,1.741928669699606e-07,1.006347977372355e-07,3.943788366296991e-09,1.8966237065857042e-08,7.622607622127216e-08,5.630873635294178e-08,7.02464668905014e-09,1.263234342502752e-07,5.717842646504124e-08,1.3443638969848754e-06,1.943124531494173e-08,5.0937049467517075e-09,2.5575318771587416e-08,5.561341924083825e-08,5.351965489272132e-08,9.327530048352163e-09,1.1524663406157919e-08,4.6380284353310936e-08,1.549624904690668e-08
b2303,0.0,0.0,0.0,0.0,0.0,0.0,0.0,0.0,0.0,0.0,0.0,0.0,0.0,0.0,0.0,0.0,0.0,0.0,0.0
b2306,0.0,0.0,0.0,0.0,0.0,0.0,0.0,0.0,0.0,0.0,0.0,0.0,0.0,0.0,0.0,0.0,0.0,0.0,0.0
b2307,0.0,0.0,0.0,0.0,0.0,0.0,0.0,0.0,0.0,0.0,0.0,0.0,0.0,0.0,0.0,0.0,0.0,0.0,0.0
b2308,0.0,0.0,0.0,0.0,0.0,0.0,0.0,0.0,0.0,0.0,0.0,0.0,0.0,0.0,0.0,0.0,0.0,0.0,0.0
b2309,0.0,0.0,0.0,0.0,0.0,0.0,0.0,0.0,0.0,0.0,0.0,0.0,0.0,0.0,0.0,0.0,0.0,0.0,0.0
b2310,0.0,0.0,0.0,0.0,0.0,0.0,0.0,0.0,0.0,0.0,0.0,0.0,0.0,0.0,0.0,0.0,0.0,0.0,0.0
b2311,8.99055506461912e-10,5.00051180860016e-10,2.5142448250063292e-11,1.009757251528337e-10,3.878127802431881e-10,2.795858722882664e-10,2.980106135258868e-11,6.407857733117717e-10,2.8638819959837716e-10,3.475089909307818e-10,9.26228433062295e-11,4.133885498243042e-11,1.2728364426594543e-10,2.7420287673420755e-10,2.662264938931691e-10,9.775116037986771e-11,5.15182271187927e-11,2.2933367928482306e-10,6.90538420403379e-11
b2312,2.547367237735165e-06,8.857158279016815e-11,5.116397726748404e-08,2.1836312985994464e-07,9.682321201340666e-07,6.769742664892243e-07,6.157995528931118e-08,1.3911740177691243e-10,7.34583739100252e-07,9.019554227532711e-07,2.100691735974741e-07,8.959952799308174e-08,3.055868423998496e-07,6.664039915684662e-07,6.687017797457473e-07,2.2301009360203018e-07,1.099833414962242e-07,5.571879102104109e-07,5.373338350309333e-12
b2315,2.7784260951147374e-09,1.5453498029971376e-09,7.76998014148831e-11,3.120536915922356e-10,1.1984901275862649e-09,8.640275019816528e-10,9.209670140389208e-11,1.9802736328862334e-09,8.850493004914027e-10,1.073935971415997e-09,2.862400852851611e-10,1.2775290579927546e-10,3.9335524466284577e-10,8.473919825840334e-10,8.227419025045722e-10,3.0208855056790224e-10,1.5921106713889568e-10,7.087289654908759e-10,2.1340283810489511e-10
b2316,8.624678904185022e-07,4.796973968371543e-07,2.411865537028546e-08,9.686439946451572e-08,3.7202642351340596e-07,2.682041650121636e-07,2.858758847212384e-08,6.147055451240603e-07,2.747296344158138e-07,3.333628721546944e-07,8.885182689231756e-08,3.965562574756846e-08,1.2210132622127852e-07,2.630402613992088e-07,2.5538852576892037e-07,9.377110985642428e-08,4.942056608849209e-08,2.199973273147487e-07,6.624228775402079e-08
b2318,1.6791357915135764e-09,8.067477266635463e-10,2.3373986267044782e-11,1.1424576442968545e-10,5.825403828961406e-10,3.9134803989088614e-10,2.8312626244644477e-11,1.1166645145382764e-09,4.055964040123671e-10,5.153872434777464e-10,1.040624853377888e-10,4.1113435430703077e-11,1.521182863703374e-10,3.820618731105572e-10,3.701445481737668e-10,1.1072812778813345e-10,5.2905230840581786e-11,3.0830078397280163e-10,7.360132917479002e-11
b2320,8.696248157199391e-07,5.824075118237198e-07,1.5188360041146835e-08,5.763820877016597e-08,4.282230155787351e-07,3.6875027523137193e-07,2.1501505852451586e-08,9.899345209653913e-07,2.8557955172386473e-07,4.948326038846072e-07,4.987104577570246e-08,3.3532986844940745e-08,1.0589767497218133e-07,3.115465989368308e-07,2.371635891614434e-07,6.656255480942211e-08,3.823753722173916e-08,1.8389438056400008e-07,6.84608449362889e-08
b2323,4.0299827494752603e-07,1.2495766741482628e-12,1.4087736267368528e-14,1.1338567094836908e-13,8.534391324144012e-13,5.224084027957587e-13,1.8179328099511842e-14,1.8126441680310195e-12,5.415893792064807e-13,7.239152365398352e-13,9.961180560385261e-14,2.9700837246190245e-14,1.604694848325745e-13,5.073938728840924e-13,4.854158461152239e-13,1.0799794047206237e-13,4.1321207602880565e-14,3.880949458396312e-13,6.412307505808718e-14
b2324,2.0208364418076184e-10,9.344725842121637e-11,2.629513312984869e-12,1.3256992727736867e-11,6.838886787315339e-11,4.560483289000196e-11,3.1776454537362247e-12,1.300951468220769e-10,4.649297940560195e-11,5.976115988143659e-11,1.191240513273393e-11,4.684746936455845e-12,1.732075061061202e-11,4.463422403222129e-11,4.2664649983219705e-11,1.2664928407795426e-11,5.891041459894346e-12,3.526460997416111e-11,8.342947906936468e-12
b2328,0.0,0.0,0.0,0.0,0.0,0.0,0.0,0.0,0.0,0.0,0.0,0.0,0.0,0.0,0.0,0.0,0.0,0.0,0.0
b2329,3.8958128670884516e-05,2.2575941538136705e-05,1.063038120355686e-06,5.819563557681632e-06,1.8465537246237227e-05,1.3309177056095148e-05,1.308984194997254e-06,2.8984003113579966e-05,1.3617370193485492e-05,1.6221193803115076e-05,4.496447228880355e-06,2.026190060129714e-06,6.363597052987717e-06,1.3025679681550291e-05,1.2676058312619634e-05,4.73061139735603e-06,2.4493420685042045e-06,1.118558754924375e-05,3.1628706569980205e-06
b2341,2.9161010569392498e-06,7.4429598665044e-06,3.741933580828048e-07,0.0,0.0,4.161658483765917e-06,4.4353082234984564e-07,9.53782931556221e-06,4.262825692927895e-06,5.1725721263540176e-06,0.0,6.152720382298347e-07,0.0,4.081536328909774e-06,3.962736977385903e-06,0.0,7.667700842407744e-07,3.413602915837037e-06,0.0
b2342,0.0,7.4429598665044e-06,3.741933580828048e-07,0.0,0.0,4.161658483765917e-06,4.4353082234984564e-07,9.53782931556221e-06,4.262825692927895e-06,5.1725721263540176e-06,0.0,6.152720382298347e-07,0.0,4.081536328909774e-06,3.962736977385903e-06,0.0,7.667700842407744e-07,3.413602915837037e-06,0.0
b2344,0.0,0.0,0.0,0.0,0.0,0.0,0.0,0.0,0.0,0.0,0.0,0.0,0.0,0.0,0.0,0.0,0.0,0.0,0.0
b2366,0.0,0.0,0.0,0.0,0.0,0.0,0.0,0.0,0.0,0.0,0.0,0.0,0.0,0.0,0.0,0.0,0.0,0.0,0.0
b2373,0.0,0.0,0.0,0.0,0.0,0.0,0.0,0.0,0.0,0.0,0.0,0.0,0.0,0.0,0.0,0.0,0.0,0.0,0.0
b2374,0.0,0.0,0.0,0.0,0.0,0.0,0.0,0.0,0.0,0.0,0.0,0.0,0.0,0.0,0.0,0.0,0.0,0.0,0.0
b2378,0.0,0.0,0.0,0.0,0.0,0.0,0.0,0.0,0.0,0.0,0.0,0.0,0.0,0.0,0.0,0.0,0.0,0.0,0.0
b2379,0.0,0.0,0.0,0.0,0.0,0.0,0.0,0.0,0.0,0.0,0.0,0.0,0.0,0.0,0.0,0.0,0.0,0.0,0.0
b2388,2.0654033586105155e-05,3.8809272946331566e-05,6.0884331599637275e-06,1.52754680293814e-05,4.426382303925766e-05,3.714904520143503e-05,7.3274101811861905e-06,3.9474587181640856e-05,3.458813478542893e-05,1.3423584172727676e-05,2.180990246261478e-05,1.4608398472929425e-05,2.552636540540689e-05,3.50716445618413e-05,3.127013002105116e-05,2.2400500137996246e-05,1.1325614799355831e-05,3.2317561464067157e-05,1.3759037736932177e-05
b2392,0.0,0.0,5.478817487976497e-11,0.0,0.0,1.234764436829251e-09,7.973678413867347e-12,0.0,1.1015947458687666e-09,1.4814297718489446e-09,3.8950912930346924e-10,1.8965602537132915e-10,0.0,1.2336189768048874e-09,1.0877468947543646e-09,4.254864414494339e-10,2.2791840130533276e-10,1.3341267415160804e-09,2.0103691144329523e-10
b2393,0.0,0.0,0.0,0.0,0.0,0.0,0.0,0.0,0.0,0.0,0.0,0.0,0.0,0.0,0.0,0.0,0.0,0.0,0.0
b2400,7.829542613395112e-07,4.368877987849294e-07,2.6746594250928727e-08,8.418555559133587e-08,3.417920755425699e-07,2.5276473312254413e-07,3.0943431236026336e-08,5.625903004152742e-07,2.5504249250779384e-07,3.1232894986503133e-07,8.721728180006521e-08,4.002664146110251e-08,1.1466105705532101e-07,2.497299867662664e-07,2.3965117671411043e-07,9.24798328663819e-08,4.992746528592315e-08,2.0585670236951002e-07,6.806230244161692e-08
b2406,4.817690630804551e-07,0.0,0.0,0.0,0.0,0.0,1.1653568453932154e-59,6.334122772960994e-06,0.0,0.0,0.0,0.0,0.0,0.0,0.0,0.0,0.0,0.0,0.0
b2407,4.817690630804551e-07,0.0,0.0,0.0,0.0,0.0,1.1653568453932154e-59,6.334122772960994e-06,0.0,0.0,0.0,0.0,0.0,0.0,0.0,0.0,0.0,0.0,0.0
b2411,0.0,0.0,0.0,0.0,0.0,0.0,0.0,0.0,0.0,0.0,0.0,0.0,0.0,0.0,0.0,0.0,0.0,0.0,0.0
b2414,1.3280826192933768e-06,7.822700645670807e-07,0.0,1.5012435145399812e-07,6.054366535002926e-07,4.397001585965757e-07,5.0343630748651895e-08,9.84508704877757e-07,4.5213591258694043e-07,5.475902337213266e-07,1.510293851159025e-07,6.894397459034476e-08,2.055300595775988e-07,4.3242316401747936e-07,4.209655226956706e-07,1.5967917727524832e-07,8.633884994114766e-08,3.6554179418322485e-07,1.1460258654965823e-07
b2415,9.37069976833995e-06,2.04497367776949e-07,9.662904270050488e-09,4.144553684808453e-08,1.556259432308098e-07,1.1119806559064558e-07,1.1595301599020128e-08,2.589545982632087e-07,1.1710697685809556e-07,4.8802770384605035e-06,3.7612984441748516e-08,1.693398613658744e-08,5.288897752689638e-08,1.0958535218669468e-07,1.081356648093408e-07,3.9731742228432416e-08,2.1020107324191858e-08,9.378077614173548e-08,2.734037838171492e-08
b2416,1.87413995366799e-05,4.08994735553898e-07,1.9325808540100976e-08,8.289107369616906e-08,3.112518864616196e-07,2.2239613118129115e-07,2.3190603198040255e-08,5.179091965264174e-07,2.3421395371619113e-07,9.760554076921007e-06,7.522596888349703e-08,3.386797227317488e-08,1.0577795505379276e-07,2.1917070437338936e-07,2.162713296186816e-07,7.946348445686483e-08,4.2040214648383717e-08,1.8756155228347097e-07,5.468075676342984e-08
b2417,9.37069976833995e-06,2.04497367776949e-07,9.662904270050488e-09,4.144553684808453e-08,1.556259432308098e-07,1.1119806559064558e-07,1.1595301599020128e-08,2.589545982632087e-07,1.1710697685809556e-07,4.8802770384605035e-06,3.7612984441748516e-08,1.693398613658744e-08,5.288897752689638e-08,1.0958535218669468e-07,1.081356648093408e-07,3.9731742228432416e-08,2.1020107324191858e-08,9.378077614173548e-08,2.734037838171492e-08
b2418,0.0,0.0,0.0,0.0,0.0,0.0,0.0,0.0,0.0,0.0,0.0,0.0,0.0,0.0,0.0,0.0,0.0,0.0,0.0
b2421,0.0,4.5386279729391225e-13,0.0,1.1945001923417372e-14,2.013697278068763e-13,0.0,0.0,6.245099088908449e-13,1.452797435489909e-13,2.0585239723191434e-13,6.8949597639238545e-15,0.0,2.3922252111291322e-14,7.941025413090276e-14,1.2606434919304793e-13,1.4829912002280154e-14,0.0,2.6628268215292474e-14,2.2611816172252126e-14
b2422,9.665278745996136e-13,4.5386279729391225e-13,0.0,1.1945001923417372e-14,2.013697278068763e-13,0.0,0.0,6.245099088908449e-13,1.452797435489909e-13,2.0585239723191434e-13,6.8949597639238545e-15,0.0,2.3922252111291322e-14,7.941025413090276e-14,1.2606434919304793e-13,1.4829912002280154e-14,0.0,2.6628268215292474e-14,2.2611816172252126e-14
b2423,4.832639372998068e-13,2.2693139864695612e-13,0.0,5.972500961708686e-15,1.0068486390343815e-13,0.0,0.0,3.1225495444542243e-13,7.263987177449546e-14,1.0292619861595717e-13,3.4474798819619272e-15,0.0,1.1961126055645661e-14,3.970512706545138e-14,6.303217459652397e-14,7.414956001140077e-15,0.0,1.3314134107646237e-14,1.1305908086126063e-14
b2424,4.832639372998068e-13,2.2693139864695612e-13,0.0,5.972500961708686e-15,1.0068486390343815e-13,0.0,0.0,3.1225495444542243e-13,7.263987177449546e-14,1.0292619861595717e-13,3.4474798819619272e-15,0.0,1.1961126055645661e-14,3.970512706545138e-14,6.303217459652397e-14,7.414956001140077e-15,0.0,1.3314134107646237e-14,1.1305908086126063e-14
b2425,4.832639372998068e-13,2.2693139864695612e-13,0.0,5.972500961708686e-15,1.0068486390343815e-13,0.0,0.0,3.1225495444542243e-13,7.263987177449546e-14,1.0292619861595717e-13,3.4474798819619272e-15,0.0,1.1961126055645661e-14,3.970512706545138e-14,6.303217459652397e-14,7.414956001140077e-15,0.0,1.3314134107646237e-14,1.1305908086126063e-14
b2428,0.0,0.0,0.0,0.0,0.0,0.0,0.0,0.0,0.0,0.0,0.0,0.0,0.0,0.0,0.0,0.0,0.0,0.0,0.0
b2429,0.0,0.0,0.0,0.0,0.0,0.0,0.0,0.0,0.0,0.0,0.0,0.0,0.0,0.0,0.0,0.0,0.0,0.0,0.0
b2435,0.0,0.0,0.0,0.0,0.0,0.0,0.0,0.0,0.0,0.0,0.0,0.0,0.0,0.0,0.0,0.0,0.0,0.0,0.0
b2436,1.568980381585388e-11,6.0897631952879195e-12,1.4207647658788105e-13,4.667281303498802e-13,3.27387407640568e-12,3.0092193813768577e-12,1.9706017391887935e-13,1.1455603862184742e-11,4.498164861225072e-12,5.520730539166792e-12,6.507381866826397e-12,1.2259567518471926e-11,1.5471752311371684e-12,3.12602318346695e-11,3.482029703327896e-12,1.947567641428217e-11,2.7624728218546724e-11,1.2698962191717833e-10,1.612298134961074e-12
b2440,0.0,0.0,0.0,0.0,0.0,0.0,0.0,0.0,0.0,0.0,0.0,0.0,0.0,0.0,0.0,0.0,0.0,0.0,0.0
b2441,0.0,0.0,0.0,0.0,0.0,0.0,0.0,0.0,0.0,0.0,0.0,0.0,0.0,0.0,0.0,0.0,0.0,0.0,0.0
b2458,0.0,0.0,0.0,0.0,0.0,0.0,0.0,0.0,0.0,0.0,0.0,0.0,0.0,0.0,0.0,0.0,0.0,0.0,0.0
b2463,0.0,0.0,0.0,0.0,0.0,0.0,0.0,0.0,0.0,0.0,0.0,3.926258095208363e-07,4.385872988844223e-06,0.0,0.0,0.0,0.0,0.0,0.0
b2464,0.0,0.0,1.854639446101922e-08,0.0,0.0,2.1580683785363976e-07,2.1347635094724746e-08,0.0,2.385708453664849e-07,3.014569683885082e-07,6.359655148291418e-08,2.6336429792232446e-08,9.009398969905697e-08,2.135298786287925e-07,2.1574941458482593e-07,6.820490910604255e-08,3.414029054239734e-08,1.7313414366051238e-07,1.6780271972004598e-07
b2465,1.1715880967584887e-06,6.789413955845073e-07,4.279761381596578e-08,1.74998023076087e-07,2.05468333938359e-06,6.523088541344773e-07,6.429626010496146e-08,1.3959241824957308e-06,6.881468756514938e-07,8.399273166730975e-07,2.0948867991098667e-07,9.169062527517983e-08,2.965894915705875e-07,6.411142124956319e-07,6.33179645857943e-07,2.2191514236968385e-07,1.1352957386208968e-07,5.385810593906542e-07,1.6780271972004598e-07
b2467,0.0,0.0,0.0,0.0,0.0,0.0,0.0,0.0,0.0,0.0,0.0,0.0,0.0,0.0,0.0,0.0,0.0,0.0,0.0
b2470,0.0,0.0,0.0,0.0,0.0,0.0,0.0,0.0,0.0,0.0,0.0,0.0,0.0,0.0,0.0,0.0,0.0,0.0,0.0
b2472,8.794956661683976e-06,4.832196548009832e-06,1.982653775136316e-07,1.0951217497405977e-06,3.835893201194069e-06,2.7383226895923256e-06,2.4332394626146473e-07,6.282333849643479e-06,2.7896710622949458e-06,3.394883056260515e-06,8.805196402449752e-07,3.8608671141016974e-07,1.2559403721611796e-06,2.6801249000593165e-06,2.593017105856148e-06,9.183354831231104e-07,4.547127224726144e-07,2.22206194543558e-06,6.058770235502621e-07
b2474,4.484620638542952e-11,2.195380223576002e-11,5.417635310714691e-13,2.996903819347491e-12,1.553390869780647e-11,1.0123818904953001e-11,6.695959291662002e-13,2.9978897834861947e-11,1.0767343775459485e-11,1.3697798783469714e-11,2.6673583991779044e-12,1.0459329056820583e-12,4.030214007409255e-12,9.927527883700929e-12,9.745711643557413e-12,2.8448701882865864e-12,1.3354888870466727e-12,8.155037918941356e-12,1.8109465728307917e-12
b2476,1.1609451581501377e-07,0.0,2.3319146836613473e-09,9.952238929843813e-09,4.4127108028081415e-08,3.085351804535677e-08,2.806641263156246e-09,0.0,3.347921964148156e-08,4.1107159024047364e-08,9.574228589281518e-09,4.083674788982424e-09,1.3927541187559558e-08,3.0371788954161784e-08,3.0476614532242435e-08,1.0164025935388491e-08,5.012701152164219e-09,2.5394319796383628e-08,0.0
b2477,4.456045515460772e-06,2.221249053161759e-06,8.832472875451605e-08,3.0791025598986896e-06,3.006188741699601e-06,2.3323363637835482e-06,1.2992126400296239e-07,2.7761003009272497e-06,1.992870018072992e-06,2.1193576842641496e-06,7.829671780011656e-07,3.6660658236879705e-07,1.1594258399461734e-06,2.2538922725806445e-06,1.9732736567360013e-06,8.013187714487519e-07,3.3626402480499683e-07,1.8704220953927668e-06,4.1137385441449876e-07
b2478,2.447727402186479e-07,1.3448502770734384e-07,5.517930515328343e-09,3.0478370942389794e-08,1.0675687512285908e-07,7.621035260520262e-08,6.771957086122803e-09,1.748438486394052e-07,7.763943092538872e-08,9.448310666759296e-08,2.4505772279477444e-08,1.0745192494874547e-08,3.4954119533575784e-08,7.459064793050839e-08,7.21663479252109e-08,2.555822629841364e-08,1.265512536028716e-08,6.184228214442455e-08,1.6862184203363708e-08
b2480,0.0,0.0,0.0,0.0,0.0,0.0,0.0,0.0,0.0,0.0,0.0,0.0,0.0,0.0,0.0,0.0,0.0,0.0,0.0
b2481,0.0,0.0,0.0,0.0,0.0,0.0,0.0,0.0,0.0,0.0,0.0,0.0,0.0,0.0,0.0,0.0,0.0,0.0,0.0
b2482,0.0,0.0,0.0,0.0,0.0,0.0,0.0,0.0,0.0,0.0,0.0,0.0,0.0,0.0,0.0,0.0,0.0,0.0,0.0
b2483,0.0,0.0,0.0,0.0,0.0,0.0,0.0,0.0,0.0,0.0,0.0,0.0,0.0,0.0,0.0,0.0,0.0,0.0,0.0
b2484,0.0,0.0,0.0,0.0,0.0,0.0,0.0,0.0,0.0,0.0,0.0,0.0,0.0,0.0,0.0,0.0,0.0,0.0,0.0
b2485,0.0,0.0,0.0,0.0,0.0,0.0,0.0,0.0,0.0,0.0,0.0,0.0,0.0,0.0,0.0,0.0,0.0,0.0,0.0
b2486,0.0,0.0,0.0,0.0,0.0,0.0,0.0,0.0,0.0,0.0,0.0,0.0,0.0,0.0,0.0,0.0,0.0,0.0,0.0
b2487,0.0,0.0,0.0,0.0,0.0,0.0,0.0,0.0,0.0,0.0,0.0,0.0,0.0,0.0,0.0,0.0,0.0,0.0,0.0
b2488,0.0,0.0,0.0,0.0,0.0,0.0,0.0,0.0,0.0,0.0,0.0,0.0,0.0,0.0,0.0,0.0,0.0,0.0,0.0
b2489,0.0,0.0,0.0,0.0,0.0,0.0,0.0,0.0,0.0,0.0,0.0,0.0,0.0,0.0,0.0,0.0,0.0,0.0,0.0
b2490,0.0,0.0,0.0,0.0,0.0,0.0,0.0,0.0,0.0,0.0,0.0,0.0,0.0,0.0,0.0,0.0,0.0,0.0,0.0
b2492,0.0,0.0,0.0,0.0,0.0,0.0,0.0,0.0,0.0,0.0,0.0,0.0,0.0,0.0,0.0,0.0,0.0,0.0,0.0
b2497,0.0,0.0,0.0,0.0,0.0,0.0,0.0,0.0,0.0,0.0,0.0,0.0,0.0,0.0,0.0,0.0,0.0,0.0,0.0
b2498,0.0,0.0,0.0,0.0,0.0,0.0,0.0,0.0,0.0,0.0,0.0,0.0,0.0,0.0,0.0,0.0,0.0,0.0,0.0
b2499,2.7688067221688407e-05,9.627100097298475e-10,5.561159855265102e-07,2.3734516675639972e-06,1.0523993412235698e-05,7.358228024700518e-06,6.693302466569118e-07,1.5121070550983684e-09,7.984401953073065e-06,9.803612924833923e-06,2.283302271306079e-06,9.738830418144513e-07,3.3215112878476096e-06,7.243336666194282e-06,7.2683119868199495e-06,2.423960853111193e-06,1.1954405739004648e-06,6.056235663427278e-06,5.840436009553036e-11
b2500,2.7688067221688407e-05,9.627100097298475e-10,5.561159855265102e-07,2.3734516675639972e-06,1.0523993412235698e-05,7.358228024700518e-06,6.693302466569118e-07,1.5121070550983684e-09,7.984401953073065e-06,9.803612924833923e-06,2.283302271306079e-06,9.738830418144513e-07,3.3215112878476096e-06,7.243336666194282e-06,7.2683119868199495e-06,2.423960853111193e-06,1.1954405739004648e-06,6.056235663427278e-06,5.840436009553036e-11
b2501,4.165254947294585e-10,1.9709777608274433e-10,1.1114146995832124e-06,3.238986145704808e-11,1.4657107549385614e-10,9.763841549350626e-11,1.347174435448278e-06,2.714702186608961e-10,1.0001145192599493e-10,1.2658646524661045e-10,4.098236339910593e-06,1.8535116619059453e-06,5.6255654285776675e-06,9.52314843370339e-11,9.156203029166024e-11,4.171312762953343e-06,2.2947082093237888e-06,7.59549362747349e-11,3.0045509033976014e-06
b2502,4.165254947294585e-10,1.9709777608274433e-10,1.1114146995832124e-06,3.238986145704808e-11,1.4657107549385614e-10,9.763841549350626e-11,1.347174435448278e-06,2.714702186608961e-10,1.0001145192599493e-10,1.2658646524661045e-10,4.098236339910593e-06,1.8535116619059453e-06,5.6255654285776675e-06,9.52314843370339e-11,9.156203029166024e-11,4.171312762953343e-06,2.2947082093237888e-06,7.59549362747349e-11,3.0045509033976014e-06
b2507,1.3593535472845523e-05,6.828354889511326e-06,2.690136535514594e-07,1.1501774246627311e-06,5.142399247843019e-06,3.5890312845846673e-06,3.2389506814111424e-07,9.352489167231735e-06,3.89146085728038e-06,4.785427049875554e-06,1.107889356367089e-06,4.710424982124282e-07,1.6124463611119464e-06,3.532733306936358e-06,3.542554234483672e-06,1.176346357007121e-06,5.78899025949414e-07,2.9500392322694057e-06,0.0
b2508,1.3593535472845523e-05,6.828354889511326e-06,2.690136535514594e-07,1.1501774246627311e-06,5.142399247843019e-06,3.5890312845846673e-06,3.2389506814111424e-07,9.352489167231735e-06,3.89146085728038e-06,4.785427049875554e-06,1.107889356367089e-06,4.710424982124282e-07,1.6124463611119464e-06,3.532733306936358e-06,3.542554234483672e-06,1.176346357007121e-06,5.78899025949414e-07,2.9500392322694057e-06,0.0
b2512,4.456045515460772e-06,2.221249053161759e-06,8.832472875451605e-08,3.0791025598986896e-06,3.006188741699601e-06,2.3323363637835482e-06,1.2992126400296239e-07,2.7761003009272497e-06,1.992870018072992e-06,2.1193576842641496e-06,7.829671780011656e-07,3.6660658236879705e-07,1.1594258399461734e-06,2.2538922725806445e-06,1.9732736567360013e-06,8.013187714487519e-07,3.3626402480499683e-07,1.8704220953927668e-06,4.1137385441449876e-07
b2514,5.439460011112946e-07,3.025636588054005e-07,1.732194883405533e-08,5.0772163778287735e-08,2.38579886210247e-07,1.7413625510500894e-07,2.0448674265684853e-08,3.989586338588987e-07,1.7778041905441094e-07,2.1806204922733038e-07,5.9098857943651854e-08,2.655772079556045e-08,7.926311203141808e-08,1.7067273918157699e-07,1.6643382535237346e-07,6.210960619428501e-08,3.3136264795834866e-08,1.4154581959464248e-07,4.4865619763137934e-08
b2515,1.1191958526514496e-08,6.192351323877956e-09,3.070454130873218e-10,1.240792578769961e-09,4.792574737262612e-09,3.4505604455796377e-09,3.6422054921916624e-10,7.962783905264413e-09,3.539483025694271e-09,4.299019424047014e-09,1.1363238643235946e-09,5.054726993064525e-10,1.5661441117465354e-09,3.380895065160754e-09,3.2867773070115217e-09,1.1989775145404546e-09,6.309377436898359e-10,2.82235831654084e-09,8.463183101364023e-10
b2517,2.1529106403702833e-10,1.0285944923490687e-10,2.974608047204581e-12,1.45523670963533e-11,7.475090577593636e-11,4.966897679775911e-11,3.597995189127542e-12,1.4097198373454532e-10,5.119026329205683e-11,6.505178932313567e-11,1.3167141374576097e-11,5.206178416116396e-12,1.9173607401174495e-11,4.8452229225496426e-11,4.675426692985921e-11,1.4016076697036505e-11,6.6716931154416594e-12,3.890603669570724e-11,9.342075502093112e-12
b2518,0.0,0.0,0.0,0.0,0.0,0.0,0.0,0.0,0.0,0.0,0.0,0.0,0.0,0.0,0.0,0.0,0.0,0.0,0.0
b2519,0.0,0.0,0.0,0.0,0.0,0.0,0.0,0.0,0.0,0.0,0.0,0.0,0.0,0.0,0.0,0.0,0.0,0.0,0.0
b2521,0.0,0.0,0.0,0.0,0.0,0.0,0.0,0.0,0.0,0.0,0.0,0.0,0.0,0.0,0.0,0.0,0.0,0.0,0.0
b2523,0.0,0.0,0.0,0.0,0.0,0.0,0.0,0.0,0.0,0.0,0.0,0.0,0.0,0.0,0.0,0.0,0.0,0.0,0.0
b2526,3.688751327881722e-10,2.0908977811244852e-10,9.66500990089167e-12,4.1764502494320414e-11,2.5976794780080835e-10,2.004456773808568e-10,1.417523645387063e-11,2.7203573538638573e-10,1.6967323192238448e-10,2.2676401177373153e-10,6.54415162930307e-11,2.954249604268204e-11,9.213804903601214e-11,1.9007765860477947e-10,1.7230495476966364e-10,6.6208960373444e-11,2.9200009543923086e-11,1.7415859506549571e-10,3.300542767528805e-11
b2527,3.688751327881722e-10,2.0908977811244852e-10,9.66500990089167e-12,4.1764502494320414e-11,2.5976794780080835e-10,2.004456773808568e-10,1.417523645387063e-11,2.7203573538638573e-10,1.6967323192238448e-10,2.2676401177373153e-10,6.54415162930307e-11,2.954249604268204e-11,9.213804903601214e-11,1.9007765860477947e-10,1.7230495476966364e-10,6.6208960373444e-11,2.9200009543923086e-11,1.7415859506549571e-10,3.300542767528805e-11
b2528,4.021678181731418e-09,2.2793156856872176e-09,1.053088414262597e-10,4.5495964675704036e-10,2.8298917354597735e-09,2.1839779620907074e-09,1.5448919865334635e-10,2.9670621917891184e-09,1.8482450747228879e-09,2.4737426268551297e-09,7.107378442766498e-10,3.217947608758506e-10,1.0033960387406804e-09,2.070677204662602e-09,1.8769723066212664e-09,7.210982986508301e-10,3.182045268108953e-10,1.8972865071962876e-09,3.59720634817774e-10
b2529,6.147394624016271e-09,3.4665304121860903e-09,1.5088503357148691e-10,6.63934082077029e-10,4.1380657683048815e-09,3.1628370057686117e-09,2.209812584724472e-10,4.540556120452121e-09,2.6973594317485176e-09,3.64577816240727e-09,1.0251739805041507e-09,4.591390766457189e-10,1.4423763335672777e-09,3.0056768212052818e-09,2.7407115660410986e-09,1.0359584469481028e-09,4.5569766161851753e-10,2.783361019659636e-09,5.180563627311031e-10
b2530,1.0301384548959706e-08,5.329276503019912e-09,1.943692688125836e-10,9.023129953118134e-10,5.1887551768226316e-09,3.7751798991826465e-09,2.657896381543657e-10,7.153885056617374e-09,3.4325057123701875e-09,4.53893452972513e-09,1.14828848474521e-09,4.969970499910938e-10,1.6313353656868796e-09,3.6220071207270326e-09,3.36023262801651e-09,1.1784058316995556e-09,5.306510901172787e-10,3.2020246546020552e-09,6.475152577811311e-10
b2532,7.520665498480546e-11,4.698260464497544e-11,1.6501157287225482e-12,5.373653883079931e-12,2.7572744248929632e-11,2.3002088073328206e-11,1.9507213452141418e-12,6.288479791575225e-11,2.3708539655279745e-11,2.982336344456469e-11,6.4516292876987835e-12,2.6266824368708214e-12,9.058911577703979e-12,2.26829637525016e-11,2.1883193500110146e-11,6.941860667224879e-12,3.4722973877166246e-12,1.8557477474484764e-11,4.830241609503583e-12
b2533,0.0,0.0,0.0,0.0,0.0,0.0,0.0,0.0,0.0,0.0,0.0,0.0,0.0,0.0,0.0,0.0,0.0,0.0,0.0
b2536,0.0,0.0,0.0,0.0,0.0,0.0,0.0,0.0,0.0,0.0,0.0,0.0,0.0,0.0,0.0,0.0,0.0,0.0,0.0
b2538,0.0,0.0,0.0,0.0,0.0,0.0,0.0,0.0,0.0,0.0,0.0,0.0,0.0,0.0,0.0,0.0,0.0,0.0,0.0
b2539,0.0,0.0,0.0,0.0,0.0,0.0,0.0,0.0,0.0,0.0,0.0,0.0,0.0,0.0,0.0,0.0,0.0,0.0,0.0
b2540,0.0,0.0,0.0,0.0,0.0,0.0,0.0,0.0,0.0,0.0,0.0,0.0,0.0,0.0,0.0,0.0,0.0,0.0,0.0
b2541,0.0,0.0,0.0,0.0,0.0,0.0,0.0,0.0,0.0,0.0,0.0,0.0,0.0,0.0,0.0,0.0,0.0,0.0,0.0
b2542,0.0,0.0,0.0,0.0,0.0,0.0,0.0,0.0,0.0,0.0,0.0,0.0,0.0,0.0,0.0,0.0,0.0,0.0,0.0
b2551,3.852318470877778e-06,1.2672937096351878e-06,1.0626087226273395e-07,4.2555931402148256e-07,1.6462225111600526e-06,1.2830685247049245e-06,1.2756497896157847e-07,1.5905545925317172e-06,1.220451274445159e-06,1.4724575193058948e-06,2.3074166590130935e-06,1.8254890632509498e-07,5.382593680147894e-07,1.1428614623043515e-06,1.1246640497719377e-06,4.038458346299533e-07,2.2401612318267227e-07,1.073850818961483e-06,1.7944395191925448e-07
b2552,0.0,0.0,0.0,0.0,0.0,0.0,0.0,0.0,0.0,0.0,0.0,0.0,0.0,0.0,0.0,0.0,0.0,0.0,0.0
b2557,2.3847290866257368e-06,8.291667828623959e-11,4.789738321582043e-08,2.0442160812534593e-07,9.064147741579235e-07,6.337524485198766e-07,5.76483470291063e-08,1.3023536989828117e-10,6.876838106594134e-07,8.44369551283032e-07,1.9665718435113567e-07,8.387899372648405e-08,2.860764717257462e-07,6.238570389834119e-07,6.260081235306634e-07,2.0877188374956223e-07,1.0296139073513709e-07,5.216139222141938e-07,5.030274420761162e-12
b2558,0.0,0.0,0.0,0.0,0.0,0.0,0.0,0.0,0.0,0.0,0.0,0.0,0.0,0.0,0.0,0.0,0.0,0.0,0.0
b2559,1.840782227497632e-10,8.664824461278548e-11,2.9520247763661022e-12,1.0889972414452593e-11,6.051744453904632e-11,4.118186001604508e-11,3.4488155415825888e-12,1.1790327699262848e-10,4.181794415961015e-11,5.402318214724092e-11,1.1045285130477425e-11,4.462310891790437e-12,1.5269856001177392e-11,4.057704378306222e-11,3.851291489530625e-11,1.1941924374880805e-11,5.98709885000756e-12,3.2046878881598857e-11,8.512769186381685e-12
b2563,0.0,0.0,2.2155842980059743e-13,1.4733835987549661e-12,0.0,0.0,2.859086727207363e-13,0.0,0.0,0.0,1.5666883999191582e-12,4.671220466569144e-13,2.0849821029736285e-12,0.0,0.0,1.403179598910287e-12,6.498757958406118e-13,5.042500242161575e-12,1.008490152912266e-12
b2564,6.9569985257595125e-06,4.6592600945897584e-06,1.2150688032917468e-07,4.6110567016132774e-07,3.4257841246298807e-06,2.9500022018509754e-06,1.720120468196127e-07,7.91947616772313e-06,2.284636413790918e-06,3.958660831076858e-06,3.9896836620561966e-07,2.6826389475952596e-07,8.471813997774507e-07,2.492372791494646e-06,1.8973087132915472e-06,5.325004384753769e-07,3.059002977739133e-07,1.4711550445120007e-06,5.476867594903112e-07
b2566,4.3058212807405667e-10,2.0571889846981373e-10,5.949216094409162e-12,2.91047341927066e-11,1.4950181155187272e-10,9.933795359551822e-11,7.195990378255084e-12,2.8194396746909064e-10,1.0238052658411366e-10,1.3010357864627133e-10,2.6334282749152195e-11,1.0412356832232792e-11,3.834721480234899e-11,9.690445845099285e-11,9.350853385971842e-11,2.803215339407301e-11,1.3343386230883319e-11,7.781207339141447e-11,1.8684151004186224e-11
b2567,9.061509671926676e-09,4.199875861757159e-09,1.2889031343207448e-10,5.810600236013627e-10,3.117847858236696e-09,2.0353739954734673e-09,1.552760352058286e-10,5.811535315018693e-09,2.0959967116809148e-09,2.669123395899286e-09,5.397348254591406e-10,2.134445858347168e-10,7.790395439980885e-10,1.9843020687182507e-09,1.9126624627683982e-09,5.747765075446082e-10,2.7600902769118286e-10,1.5892015273277434e-09,3.885795839443711e-10
b2573,6.014091598763163e-09,2.8600603252134617e-09,1.8759880352465372e-10,2.1711311606744644e-09,2.927376964145389e-09,2.1733144451899422e-09,2.283345552962025e-10,3.73883213916845e-09,2.001065469177631e-09,2.272791197608562e-09,7.734561359347207e-10,4.152119071523943e-10,1.075843241399005e-09,2.1117315533479802e-09,1.9262369127882727e-09,7.955954096103484e-10,4.1190154738527415e-10,1.7553664541614603e-09,4.95550738861983e-10
b2574,7.744020359013938e-09,4.294715147644648e-09,2.1421013217861433e-10,8.634910768878373e-10,3.3283471786030626e-09,2.3960931889589354e-09,2.5397214779056627e-10,5.510894866727722e-09,2.4546048200122304e-09,2.9804255576724584e-09,7.911692202306003e-10,3.5256834901560606e-10,1.088297590867779e-09,2.349739421942042e-09,2.2811639164722138e-09,8.350692981214089e-10,4.395014380679444e-10,1.9642915800031545e-09,5.893317669391455e-10
b2575,6.598436833328928e-11,3.102140599947562e-11,8.09158959577502e-13,3.698794545741913e-12,2.25878484245476e-11,1.4597590548964183e-11,9.975851279134596e-13,4.3572186122466073e-11,1.5379918135163154e-11,1.9591489327449304e-11,3.7857395637494245e-12,1.4696898483518516e-12,5.6299081934407045e-12,1.4159325837517616e-11,1.3871572199837584e-11,4.012659962979414e-12,1.86052021053435e-12,1.141712654185283e-11,2.6392904396302183e-12
b2578,0.0,0.0,0.0,0.0,0.0,0.0,0.0,0.0,0.0,0.0,0.0,0.0,0.0,0.0,0.0,0.0,0.0,0.0,0.0
b2579,0.0,0.0,0.0,0.0,0.0,0.0,0.0,0.0,0.0,0.0,0.0,0.0,6.582580821178046e-08,1.4887474140857598e-07,0.0,4.656483312701487e-08,0.0,0.0,0.0
b2582,1.0282098096953724e-06,4.305043309457508e-05,2.4124974810229548e-05,4.718158078711096e-05,0.00014078645301537825,0.00013749447706798564,3.2885719526615624e-05,6.922343387233128e-06,7.980088771180714e-05,7.287018753346143e-05,8.666447805275965e-05,6.225054220851834e-05,9.622480097859841e-05,0.00013377755515025047,0.00010056619189044685,8.441674663028742e-05,2.9153622274595842e-05,9.847762568880961e-05,4.82083618106622e-05
b2585,1.682929552383437e-07,8.698819568484323e-08,4.373744712713325e-09,1.756559423358815e-08,6.746336236794397e-08,4.8636362636922986e-08,5.184150454552573e-09,1.1147018620182407e-07,4.981968586825022e-08,6.045217222233017e-08,1.6112538729639278e-08,7.191248704611445e-09,2.214208260811121e-08,4.769994434905538e-08,4.631238407924429e-08,1.700465350950707e-08,8.962037874279667e-09,3.989456226549311e-08,1.2012508627345337e-08
b2587,0.0,0.0,0.0,0.0,0.0,0.0,0.0,0.0,0.0,0.0,0.0,0.0,0.0,0.0,0.0,0.0,0.0,0.0,0.0
b2594,6.458731921110845e-10,3.0857834770472034e-10,8.923824141613738e-12,4.3657101289059875e-11,2.2425271732780892e-10,1.4900693039327722e-10,1.079398556738262e-11,4.229159512036356e-10,1.5357078987617039e-10,1.9515536796940687e-10,3.9501424123728255e-11,1.5618535248349176e-11,5.752082220352345e-11,1.4535668767648917e-10,1.402628007895775e-10,4.2048230091109484e-11,2.0015079346324963e-11,1.1671811008712163e-10,2.802622650627932e-11
b2595,4.456045515460772e-06,2.221249053161759e-06,8.832472875451605e-08,3.0791025598986896e-06,3.006188741699601e-06,2.3323363637835482e-06,1.2992126400296239e-07,2.7761003009272497e-06,1.992870018072992e-06,2.1193576842641496e-06,7.829671780011656e-07,3.6660658236879705e-07,1.1594258399461734e-06,2.2538922725806445e-06,1.9732736567360013e-06,8.013187714487519e-07,3.3626402480499683e-07,1.8704220953927668e-06,4.1137385441449876e-07
b2599,2.4841107154861154e-05,1.4368754000068785e-05,5.61050269970962e-07,3.6316743742406394e-06,1.1853421531086029e-05,8.431226522450265e-06,7.133128736309107e-07,1.854760298643687e-05,8.609400395423458e-06,1.0273089188804579e-05,2.7770136657511604e-06,1.2146253074650215e-06,4.038702359942921e-06,8.220543879584655e-06,7.99779316172998e-06,2.9070222708818455e-06,1.450399642403488e-06,7.101354784674985e-06,1.8759399986134807e-06
b2600,1.983502759799302e-06,1.0796702535208471e-06,6.1097896805147e-08,3.3447821568172674e-07,9.232350416300241e-07,6.627474769216398e-07,7.523359673945758e-08,1.4546399289945296e-06,6.889397536094676e-07,8.16676979340739e-07,2.2293241004758761e-07,1.1645485597449555e-07,3.207538038701511e-07,6.471194750076888e-07,6.378058538904825e-07,2.3342468432431997e-07,1.407754304162708e-07,5.492765048237124e-07,1.4957363242179194e-07
b2601,1.983502759799302e-06,1.0796702535208471e-06,6.1097896805147e-08,3.3447821568172674e-07,9.232350416300241e-07,6.627474769216398e-07,7.523359673945758e-08,1.4546399289945296e-06,6.889397536094676e-07,8.16676979340739e-07,2.2293241004758761e-07,1.1645485597449555e-07,3.207538038701511e-07,6.471194750076888e-07,6.378058538904825e-07,2.3342468432431997e-07,1.407754304162708e-07,5.492765048237124e-07,1.4957363242179194e-07
b2606,6.794080780130098e-05,4.352461323864055e-05,5.613373250369941e-06,1.3703235012260265e-05,3.591727300116863e-05,2.810771601130748e-05,6.2365249944877455e-06,5.269559775380772e-05,2.862251280846191e-05,3.301978026380425e-05,1.2945844880885755e-05,7.661922952020362e-06,1.608109007840443e-05,2.768698812885513e-05,2.711399866564328e-05,1.3414159292869306e-05,8.795358811342817e-06,2.4309779938038724e-05,1.0637691812602386e-05
b2607,1.3412565437031443e-10,6.576792601733669e-11,1.885766263605204e-12,7.380053813678297e-12,4.599343393362904e-11,3.0413640548203375e-11,2.2768714940766095e-12,8.916268019340429e-11,3.180601001798436e-11,4.0710915741320434e-11,8.14641248635018e-12,3.2106027268076966e-12,1.1820014952486107e-11,2.988793248341569e-11,2.9061243059546947e-11,8.671762340570649e-12,4.185023998460363e-12,2.4081949123281638e-11,5.824488724109958e-12
b2608,2.1529106403702833e-10,1.0285944923490687e-10,2.974608047204581e-12,1.45523670963533e-11,7.475090577593636e-11,4.966897679775911e-11,3.597995189127542e-12,1.4097198373454532e-10,5.119026329205683e-11,6.505178932313567e-11,1.3167141374576097e-11,5.206178416116396e-12,1.9173607401174495e-11,4.8452229225496426e-11,4.675426692985921e-11,1.4016076697036505e-11,6.6716931154416594e-12,3.890603669570724e-11,9.342075502093112e-12
b2609,6.794080780130098e-05,4.352461323864055e-05,5.613373250369941e-06,1.3703235012260265e-05,3.591727300116863e-05,2.810771601130748e-05,6.2365249944877455e-06,5.269559775380772e-05,2.862251280846191e-05,3.301978026380425e-05,1.2945844880885755e-05,7.661922952020362e-06,1.608109007840443e-05,2.768698812885513e-05,2.711399866564328e-05,1.3414159292869306e-05,8.795358811342817e-06,2.4309779938038724e-05,1.0637691812602386e-05
b2610,3.5444308768315895e-06,1.938418914735994e-06,9.874324181402472e-08,4.4214309686649313e-07,2.280322538491663e-06,1.46093860378261e-06,1.3358374523862463e-07,3.088522860646908e-06,1.6599070993570803e-06,1.789769901019367e-06,5.437327723627459e-07,2.409751746424913e-07,8.173303750313413e-07,1.3542476374659937e-06,1.4795947399541228e-06,5.798887612218602e-07,3.238469021531107e-07,1.4138823721961143e-06,3.7514128030603e-07
b2614,2.6155983701703387e-09,1.4039653379532845e-09,4.2549405153689987e-11,2.3065488411626075e-10,1.5727467692809063e-09,1.0465172680524403e-09,7.355248218602129e-11,2.4389756345578367e-09,1.0436720121332664e-09,1.2510904510880597e-09,3.758456771933701e-10,1.5993908190507117e-10,5.454931982616163e-10,1.022892017822695e-09,1.0166908014434785e-09,4.019950407492305e-10,1.4986046361866265e-10,8.706322993513281e-10,1.9106582375594898e-10
b2615,3.728101786107438e-09,2.0735436431810127e-09,1.0425589462746693e-10,4.1870839762100964e-10,1.6081255741713986e-09,1.159343393131591e-09,1.2357338125793895e-10,2.6571286003422905e-09,1.1875504309359397e-09,1.440998576624331e-09,3.840720089228941e-10,1.7141623601058712e-10,5.277979448144384e-10,1.1370218700877365e-09,1.1039464629358437e-09,4.0533728471624233e-10,2.1362627352865237e-10,9.509642315822662e-10,2.8633996587245496e-10
b2617,4.456045515460772e-06,2.221249053161759e-06,8.832472875451605e-08,3.0791025598986896e-06,3.006188741699601e-06,2.3323363637835482e-06,1.2992126400296239e-07,2.7761003009272497e-06,1.992870018072992e-06,2.1193576842641496e-06,7.829671780011656e-07,3.6660658236879705e-07,1.1594258399461734e-06,2.2538922725806445e-06,1.9732736567360013e-06,8.013187714487519e-07,3.3626402480499683e-07,1.8704220953927668e-06,4.1137385441449876e-07
b2661,0.0,1.706596269247397e-06,3.700460590666509e-06,7.493028151164992e-07,3.4283337623739995e-06,8.729144207883469e-06,4.996455542839731e-06,1.3523397902710574e-05,1.5824273809054296e-06,1.7778003268053385e-05,5.63469647343618e-07,4.847428519699662e-06,2.4562280587328464e-06,7.556103298992331e-06,1.3286909039261484e-06,2.4853814835501473e-06,6.3107440205910185e-06,2.32575189754974e-07,9.712588007632429e-06
b2662,0.0,1.706596269247397e-06,3.700460590666509e-06,7.493028151164992e-07,3.4283337623739995e-06,8.729144207883469e-06,4.996455542839731e-06,1.3523397902710574e-05,1.5824273809054296e-06,1.7778003268053385e-05,5.63469647343618e-07,4.847428519699662e-06,2.4562280587328464e-06,7.556103298992331e-06,1.3286909039261484e-06,2.4853814835501473e-06,6.3107440205910185e-06,2.32575189754974e-07,9.712588007632429e-06
b2663,0.0,1.706596269247397e-06,3.700460590666509e-06,7.493028151164992e-07,3.4283337623739995e-06,8.729144207883469e-06,4.996455542839731e-06,1.3523397902710574e-05,1.5824273809054296e-06,1.7778003268053385e-05,5.63469647343618e-07,4.847428519699662e-06,2.4562280587328464e-06,7.556103298992331e-06,1.3286909039261484e-06,2.4853814835501473e-06,6.3107440205910185e-06,2.32575189754974e-07,9.712588007632429e-06
b2675,0.0,0.0,0.0,0.0,0.0,0.0,0.0,0.0,0.0,0.0,0.0,0.0,0.0,0.0,0.0,0.0,0.0,0.0,0.0
b2676,0.0,0.0,0.0,0.0,0.0,0.0,0.0,0.0,0.0,0.0,0.0,0.0,0.0,0.0,0.0,0.0,0.0,0.0,0.0
b2677,0.0,0.0,0.0,0.0,0.0,0.0,0.0,0.0,0.0,0.0,0.0,0.0,0.0,0.0,0.0,0.0,0.0,0.0,0.0
b2678,0.0,0.0,0.0,0.0,0.0,0.0,0.0,0.0,0.0,0.0,0.0,0.0,0.0,0.0,0.0,0.0,0.0,0.0,0.0
b2679,0.0,0.0,0.0,0.0,0.0,0.0,0.0,0.0,0.0,0.0,0.0,0.0,0.0,0.0,0.0,0.0,0.0,0.0,0.0
b2682,0.0,0.0,0.0,0.0,0.0,0.0,0.0,0.0,0.0,0.0,0.0,0.0,0.0,0.0,0.0,0.0,0.0,0.0,0.0
b2683,0.0,0.0,0.0,0.0,0.0,0.0,0.0,0.0,0.0,0.0,0.0,0.0,0.0,0.0,0.0,0.0,0.0,0.0,0.0
b2687,6.88633981169472e-05,3.287889162202533e-05,9.467349808257706e-07,4.6384538257990005e-06,2.388877585464494e-05,1.5865535698153834e-05,1.1463470126528502e-06,4.509520827911048e-05,1.635649356039944e-05,2.0793432000702032e-05,4.202095417493765e-06,1.6604968148632669e-06,6.122559982110871e-06,1.548065573479215e-05,1.4938233688272024e-05,4.472659959814559e-06,2.127009997263113e-06,1.2430396452632692e-05,2.9780494110929897e-06
b2688,0.0,0.0,0.0,0.0,0.0,0.0,0.0,0.0,0.0,0.0,0.0,0.0,0.0,0.0,0.0,0.0,0.0,0.0,0.0
b2690,1.0592605282895755e-06,0.0,0.0,0.0,0.0,0.0,0.0,0.0,0.0,0.0,0.0,0.0,0.0,0.0,0.0,0.0,0.0,0.0,0.0
b2697,5.583425667338715e-06,3.116958688163924e-06,1.557676854096293e-07,6.373865029605767e-07,2.47622155705406e-06,1.7669670072454143e-06,1.866245615617002e-07,4.066647393790811e-06,1.8294344425462975e-06,2.2113316385839e-06,5.878615638494857e-07,2.625022366081286e-07,8.183883389582184e-07,1.7251546493445247e-06,1.6891747288935824e-06,6.16825756323354e-07,3.236659310859211e-07,1.4521354761855002e-06,4.3244746755159374e-07
b2701,0.0,0.0,0.0,0.0,0.0,0.0,0.0,0.0,0.0,0.0,0.0,0.0,0.0,0.0,0.0,0.0,0.0,0.0,0.0
b2702,0.0,0.0,0.0,0.0,0.0,0.0,0.0,0.0,0.0,0.0,0.0,0.0,0.0,0.0,0.0,0.0,0.0,0.0,0.0
b2703,0.0,0.0,0.0,0.0,0.0,0.0,0.0,0.0,0.0,0.0,0.0,0.0,0.0,0.0,0.0,0.0,0.0,0.0,0.0
b2704,0.0,0.0,0.0,0.0,0.0,0.0,0.0,0.0,0.0,0.0,0.0,0.0,0.0,0.0,0.0,0.0,0.0,0.0,0.0
b2705,0.0,0.0,0.0,0.0,0.0,0.0,0.0,0.0,0.0,0.0,0.0,0.0,0.0,0.0,0.0,0.0,0.0,0.0,0.0
b2708,0.0,0.0,0.0,0.0,0.0,0.0,0.0,0.0,0.0,0.0,0.0,0.0,0.0,0.0,0.0,0.0,0.0,0.0,0.0
b2710,0.0,0.0,0.0,0.0,0.0,0.0,0.0,0.0,0.0,0.0,0.0,0.0,0.0,0.0,0.0,0.0,0.0,0.0,0.0
b2711,0.0,0.0,0.0,0.0,0.0,0.0,0.0,0.0,0.0,0.0,0.0,0.0,0.0,0.0,0.0,0.0,0.0,0.0,0.0
b2715,0.0,0.0,0.0,0.0,0.0,0.0,0.0,0.0,0.0,0.0,0.0,0.0,0.0,0.0,0.0,0.0,0.0,0.0,0.0
b2719,0.0,0.0,0.0,0.0,0.0,0.0,0.0,0.0,0.0,0.0,0.0,0.0,0.0,0.0,0.0,0.0,0.0,0.0,0.0
b2720,0.0,0.0,0.0,0.0,0.0,0.0,0.0,0.0,0.0,0.0,0.0,0.0,0.0,0.0,0.0,0.0,0.0,0.0,0.0
b2721,0.0,0.0,0.0,0.0,0.0,0.0,0.0,0.0,0.0,0.0,0.0,0.0,0.0,0.0,0.0,0.0,0.0,0.0,0.0
b2722,0.0,0.0,0.0,0.0,0.0,0.0,0.0,0.0,0.0,0.0,0.0,0.0,0.0,0.0,0.0,0.0,0.0,0.0,0.0
b2723,0.0,0.0,0.0,0.0,0.0,0.0,0.0,0.0,0.0,0.0,0.0,0.0,0.0,0.0,0.0,0.0,0.0,0.0,0.0
b2724,0.0,0.0,0.0,0.0,0.0,0.0,0.0,0.0,0.0,0.0,0.0,0.0,0.0,0.0,0.0,0.0,0.0,0.0,0.0
b2738,0.0,0.0,0.0,0.0,0.0,0.0,0.0,0.0,0.0,0.0,0.0,0.0,0.0,0.0,0.0,0.0,0.0,0.0,0.0
b2741,1.961517257044157e-08,1.4093173099624372e-08,3.9072891616151504e-09,6.779060171109503e-09,2.1404765787910236e-08,1.6676934502868896e-08,4.779675843457383e-09,3.18663509063165e-08,3.914093819487075e-08,2.5443160635847837e-08,2.408073029804809e-08,1.6339810658697615e-08,3.14416516655228e-08,1.8856831784345035e-08,3.458669599143129e-08,2.3268432788019837e-08,1.0649105453346521e-08,3.059889926164569e-08,6.958117633348526e-09
b2744,5.8888840403522593e-05,3.161561847243765e-05,7.885379337242425e-09,3.5485911545556894e-08,2.4519719665921515e-05,1.8376693765933246e-05,9.490696257046575e-09,4.0602414300643246e-05,1.8475971795231077e-05,2.2980171729758513e-05,3.2328241383752655e-08,1.3802079597846548e-08,4.7048887532458384e-08,1.8035337656520202e-05,1.7603629123190633e-05,3.432409740487723e-08,1.6926145495379006e-08,1.5125763190880891e-05,0.0
b2745,1.0312508455901652e-10,4.7971070595311587e-11,1.6029735332066307e-12,6.263837218951682e-12,3.490716831299155e-11,2.365521693954913e-11,1.894067632840908e-12,6.6547310024022e-11,2.4016619985210297e-11,3.0954144541159776e-11,6.382954058419397e-12,2.561733218167293e-12,8.937912321606987e-12,2.325508803850072e-11,2.214939025359876e-11,6.837971091329205e-12,3.3027695823210426e-12,1.8332020153545804e-11,4.723958191628733e-12
b2746,2.4129214238218334e-05,1.335035073425159e-05,6.619721236184335e-07,2.675076921291611e-06,1.0332513501914889e-05,7.439208431309527e-06,7.852384049896724e-07,1.7167300819385593e-05,7.63092036279301e-06,9.268436838051575e-06,2.4498484247692357e-06,1.0897698579065685e-06,3.37651597892627e-06,7.289013906809468e-06,7.086101472437636e-06,2.5849260651399976e-06,1.3602652254655334e-06,6.084841032558749e-06,1.8246132498283884e-06
b2747,7.581493100036036e-05,4.1947322020322466e-05,2.0799421970733563e-06,8.40519588437933e-06,3.246515988768522e-05,2.337428265789545e-05,2.4672496545217314e-06,5.394032786292058e-05,2.3976649014042452e-05,2.9121789562674276e-05,7.697519175366876e-06,3.4240993414777516e-06,1.0609144725419425e-05,2.2902365611646673e-05,2.22648068391505e-05,8.121938382859355e-06,4.274006322489923e-06,1.9118807536671212e-05,5.733005901989822e-06
b2750,2.1534404883426032e-05,1.2684241328005882e-05,0.0,2.434214953200245e-06,9.816948060337562e-06,7.129587500786082e-06,8.163047329239097e-07,1.5963471667994595e-05,7.331229028931557e-06,8.87898817364229e-06,2.4488897628678355e-06,1.1179029388179602e-06,3.3325995402442556e-06,7.011593545126933e-06,6.825811826107867e-06,2.5891431826473814e-06,1.3999548859326827e-06,5.927135023144469e-06,1.8582417019647161e-06
b2751,1.8273338700876193e-06,1.0763401134372438e-06,0.0,2.0655892071946962e-07,8.330316899238959e-07,6.049917232663747e-07,6.926874900233469e-08,1.3546040682815337e-06,6.221023142481593e-07,7.53439712387476e-07,2.078041734621315e-07,9.486131214820682e-08,2.827926774987756e-07,5.949791711290491e-07,5.792143877768087e-07,2.1970558544663608e-07,1.1879524851083065e-07,5.029558345821958e-07,1.5768385609870446e-07
b2752,1.8273338700876193e-06,1.0763401134372438e-06,0.0,2.0655892071946962e-07,8.330316899238959e-07,6.049917232663747e-07,6.926874900233469e-08,1.3546040682815337e-06,6.221023142481593e-07,7.53439712387476e-07,2.078041734621315e-07,9.486131214820682e-08,2.827926774987756e-07,5.949791711290491e-07,5.792143877768087e-07,2.1970558544663608e-07,1.1879524851083065e-07,5.029558345821958e-07,1.5768385609870446e-07
b2762,1.554125544457857e-06,9.154143597947322e-07,0.0,1.7567588516836307e-07,7.084834631733427e-07,5.14538206019663e-07,5.891224040629543e-08,1.152074516651915e-06,5.290905584719748e-07,6.407914406874162e-07,1.767349576938366e-07,8.067840847455517e-08,2.4051178116969196e-07,5.060226504900721e-07,4.926148912887466e-07,1.868569658736273e-07,1.0103393435270183e-07,4.277579062335397e-07,1.3410822878244084e-07
b2763,1.0077422529751495e-05,5.935825021569631e-06,0.0,1.1391358500237977e-06,4.594022174849473e-06,3.3364221624510307e-06,3.820048778334952e-07,7.470401430220745e-06,3.4307840400913398e-06,4.155086520701863e-06,1.1460031982679003e-06,5.231433291379267e-07,1.559551511699536e-06,3.2812047114199516e-06,3.194264724408765e-06,1.2116373766913267e-06,6.551347476053022e-07,2.7737123148959938e-06,8.695985282377454e-07
b2764,2.015484505950299e-05,1.1871650043139263e-05,0.0,2.2782717000475953e-06,9.188044349698946e-06,6.6728443249020614e-06,7.640097556669904e-07,1.494080286044149e-05,6.8615680801826795e-06,8.310173041403726e-06,2.2920063965358006e-06,1.0462866582758534e-06,3.119103023399072e-06,6.562409422839903e-06,6.38852944881753e-06,2.4232747533826534e-06,1.3102694952106043e-06,5.5474246297919876e-06,1.7391970564754908e-06
b2765,1.1076656363131342e-09,5.241418264262522e-10,1.458008180350181e-11,8.613431099630129e-11,3.8977624576726874e-10,2.596496949039502e-10,1.7918361844047363e-11,7.219203537310402e-10,2.6596030720319023e-10,3.3663120109152006e-10,6.84210436930475e-11,2.6926506516222195e-11,1.0084335268329194e-10,2.53248946415007e-10,2.43490772662088e-10,7.251387588821907e-11,3.323139651494485e-11,2.019868504676373e-10,4.6659101304902e-11
b2779,3.7775134763087235e-05,2.488725426872689e-05,4.277304131123057e-06,1.0418120161335002e-05,3.42393916031716e-05,2.506035362322569e-05,5.1341114282511114e-06,2.930794864693244e-05,2.3159624646253453e-05,2.2739648750128258e-05,1.5547433371663688e-05,1.03584789046464e-05,1.770773575167908e-05,2.3626589877550953e-05,2.0895171440295983e-05,1.5646179909317877e-05,7.895193869477226e-06,2.26555664190033e-05,1.0099901291107473e-05
b2780,2.0046407251984293e-05,9.892580677307788e-06,3.7032410760953726e-07,1.598458256287194e-06,0.0,5.1193839261374124e-06,4.4620636442345577e-07,1.363279149247667e-05,5.520524199909307e-06,6.828408376732154e-06,1.5403499700050613e-06,6.48185937320877e-07,2.2460053105918585e-06,5.032228068237243e-06,5.02187875821626e-06,1.6362022761430375e-06,7.988446341150921e-07,4.172526389093656e-06,1.0882946491552963e-06
b2781,0.0,0.0,0.0,0.0,0.0,0.0,0.0,0.0,0.0,0.0,0.0,0.0,0.0,0.0,0.0,0.0,0.0,0.0,0.0
b2784,0.0,0.0,0.0,0.0,0.0,0.0,0.0,0.0,0.0,0.0,0.0,0.0,0.0,0.0,0.0,0.0,0.0,0.0,0.0
b2785,2.1529106403702833e-10,1.0285944923490687e-10,2.974608047204581e-12,1.45523670963533e-11,7.475090577593636e-11,4.966897679775911e-11,3.597995189127542e-12,1.4097198373454532e-10,5.119026329205683e-11,6.505178932313567e-11,1.3167141374576097e-11,5.206178416116396e-12,1.9173607401174495e-11,4.8452229225496426e-11,4.675426692985921e-11,1.4016076697036505e-11,6.6716931154416594e-12,3.890603669570724e-11,9.342075502093112e-12
b2787,0.0,0.0,0.0,0.0,0.0,0.0,0.0,0.0,0.0,0.0,0.0,0.0,0.0,0.0,0.0,0.0,0.0,0.0,0.0
b2788,0.0,0.0,0.0,0.0,0.0,0.0,0.0,0.0,0.0,0.0,0.0,0.0,0.0,0.0,0.0,0.0,0.0,0.0,0.0
b2789,0.0,0.0,0.0,0.0,0.0,0.0,0.0,0.0,0.0,0.0,0.0,0.0,0.0,0.0,0.0,0.0,0.0,0.0,0.0
b2791,2.3562354346227903e-10,1.1202409719794538e-10,3.32089146688908e-12,1.5560441131702183e-11,8.12074295872223e-11,5.423255696701655e-11,4.004558310178533e-12,1.5389396808404252e-10,5.575913642896757e-11,7.120883070321756e-11,1.4417284860772554e-11,5.700176577447278e-12,2.0859366921254344e-11,5.296240029704768e-11,5.105889115073282e-11,1.533629996906517e-11,7.28017364305275e-12,4.213312436754639e-11,1.028588830618992e-11
b2794,3.3274874656105994e-06,1.5745503881846118e-06,4.379935411755826e-08,2.587521277207643e-07,1.1709089184172284e-06,7.800017233704859e-07,5.382772786813035e-08,2.1686877785654407e-06,7.989591439472792e-07,1.011258330531809e-06,2.055405149431294e-07,8.088868155523646e-08,3.029388843014919e-07,7.607735288059455e-07,7.314594472044205e-07,2.178356041666349e-07,9.982891203185699e-08,6.067794207161106e-07,1.401664632889502e-07
b2796,0.0,0.0,0.0,0.0,0.0,0.0,0.0,0.0,0.0,0.0,0.0,0.0,0.0,0.0,0.0,0.0,0.0,0.0,0.0
b2797,0.0,0.0,0.0,0.0,0.0,0.0,0.0,0.0,0.0,0.0,0.0,0.0,0.0,0.0,0.0,0.0,0.0,0.0,0.0
b2799,0.0,0.0,0.0,0.0,0.0,0.0,0.0,0.0,0.0,0.0,0.0,0.0,0.0,0.0,0.0,0.0,0.0,0.0,0.0
b2800,0.0,0.0,0.0,0.0,0.0,0.0,0.0,0.0,0.0,0.0,0.0,0.0,0.0,0.0,0.0,0.0,0.0,0.0,0.0
b2801,0.0,0.0,0.0,0.0,0.0,0.0,0.0,0.0,0.0,0.0,0.0,0.0,0.0,0.0,0.0,0.0,0.0,0.0,0.0
b2802,0.0,0.0,0.0,0.0,0.0,0.0,0.0,0.0,0.0,0.0,0.0,0.0,0.0,0.0,0.0,0.0,0.0,0.0,0.0
b2803,0.0,0.0,0.0,0.0,0.0,0.0,0.0,0.0,0.0,0.0,0.0,0.0,0.0,0.0,0.0,0.0,0.0,0.0,0.0
b2806,2.1529106403702833e-10,1.0285944923490687e-10,2.974608047204581e-12,1.45523670963533e-11,7.475090577593636e-11,4.966897679775911e-11,3.597995189127542e-12,1.4097198373454532e-10,5.119026329205683e-11,6.505178932313567e-11,1.3167141374576097e-11,5.206178416116396e-12,1.9173607401174495e-11,4.8452229225496426e-11,4.675426692985921e-11,1.4016076697036505e-11,6.6716931154416594e-12,3.890603669570724e-11,9.342075502093112e-12
b2810,0.0,0.0,0.0,0.0,0.0,0.0,0.0,0.0,0.0,0.0,0.0,0.0,0.0,0.0,0.0,0.0,0.0,0.0,0.0
b2811,0.0,0.0,0.0,0.0,0.0,0.0,0.0,0.0,0.0,0.0,0.0,0.0,0.0,0.0,0.0,0.0,0.0,0.0,0.0
b2813,0.0,0.0,0.0,0.0,0.0,0.0,0.0,0.0,0.0,0.0,0.0,0.0,0.0,0.0,0.0,0.0,0.0,0.0,0.0
b2817,0.0,0.0,0.0,0.0,0.0,0.0,0.0,0.0,0.0,0.0,0.0,0.0,0.0,0.0,0.0,0.0,0.0,0.0,0.0
b2818,9.125984275388038e-06,5.2245181633353315e-06,3.451983775347125e-07,9.631845665330072e-07,3.883823936124974e-06,2.913985750996159e-06,3.916347475651637e-07,6.529351347196541e-06,2.928703397771211e-06,3.593578406343773e-06,1.0138301687767566e-06,1.0302469802869246e-07,1.2951620447161001e-06,2.8893281806170654e-06,2.754387916730695e-06,0.0,6.211863682953632e-07,2.385181944534904e-06,8.427003064715378e-07
b2827,8.860105367767005e-07,6.54830754008988e-07,4.6777345124332985e-08,1.837783741402789e-07,5.632790701637055e-07,4.48713513151858e-07,5.540983514351591e-08,7.460684999654313e-07,4.568636674788178e-07,5.241813061524263e-07,1.691809775496323e-07,7.670997291008852e-08,2.286748970997155e-07,4.4216555610199713e-07,4.323013531189145e-07,1.7816145656662999e-07,9.538471731743879e-08,3.8411011046703395e-07,1.2722349096575698e-07
b2828,8.51018379585693e-09,4.722636721234465e-09,2.365634512691534e-10,9.62396339895372e-10,3.6712909236283686e-09,2.6451274845683476e-09,2.80481825922893e-10,6.0547139636721285e-09,2.7074015022659774e-09,3.2847253729754174e-09,8.740697189942485e-10,3.8962988477021334e-10,1.203507871581138e-09,2.59430309484473e-09,2.5171246454915848e-09,9.223484450631157e-10,4.853972984444716e-10,2.168507017848142e-09,6.507059535006671e-10
b2835,1.604117450744347e-08,8.901880570131027e-09,4.4590759670067476e-10,1.814058074879923e-09,6.920158222926591e-09,4.985903077093681e-09,5.286910393152628e-10,1.1412764472983911e-08,5.103285781055213e-09,6.191505868836564e-09,1.6475678117415989e-09,7.34428435958912e-10,2.2685385242224284e-09,4.890102219633026e-09,4.744625576121471e-09,1.738570249344038e-09,9.149441371148842e-10,4.087502729477204e-09,1.226540813162959e-09
b2836,1.0459265782339586e-06,5.500323552557615e-07,2.7652359820933255e-08,1.1109847577950425e-07,4.2660678457239275e-07,3.075480087153362e-07,3.277635253809406e-08,7.04843686838652e-07,3.150231728577618e-07,3.8225288454844743e-07,1.0187918338870936e-07,4.54681515317387e-08,1.400112323968412e-07,3.016270078634754e-07,2.928468349971038e-07,1.0751895998031033e-07,5.666358809194826e-08,2.5226600252635916e-07,7.595080191683743e-08
b2838,2.289846999600832e-05,1.2567481567666698e-05,5.05320539425663e-07,2.875739667340432e-06,9.996711779051615e-06,7.130223142281037e-06,6.225173340400279e-07,1.6359796143696362e-05,7.260446203509846e-06,8.837836717829368e-06,2.286681390753902e-06,1.0010344412868699e-06,3.2724183545605953e-06,6.977436055605986e-06,6.748571325741788e-06,2.382320063183216e-06,1.172645818677977e-06,5.7804618831808634e-06,1.561566377477449e-06
b2841,0.0,0.0,0.0,0.0,0.0,0.0,0.0,0.0,0.0,0.0,0.0,0.0,0.0,0.0,0.0,0.0,0.0,0.0,0.0
b2866,1.2878439749785278e-07,3.929985306297518e-06,2.548620361533412e-09,1.0896716821515377e-08,4.8718803886583325e-08,3.4002282372344936e-08,3.068563824797797e-09,5.040794681057999e-06,3.686748328957163e-08,4.5336869177209224e-08,1.0496082019209433e-08,4.462630376722183e-09,1.5276226963046156e-08,3.346891846960836e-08,3.3561961389868305e-08,1.1144639828143527e-08,5.4844571096251354e-09,2.7948507279932487e-08,2.742009951782762e-07
b2867,1.2878439749785278e-07,3.929985306297518e-06,2.548620361533412e-09,1.0896716821515377e-08,4.8718803886583325e-08,3.4002282372344936e-08,3.068563824797797e-09,5.040794681057999e-06,3.686748328957163e-08,4.5336869177209224e-08,1.0496082019209433e-08,4.462630376722183e-09,1.5276226963046156e-08,3.346891846960836e-08,3.3561961389868305e-08,1.1144639828143527e-08,5.4844571096251354e-09,2.7948507279932487e-08,2.742009951782762e-07
b2868,1.2878439749785278e-07,3.929985306297518e-06,2.548620361533412e-09,1.0896716821515377e-08,4.8718803886583325e-08,3.4002282372344936e-08,3.068563824797797e-09,5.040794681057999e-06,3.686748328957163e-08,4.5336869177209224e-08,1.0496082019209433e-08,4.462630376722183e-09,1.5276226963046156e-08,3.346891846960836e-08,3.3561961389868305e-08,1.1144639828143527e-08,5.4844571096251354e-09,2.7948507279932487e-08,2.742009951782762e-07
b2871,0.0,0.0,0.0,0.0,0.0,0.0,0.0,0.0,0.0,0.0,0.0,0.0,0.0,0.0,0.0,0.0,0.0,0.0,0.0
b2874,3.7968409568875827e-06,2.008714071419991e-06,1.0289291129078441e-07,1.7378777258624385e-07,7.007598900860993e-07,1.0805657550907444e-06,1.195774530183551e-07,2.644037027700997e-06,1.1265352148940125e-06,1.3870207635138113e-06,3.510618379781233e-07,1.5615989798745268e-07,4.783837733862674e-07,1.0667016860851565e-06,1.0414517830959203e-06,1.785210939504766e-07,1.9950945954060564e-07,8.832217406618114e-07,2.709939653759831e-07
b2877,0.0,0.0,0.0,0.0,0.0,0.0,0.0,0.0,0.0,0.0,0.0,0.0,0.0,0.0,0.0,0.0,0.0,0.0,0.0
b2882,0.0,0.0,0.0,0.0,0.0,0.0,0.0,0.0,0.0,0.0,0.0,0.0,0.0,0.0,0.0,0.0,0.0,0.0,5.58743572994193e-07
b2883,0.0,0.0,0.0,0.0,0.0,0.0,0.0,0.0,0.0,0.0,0.0,0.0,0.0,0.0,0.0,0.0,0.0,0.0,5.58743572994193e-07
b2889,0.0,0.0,0.0,0.0,0.0,0.0,0.0,0.0,0.0,0.0,0.0,0.0,0.0,0.0,0.0,0.0,0.0,0.0,0.0
b2890,2.0111244798085537e-09,1.1204150107326784e-09,6.495501004288969e-11,2.273687307317505e-10,8.847607480125808e-10,6.46652577003818e-10,7.543213484751308e-11,1.4263202329310463e-09,6.489425570307431e-10,7.851336198868271e-10,2.1846916836522088e-10,9.940256035036112e-11,2.902362165677813e-10,6.343544001688585e-10,6.080731872290524e-10,2.3128829386769147e-10,1.2395601131548868e-10,5.234593958981897e-10,1.6875957285977753e-10
b2891,2.0111244798085537e-09,1.1204150107326784e-09,6.495501004288969e-11,2.273687307317505e-10,8.847607480125808e-10,6.46652577003818e-10,7.543213484751308e-11,1.4263202329310463e-09,6.489425570307431e-10,7.851336198868271e-10,2.1846916836522088e-10,9.940256035036112e-11,2.902362165677813e-10,6.343544001688585e-10,6.080731872290524e-10,2.3128829386769147e-10,1.2395601131548868e-10,5.234593958981897e-10,1.6875957285977753e-10
b2893,0.0,0.0,0.0,0.0,0.0,0.0,0.0,0.0,0.0,0.0,0.0,0.0,0.0,0.0,0.0,0.0,0.0,0.0,0.0
b2895,9.806980568714787e-07,7.204830896967075e-07,5.1185207593546825e-08,2.0116766732353093e-07,6.18638257422264e-07,4.920488343212363e-07,6.063220834990194e-08,8.227599009872297e-07,5.010398567710284e-07,5.753625045684721e-07,1.8517680142276453e-07,8.39424667599573e-08,2.5035844486318787e-07,4.848272054730241e-07,4.73972503985585e-07,1.9501104214361988e-07,1.0438295209434944e-07,4.2093237794484915e-07,1.3923522584133335e-07
b2901,0.0,0.0,0.0,0.0,0.0,0.0,0.0,0.0,0.0,0.0,0.0,0.0,0.0,0.0,0.0,0.0,0.0,0.0,0.0
b2903,0.0,0.0,2.9099821188473303e-09,0.0,0.0,3.970370946249974e-08,3.396475978493086e-09,0.0,0.0,0.0,9.763597845388928e-07,4.68840930900638e-09,0.0,0.0,0.0,0.0,6.180992971948889e-09,3.964501561465545e-08,0.0
b2904,0.0,0.0,1.4549910594236651e-09,0.0,0.0,1.985185473124987e-08,1.698237989246543e-09,0.0,0.0,0.0,4.881798922694464e-07,2.34420465450319e-09,0.0,0.0,0.0,0.0,3.0904964859744444e-09,1.9822507807327725e-08,0.0
b2905,0.0,0.0,1.4549910594236651e-09,0.0,0.0,1.985185473124987e-08,1.698237989246543e-09,0.0,0.0,0.0,4.881798922694464e-07,2.34420465450319e-09,0.0,0.0,0.0,0.0,3.0904964859744444e-09,1.9822507807327725e-08,0.0
b2907,0.0,0.0,0.0,0.0,0.0,0.0,3.471883980141682e-38,0.0,0.0,0.0,0.0,-1.6226184227415072e-38,0.0,0.0,0.0,0.0,0.0,0.0,0.0
b2912,0.0,0.0,0.0,0.0,0.0,0.0,0.0,0.0,0.0,0.0,0.0,0.0,0.0,0.0,0.0,0.0,0.0,0.0,0.0
b2913,7.128255034030285e-07,3.1992710668572793e-07,1.8414244776090818e-08,8.11931657352033e-08,3.111794496935615e-07,2.3574219116946252e-07,2.5719423385268952e-08,4.008842859154146e-07,2.3183045154941156e-07,2.7979364498117044e-07,0.0,3.542986164898264e-08,1.0385908003703639e-07,2.205555643211715e-07,2.1517904576606716e-07,8.011503346609937e-08,4.431204028350797e-08,0.0,4.748963934037933e-08
b2914,1.099429291482708e-05,3.964430195885947e-06,1.4334757064451578e-07,6.697169303094034e-07,5.983313042678754e-06,1.752668789826121e-06,1.7198061086991903e-07,4.204915256749654e-06,1.8515314393848219e-06,2.260632517236565e-06,5.619399367355233e-07,2.4565830923348167e-07,7.968006320516473e-07,1.7228630475906873e-06,1.7029018198735516e-06,5.95359949919637e-07,3.0387444384171464e-07,1.447323569637702e-06,5.022350900174052e-07
b2917,0.0,0.0,0.0,0.0,0.0,0.0,0.0,0.0,0.0,0.0,0.0,0.0,0.0,0.0,0.0,0.0,0.0,0.0,0.0
b2919,0.0,0.0,0.0,0.0,0.0,0.0,0.0,0.0,0.0,0.0,0.0,0.0,0.0,0.0,0.0,0.0,0.0,0.0,0.0
b2920,0.0,0.0,0.0,0.0,0.0,0.0,0.0,0.0,0.0,0.0,0.0,0.0,0.0,0.0,0.0,0.0,0.0,0.0,0.0
b2923,0.0,0.0,0.0,0.0,0.0,0.0,0.0,0.0,0.0,0.0,0.0,0.0,0.0,0.0,0.0,0.0,0.0,0.0,0.0
b2925,3.316592906187973e-05,2.101023338182784e-05,3.4533827782947758e-06,8.566577173098822e-06,2.87992021694976e-05,2.0786662750752567e-05,4.156642438350496e-06,2.5311301002100268e-05,1.9288643317388624e-05,1.9170354061007022e-05,1.2359214847058675e-05,8.321032505283394e-06,1.4422722563390922e-05,1.9603246024025698e-05,1.7427615590299592e-05,1.2688026229792534e-05,6.414556695903306e-06,1.8115037272939064e-05,8.129664131118186e-06
b2926,9.7964631311369e-05,6.313958861215089e-05,1.0509587645350733e-05,2.593881839058467e-05,8.566223870841571e-05,6.277298941132362e-05,1.26488239949283e-05,7.457932625609577e-05,5.814247809332311e-05,5.757676253336409e-05,3.7572046545495863e-05,2.5365771215072363e-05,4.3768176671871e-05,5.91655850779138e-05,5.251416262395413e-05,3.856353185794325e-05,1.9495933511995653e-05,5.474721347739909e-05,2.485364284586441e-05
b2927,0.0,0.0,0.0,0.0,0.0,0.0,0.0,0.0,0.0,0.0,0.0,0.0,0.0,0.0,0.0,0.0,0.0,0.0,0.0
b2930,0.0,0.0,0.0,0.0,0.0,0.0,0.0,0.0,0.0,0.0,0.0,0.0,0.0,0.0,0.0,0.0,0.0,0.0,0.0
b2935,0.0,0.0,1.2991149281334567e-08,0.0,0.0,0.0,0.0,0.0,0.0,0.0,0.0,0.0,0.0,0.0,0.0,0.0,0.0,0.0,0.0
b2937,0.0,0.0,0.0,0.0,0.0,0.0,0.0,0.0,0.0,0.0,0.0,0.0,0.0,0.0,0.0,0.0,0.0,0.0,0.0
b2938,0.0,0.0,0.0,0.0,0.0,0.0,0.0,0.0,0.0,0.0,0.0,0.0,0.0,0.0,0.0,0.0,0.0,0.0,0.0
b2942,1.0042133963822652e-09,4.788796931776304e-10,1.3718300755932223e-11,6.790554360112056e-11,3.488187618183292e-10,2.3147865295132926e-10,1.6628827124874516e-11,6.573957464396362e-10,2.385573937661952e-10,3.0311120363157536e-10,6.134544864814936e-11,2.4193316761450687e-11,8.936841039237961e-11,2.2587988799728006e-10,2.1790948644336682e-10,6.519729316933823e-11,3.093327181402167e-11,1.813878507490607e-10,4.329224772880383e-11
b2943,1.5478671355363232e-05,2.9084681157920783e-05,4.562830575407509e-06,1.1447834072721689e-05,3.3172463233406895e-05,2.7840463192883796e-05,5.491352263357656e-06,2.9583284994961374e-05,2.592125014742075e-05,1.0059984019803717e-05,1.63449096324919e-05,1.0947914752244047e-05,1.913012387435143e-05,2.6283604982130956e-05,2.343465085487947e-05,1.6787518931172485e-05,8.487711063595947e-06,2.4219623291673878e-05,1.0311381668290153e-05
b2946,4.3058212807405667e-10,2.0571889846981373e-10,5.949216094409162e-12,2.91047341927066e-11,1.4950181155187272e-10,9.933795359551822e-11,7.195990378255084e-12,2.8194396746909064e-10,1.0238052658411366e-10,1.3010357864627133e-10,2.6334282749152195e-11,1.0412356832232792e-11,3.834721480234899e-11,9.690445845099285e-11,9.350853385971842e-11,2.803215339407301e-11,1.3343386230883319e-11,7.781207339141447e-11,1.8684151004186224e-11
b2947,0.0,0.0,0.0,0.0,0.0,0.0,0.0,0.0,0.0,0.0,0.0,0.0,0.0,0.0,0.0,0.0,0.0,0.0,0.0
b2954,0.0,0.0,0.0,0.0,0.0,0.0,0.0,0.0,0.0,0.0,0.0,0.0,0.0,0.0,0.0,0.0,0.0,0.0,0.0
b2957,0.0,0.0,0.0,0.0,0.0,0.0,0.0,0.0,1.1244961017336394e-05,0.0,0.0,0.0,0.0,0.0,0.0,0.0,0.0,0.0,0.0
b2960,1.2147592983449874e-09,5.784992345688097e-10,1.5829510157763967e-11,8.221663349095375e-11,4.216912647220644e-10,2.78282489069905e-10,1.932940765862194e-11,7.935821136657438e-10,2.870143553694355e-10,3.645666235635712e-10,7.300747164368753e-11,2.8667662607290192e-11,1.0742068784129136e-10,2.7092415044706306e-10,2.616807509938626e-10,7.759072109329992e-11,3.636972877336676e-11,2.175698213111964e-10,5.086585012362675e-11
b2963,0.0,0.0,0.0,0.0,0.0,0.0,0.0,0.0,0.0,0.0,0.0,0.0,0.0,0.0,0.0,0.0,0.0,0.0,0.0
b2964,0.0,0.0,0.0,0.0,6.271243803545126e-06,0.0,0.0,0.0,0.0,0.0,0.0,0.0,0.0,0.0,0.0,0.0,0.0,0.0,6.736980164850482e-07
b2965,0.0,0.0,0.0,0.0,0.0,0.0,0.0,0.0,0.0,0.0,0.0,0.0,0.0,0.0,0.0,0.0,0.0,0.0,0.0
b2975,2.040631412719726e-09,0.0,5.3591081426518e-11,2.1833131521838227e-10,8.586344068440523e-10,3.768055674209288e-10,6.359097414710198e-11,0.0,3.8597325096978295e-10,7.676512316083145e-10,1.9998537021356736e-10,5.571351149004357e-11,1.7154366709768136e-10,6.028179258777598e-10,5.845102768516571e-10,2.1116503886110137e-10,6.943253120458783e-11,5.01799414673139e-10,3.924955470804849e-07
b2976,2.040631412719726e-09,2.7664873930256236e-06,5.3591081426518e-11,2.1833131521838227e-10,8.586344068440523e-10,3.768055674209288e-10,6.359097414710198e-11,3.544418101684598e-06,3.8597325096978295e-10,7.676512316083145e-10,1.9998537021356736e-10,5.571351149004357e-11,1.7154366709768136e-10,6.028179258777598e-10,5.845102768516571e-10,2.1116503886110137e-10,6.943253120458783e-11,5.01799414673139e-10,3.924955470804849e-07
b4467,1.211681825990135e-09,6.739327255748877e-10,3.3885168809418526e-11,1.3608776116099216e-10,5.226659470187944e-10,3.768055674209288e-10,4.01637097783333e-11,8.636046053823944e-10,3.8597325096978295e-10,4.683474219918338e-10,1.2483035263011855e-10,5.571351149004357e-11,1.7154366709768136e-10,3.6955075630486437e-10,3.5880076583579946e-10,1.3174192655562186e-10,6.943253120458783e-11,3.090793052037689e-10,9.306576158389354e-11
b4468,1.211681825990135e-09,6.739327255748877e-10,3.3885168809418526e-11,1.3608776116099216e-10,5.226659470187944e-10,3.768055674209288e-10,4.01637097783333e-11,8.636046053823944e-10,3.8597325096978295e-10,4.683474219918338e-10,1.2483035263011855e-10,5.571351149004357e-11,1.7154366709768136e-10,3.6955075630486437e-10,3.5880076583579946e-10,1.3174192655562186e-10,6.943253120458783e-11,3.090793052037689e-10,9.306576158389354e-11
b2979,1.211681825990135e-09,6.739327255748877e-10,3.3885168809418526e-11,1.3608776116099216e-10,5.226659470187944e-10,3.768055674209288e-10,4.01637097783333e-11,8.636046053823944e-10,3.8597325096978295e-10,4.683474219918338e-10,1.2483035263011855e-10,5.571351149004357e-11,1.7154366709768136e-10,3.6955075630486437e-10,3.5880076583579946e-10,1.3174192655562186e-10,6.943253120458783e-11,3.090793052037689e-10,9.306576158389354e-11
b2987,0.0,0.0,0.0,0.0,0.0,0.0,0.0,0.0,0.0,0.0,0.0,0.0,0.0,0.0,0.0,0.0,0.0,0.0,0.0
b2988,0.0,0.0,0.0,0.0,0.0,0.0,0.0,0.0,0.0,0.0,0.0,0.0,0.0,0.0,0.0,0.0,0.0,0.0,0.0
b2994,0.0,0.0,0.0,0.0,0.0,0.0,0.0,0.0,0.0,0.0,0.0,0.0,0.0,0.0,0.0,0.0,0.0,0.0,0.0
b2995,0.0,0.0,0.0,0.0,0.0,0.0,0.0,0.0,0.0,0.0,0.0,0.0,0.0,0.0,0.0,0.0,0.0,0.0,0.0
b2996,0.0,0.0,0.0,0.0,0.0,0.0,0.0,0.0,0.0,0.0,0.0,0.0,0.0,0.0,0.0,0.0,0.0,0.0,0.0
b2997,0.0,0.0,0.0,0.0,0.0,0.0,0.0,0.0,0.0,0.0,0.0,0.0,0.0,0.0,0.0,0.0,0.0,0.0,0.0
b3001,0.0,0.0,0.0,0.0,0.0,0.0,0.0,0.0,0.0,0.0,0.0,0.0,0.0,0.0,0.0,0.0,0.0,0.0,0.0
b3005,0.0,0.0,0.0,0.0,0.0,0.0,0.0,0.0,0.0,0.0,0.0,0.0,0.0,0.0,0.0,0.0,0.0,0.0,0.0
b3006,0.0,0.0,0.0,0.0,0.0,0.0,0.0,0.0,0.0,0.0,0.0,0.0,0.0,0.0,0.0,0.0,0.0,0.0,0.0
b3008,0.0,0.0,1.8056832635240257e-06,0.0,0.0,0.0,0.0,0.0,0.0,0.0,0.0,0.0,0.0,0.0,0.0,0.0,0.0,0.0,0.0
b3012,0.0,0.0,0.0,0.0,0.0,0.0,0.0,0.0,0.0,0.0,0.0,0.0,0.0,0.0,0.0,0.0,0.0,0.0,0.0
b3018,4.23689890673387e-08,2.2735607302222384e-08,1.1408483297704614e-09,4.613568964049039e-09,1.7654850601500665e-08,1.2723746443298512e-08,1.352455873870575e-09,2.9141892654377804e-08,1.3027950188619202e-08,1.5807109463467205e-08,4.2094670473869396e-09,1.877507636000362e-09,5.790762673862871e-09,1.2479036926506355e-08,1.2111618467867935e-08,4.442235398733782e-09,2.339375974974406e-09,1.0433737982718462e-08,3.135879070879126e-09
b3028,0.0,0.0,0.0,0.0,0.0,0.0,0.0,0.0,0.0,0.0,0.0,0.0,0.0,0.0,0.0,0.0,0.0,0.0,0.0
b3029,0.0,0.0,0.0,0.0,0.0,0.0,0.0,0.0,0.0,0.0,0.0,0.0,0.0,0.0,0.0,0.0,0.0,0.0,0.0
b3034,0.0,0.0,0.0,0.0,0.0,0.0,0.0,0.0,0.0,0.0,0.0,0.0,0.0,0.0,0.0,0.0,0.0,0.0,0.0
b3035,0.0,0.0,0.0,0.0,0.0,0.0,0.0,0.0,0.0,0.0,0.0,0.0,0.0,0.0,0.0,0.0,0.0,0.0,0.0
b3040,6.4737469422629465e-09,3.2128272863601643e-09,1.0358887539557893e-09,4.4400163253670335e-10,3.048370115538109e-09,3.4527214803788013e-10,1.7584608695527315e-09,4.504398376571747e-09,1.6223811580508584e-08,1.97641720506839e-08,5.182692423996197e-09,1.2843758756822456e-11,5.85234595451651e-08,1.5162177453933695e-08,1.4956319513750223e-08,4.591305926734569e-11,2.963635198257683e-09,1.2777963637226746e-08,3.884180170667966e-09
b3041,3.502557402657412e-05,1.5754216281896752e-05,5.069041394026439e-07,2.0451344381475513e-06,9.759952772037806e-06,7.382095507844324e-06,6.280336986187593e-07,2.4951321299867926e-05,9.586015862327473e-06,1.174404603691809e-05,2.059950361907724e-06,9.38916860541251e-07,3.497771119934989e-06,7.0219443815088834e-06,7.95381232092509e-06,2.3436876222420353e-06,1.8074893246589013e-06,7.2418230445928934e-06,1.598370925333275e-06
b3052,0.0,0.0,0.0,0.0,0.0,0.0,0.0,0.0,0.0,0.0,0.0,0.0,0.0,0.0,0.0,0.0,0.0,0.0,0.0
b3057,0.0,0.0,4.43027749403038e-09,1.779263809708231e-08,6.833535919495911e-08,0.0,5.2511581249156935e-09,0.0,0.0,0.0,1.6320801142810672e-08,7.284199097722558e-09,2.2428279813528808e-08,0.0,0.0,1.7224446940850005e-08,9.077876580144035e-09,0.0,1.2167776153894154e-08
b3058,1.1538958429708797e-08,6.417923862540701e-09,3.2269160590573135e-10,1.2959763736207206e-09,4.9773962981956555e-09,3.5883543726505743e-09,3.8248273397710426e-10,8.224186768724921e-09,3.675659073519971e-09,4.4601159455444814e-09,1.1887710278956975e-09,5.305649381440423e-10,1.6336262548977653e-09,3.5192661334048887e-09,3.416892976952746e-09,1.2545905875355161e-09,6.612124355207757e-10,2.943390894977907e-09,8.862738807427494e-10
b3059,5.423102654689416e-12,2.249484883367081e-12,5.5534278531164374e-14,2.041155460522187e-13,1.5363573128702084e-12,9.404360909368199e-13,7.166396053287542e-14,3.2631216854787128e-12,9.749656389148663e-13,1.303188395056447e-12,3.9270085372546913e-13,1.170863362501067e-13,2.888754224795838e-13,9.13406972781622e-13,8.738421899836444e-13,1.944166039703862e-13,1.6289434459641883e-13,6.986454438826222e-13,2.527830555885378e-13
b3061,0.0,0.0,0.0,0.0,0.0,0.0,0.0,0.0,0.0,0.0,0.0,0.0,0.0,0.0,0.0,0.0,0.0,0.0,0.0
b3062,0.0,0.0,0.0,0.0,0.0,0.0,0.0,0.0,0.0,0.0,0.0,0.0,0.0,0.0,0.0,0.0,0.0,0.0,0.0
b3063,0.0,0.0,0.0,0.0,0.0,0.0,0.0,0.0,0.0,0.0,0.0,0.0,0.0,0.0,0.0,0.0,0.0,0.0,0.0
b3065,6.794080780130098e-05,4.352461323864055e-05,5.613373250369941e-06,1.3703235012260265e-05,3.591727300116863e-05,2.810771601130748e-05,6.2365249944877455e-06,5.269559775380772e-05,2.862251280846191e-05,3.301978026380425e-05,1.2945844880885755e-05,7.661922952020362e-06,1.608109007840443e-05,2.768698812885513e-05,2.711399866564328e-05,1.3414159292869306e-05,8.795358811342817e-06,2.4309779938038724e-05,1.0637691812602386e-05
b3067,3.4835916427150863e-06,1.92235789432007e-06,2.4996382976525146e-07,5.099527255138489e-07,1.4970181657536376e-06,1.1266044311756687e-06,2.685145303426188e-07,2.4948823444148182e-06,1.1826100858737356e-06,1.412101597927523e-06,4.891806352068033e-07,3.069353175338072e-07,6.203331294477864e-07,1.1135526776776458e-06,1.1001776883275093e-06,5.083140684920707e-07,3.455255907256243e-07,9.572154633171499e-07,4.105840417225281e-07
b3073,0.0,0.0,0.0,0.0,0.0,6.445607711829879e-06,0.0,0.0,0.0,0.0,0.0,8.966727905693691e-07,0.0,0.0,0.0,0.0,0.0,0.0,0.0
b3084,2.1529106403702833e-10,1.0285944923490687e-10,2.974608047204581e-12,1.45523670963533e-11,7.475090577593636e-11,4.966897679775911e-11,3.597995189127542e-12,1.4097198373454532e-10,5.119026329205683e-11,6.505178932313567e-11,1.3167141374576097e-11,5.206178416116396e-12,1.9173607401174495e-11,4.8452229225496426e-11,4.675426692985921e-11,1.4016076697036505e-11,6.6716931154416594e-12,3.890603669570724e-11,9.342075502093112e-12
b3089,0.0,0.0,0.0,0.0,1.7001935756248174e-17,0.0,0.0,0.0,2.007420105243429e-17,2.7139691967284738e-17,0.0,0.0,0.0,0.0,0.0,0.0,0.0,1.1704182867340131e-05,0.0
b3091,0.0,0.0,0.0,0.0,0.0,0.0,0.0,0.0,0.0,0.0,0.0,0.0,0.0,0.0,0.0,0.0,0.0,0.0,0.0
b3092,0.0,0.0,0.0,0.0,0.0,0.0,0.0,0.0,0.0,0.0,0.0,0.0,0.0,0.0,0.0,0.0,0.0,0.0,0.0
b3093,0.0,0.0,0.0,0.0,0.0,0.0,0.0,0.0,0.0,0.0,0.0,0.0,0.0,0.0,0.0,0.0,0.0,0.0,0.0
b4471,0.0,0.0,0.0,0.0,0.0,0.0,0.0,0.0,0.0,0.0,0.0,0.0,0.0,0.0,0.0,0.0,0.0,0.0,0.0
b3114,0.0,0.0,0.0,0.0,0.0,0.0,0.0,0.0,0.0,0.0,0.0,0.0,0.0,0.0,0.0,0.0,0.0,0.0,0.0
b3115,0.0,0.0,0.0,0.0,0.0,0.0,0.0,0.0,0.0,0.0,0.0,0.0,0.0,0.0,0.0,0.0,0.0,0.0,0.0
b3116,0.0,0.0,0.0,0.0,0.0,0.0,0.0,0.0,0.0,0.0,0.0,3.587324068671532e-43,0.0,0.0,0.0,0.0,0.0,0.0,0.0
b3117,0.0,0.0,0.0,0.0,0.0,0.0,0.0,0.0,0.0,0.0,0.0,0.0,0.0,0.0,0.0,0.0,0.0,0.0,0.0
b3124,0.0,0.0,0.0,0.0,0.0,0.0,-3.210725106384237e-43,0.0,0.0,0.0,0.0,0.0,0.0,0.0,0.0,0.0,0.0,0.0,0.0
b3125,0.0,0.0,0.0,0.0,0.0,0.0,0.0,0.0,0.0,0.0,0.0,0.0,0.0,0.0,0.0,0.0,0.0,0.0,0.0
b3126,0.0,0.0,0.0,0.0,0.0,0.0,0.0,0.0,0.0,0.0,0.0,0.0,0.0,0.0,0.0,0.0,0.0,0.0,0.0
b3127,0.0,0.0,0.0,0.0,0.0,0.0,0.0,0.0,0.0,0.0,0.0,0.0,0.0,0.0,0.0,0.0,0.0,0.0,0.0
b3128,0.0,0.0,0.0,0.0,0.0,0.0,0.0,0.0,0.0,0.0,0.0,0.0,0.0,0.0,0.0,0.0,0.0,0.0,0.0
b3132,0.0,0.0,0.0,0.0,0.0,0.0,0.0,0.0,0.0,0.0,0.0,0.0,0.0,0.0,0.0,0.0,0.0,0.0,0.0
b3137,0.0,0.0,0.0,0.0,0.0,0.0,0.0,0.0,0.0,0.0,0.0,0.0,0.0,0.0,0.0,0.0,0.0,0.0,0.0
b3146,0.0,0.0,0.0,0.0,0.0,0.0,0.0,0.0,0.0,0.0,0.0,0.0,0.0,0.0,0.0,0.0,0.0,0.0,0.0
b3161,0.0,0.0,0.0,0.0,0.0,0.0,0.0,0.0,0.0,0.0,0.0,0.0,0.0,0.0,0.0,0.0,0.0,0.0,0.0
b3164,1.687783993049307e-08,8.100765688793885e-09,3.5731035249087583e-10,1.2883648083217765e-09,6.081305691621347e-09,4.085483812308003e-09,4.1602417916468767e-10,1.1059552113690846e-08,4.2032519722132196e-09,5.274964702617805e-09,1.201056984287303e-09,5.309818726085267e-10,1.677871139781977e-09,3.991072425701123e-09,3.8575853747097674e-09,1.2720438508746462e-09,6.609848038489991e-10,3.240914780924377e-09,8.945189293854701e-10
b3165,6.794080780130098e-05,4.352461323864055e-05,5.613373250369941e-06,1.3703235012260265e-05,3.591727300116863e-05,2.810771601130748e-05,6.2365249944877455e-06,5.269559775380772e-05,2.862251280846191e-05,3.301978026380425e-05,1.2945844880885755e-05,7.661922952020362e-06,1.608109007840443e-05,2.768698812885513e-05,2.711399866564328e-05,1.3414159292869306e-05,8.795358811342817e-06,2.4309779938038724e-05,1.0637691812602386e-05
b3166,1.7459886666516107e-09,8.341756972375468e-10,2.4123461037005535e-11,1.1801682548213015e-10,6.062176172041294e-10,4.028076515754492e-10,2.917904673680755e-11,1.1432677098846872e-09,4.1514634284983086e-10,5.275617457888788e-10,1.0678718583526953e-10,4.2228455714293716e-11,1.5549494194701406e-10,3.9296525867797153e-10,3.791703319960534e-10,1.1368110044851133e-10,5.4123445792178705e-11,3.156280021287202e-10,7.57632374257167e-11
b3167,2.1529106403702833e-10,1.0285944923490687e-10,2.974608047204581e-12,1.45523670963533e-11,7.475090577593636e-11,4.966897679775911e-11,3.597995189127542e-12,1.4097198373454532e-10,5.119026329205683e-11,6.505178932313567e-11,1.3167141374576097e-11,5.206178416116396e-12,1.9173607401174495e-11,4.8452229225496426e-11,4.675426692985921e-11,1.4016076697036505e-11,6.6716931154416594e-12,3.890603669570724e-11,9.342075502093112e-12
b3168,5.785869459559028e-08,3.1934263695601516e-08,1.8277744590582137e-09,6.393668543677822e-09,2.4958379442428455e-08,1.8230824170370715e-08,2.1231692435723856e-09,4.107072660081816e-08,1.854004633585219e-08,2.2522821913926946e-08,6.145547718034138e-09,2.7972957824037923e-09,8.232923882782815e-09,1.792271926647593e-08,1.7296641618548712e-08,6.515757508554619e-09,3.4903492282460637e-09,1.4800180541688348e-08,4.751833700682573e-09
b3169,1.4222261836109667e-09,7.596096686618488e-10,5.354902285191407e-11,1.543257370338614e-10,5.690779577172772e-10,4.1685975152522486e-10,5.966675448979379e-11,9.971077472387884e-10,4.238092453806345e-10,5.151064237689613e-10,1.4645448590056895e-10,7.494803441814465e-11,1.920859113996728e-10,4.0810410124578837e-10,3.946021434388316e-10,1.5430520885130855e-10,8.964989918111136e-11,3.386367434030396e-10,1.1586022415841514e-10
b3172,6.365123580790898e-08,3.643958038520955e-08,2.4076639479016975e-09,6.7179480175385485e-09,2.7088606087279336e-08,2.032425090603793e-08,2.7315448849796754e-09,4.554043374739694e-08,2.0426902453218746e-08,2.506422317133254e-08,7.071187194132833e-09,3.293510360385277e-09,9.033399820774154e-09,2.0152271119607383e-08,1.9211099811677684e-08,0.0,4.332604441984483e-09,1.663598947960084e-08,5.877603369017013e-09
b3175,1.4366984732478734e-05,7.282286082757414e-06,3.243388485106245e-07,7.79221039540991e-06,9.544048944123831e-06,7.06502529228321e-06,4.634797565111421e-07,9.768227883928513e-06,6.561670722491824e-06,6.863492856515207e-06,2.4171841049780565e-06,1.1139544647502309e-06,3.5915886468607546e-06,6.755102043508676e-06,6.212998435733696e-06,2.4982322804219256e-06,1.1247684526892181e-06,5.8960939859247735e-06,1.3588370948097742e-06
b3176,8.572025921940274e-06,4.767727524963994e-06,2.3972014696704924e-07,9.627509394866002e-07,3.6975928418332536e-06,2.6657056515840762e-06,2.8413759615468734e-07,6.1095585531256106e-06,2.730562299046545e-06,3.313317205618124e-06,8.83110562226947e-07,3.941444481967984e-07,1.213583244020687e-06,2.614381593063295e-06,2.538330937697449e-06,9.320063941029491e-07,4.911994589217348e-07,2.1865771684550855e-06,6.583924126206577e-07
b3177,4.4412893178616305e-09,2.4702278691085126e-09,1.2420243915454576e-10,4.988150411863487e-10,1.9157757734029956e-09,1.381140251179262e-09,1.472157553064254e-10,3.165449729846955e-09,1.4147434084947477e-09,1.7166770663087424e-09,4.5755222186980295e-10,2.0421187982999945e-10,6.287748482198881e-10,1.3545485218805648e-09,1.3151455888553391e-09,4.828858521896809e-10,2.5449746999303504e-10,1.1328969265111104e-09,3.411225322649751e-10
b3179,2.1529106403702833e-10,1.0285944923490687e-10,2.974608047204581e-12,1.45523670963533e-11,7.475090577593636e-11,4.966897679775911e-11,3.597995189127542e-12,1.4097198373454532e-10,5.119026329205683e-11,6.505178932313567e-11,1.3167141374576097e-11,5.206178416116396e-12,1.9173607401174495e-11,4.8452229225496426e-11,4.675426692985921e-11,1.4016076697036505e-11,6.6716931154416594e-12,3.890603669570724e-11,9.342075502093112e-12
b3181,1.4222261836109667e-09,7.596096686618488e-10,5.354902285191407e-11,1.543257370338614e-10,5.690779577172772e-10,4.1685975152522486e-10,5.966675448979379e-11,9.971077472387884e-10,4.238092453806345e-10,5.151064237689613e-10,1.4645448590056895e-10,7.494803441814465e-11,1.920859113996728e-10,4.0810410124578837e-10,3.946021434388316e-10,1.5430520885130855e-10,8.964989918111136e-11,3.386367434030396e-10,1.1586022415841514e-10
b3182,0.0,0.0,0.0,0.0,0.0,0.0,0.0,0.0,0.0,0.0,0.0,0.0,0.0,0.0,0.0,0.0,0.0,0.0,0.0
b3185,6.794080780130098e-05,4.352461323864055e-05,5.613373250369941e-06,1.3703235012260265e-05,3.591727300116863e-05,2.810771601130748e-05,6.2365249944877455e-06,5.269559775380772e-05,2.862251280846191e-05,3.301978026380425e-05,1.2945844880885755e-05,7.661922952020362e-06,1.608109007840443e-05,2.768698812885513e-05,2.711399866564328e-05,1.3414159292869306e-05,8.795358811342817e-06,2.4309779938038724e-05,1.0637691812602386e-05
b3186,6.794080780130098e-05,4.352461323864055e-05,5.613373250369941e-06,1.3703235012260265e-05,3.591727300116863e-05,2.810771601130748e-05,6.2365249944877455e-06,5.269559775380772e-05,2.862251280846191e-05,3.301978026380425e-05,1.2945844880885755e-05,7.661922952020362e-06,1.608109007840443e-05,2.768698812885513e-05,2.711399866564328e-05,1.3414159292869306e-05,8.795358811342817e-06,2.4309779938038724e-05,1.0637691812602386e-05
b3187,1.3330610601001409e-09,7.414433841630893e-10,3.7279587830612113e-11,1.4972024112987232e-10,5.750235800077032e-10,4.1455175639637594e-10,4.4187076496677016e-11,9.50115489119989e-10,4.2463780513306605e-10,5.152637412428146e-10,1.3733513092333455e-10,6.1294566853909e-11,1.8872791339247384e-10,4.065702005210914e-10,3.947433385649439e-10,1.449390661037298e-10,7.638787812748586e-11,3.400410713540782e-10,1.0238854799581864e-10
b3189,4.139693407858497e-06,2.3024813953305812e-06,1.1576818842677296e-07,4.649418648398277e-07,1.7856806374212613e-06,1.2873507632436003e-06,1.3721873270538094e-07,2.9504926253856712e-06,1.3186720212987106e-06,1.6001021834447333e-06,4.2648109165232356e-07,1.9034440502193335e-07,5.860764539105382e-07,1.2625648061480658e-06,1.225837619419021e-06,4.5009438385793404e-07,2.3721523716317739e-07,1.0559649693614734e-06,3.1795782643793766e-07
b3196,2.7656403262552636e-07,1.5382384080160383e-07,7.734224225465765e-09,3.106176820545124e-08,1.1929749124151206e-07,8.600514178425101e-08,9.167289054963162e-09,1.9711608042264708e-07,8.809764781819598e-08,1.0689939299038826e-07,2.8492286487206214e-08,1.2716501212539021e-08,3.9154510141420434e-08,8.434924518238881e-08,8.189558065508511e-08,3.006983986436002e-08,1.584784092114859e-08,7.054675345848269e-08,2.1242080033654765e-08
b3197,2.7656403262552636e-07,1.5382384080160383e-07,7.734224225465765e-09,3.106176820545124e-08,1.1929749124151206e-07,8.600514178425101e-08,9.167289054963162e-09,1.9711608042264708e-07,8.809764781819598e-08,1.0689939299038826e-07,2.8492286487206214e-08,1.2716501212539021e-08,3.9154510141420434e-08,8.434924518238881e-08,8.189558065508511e-08,3.006983986436002e-08,1.584784092114859e-08,7.054675345848269e-08,2.1242080033654765e-08
b3198,3.697411699523421e-06,2.056486026928809e-06,1.0339960285687262e-07,4.1526782814245013e-07,1.5948998705750277e-06,1.1498111827246688e-06,1.225583872311722e-07,2.6352642279617465e-06,1.1777861012915647e-06,1.4291484780661699e-06,3.809161748325112e-07,1.700081529542532e-07,5.234604894629178e-07,1.1276733385125965e-06,1.0948700565968953e-06,4.020066407833351e-07,2.1187134088900514e-07,9.431464718117261e-07,2.839874530792434e-07
b3199,2.4823798467526134e-06,1.3806900294696517e-06,6.942074920334378e-08,2.788038150359122e-07,1.0707888701748075e-06,7.71963832952226e-07,8.228363385997273e-08,1.7692719507550437e-06,7.907457213943378e-07,9.595061811552956e-07,2.557406944507157e-07,1.1414060617909302e-07,3.51442542841928e-07,7.571008577715933e-07,7.350772876224058e-07,2.699004775340265e-07,1.4224684440607766e-07,6.332126320861255e-07,1.9066438566886768e-07
b3200,2.4823798467526134e-06,1.3806900294696517e-06,6.942074920334378e-08,2.788038150359122e-07,1.0707888701748075e-06,7.71963832952226e-07,8.228363385997273e-08,1.7692719507550437e-06,7.907457213943378e-07,9.595061811552956e-07,2.557406944507157e-07,1.1414060617909302e-07,3.51442542841928e-07,7.571008577715933e-07,7.350772876224058e-07,2.699004775340265e-07,1.4224684440607766e-07,6.332126320861255e-07,1.9066438566886768e-07
b3201,4.964759693505227e-06,2.7613800589393034e-06,1.3884149840668757e-07,5.576076300718244e-07,2.141577740349615e-06,1.543927665904452e-06,1.6456726771994546e-07,3.5385439015100875e-06,1.5814914427886757e-06,1.9190123623105912e-06,5.114813889014314e-07,2.2828121235818605e-07,7.02885085683856e-07,1.5142017155431866e-06,1.4701545752448116e-06,5.39800955068053e-07,2.844936888121553e-07,1.266425264172251e-06,3.8132877133773536e-07
b3202,7.580036843112573e-10,1.0219394834993392e-09,5.033817359880062e-11,2.5855002306988843e-09,1.1305744846695577e-08,5.497203947468057e-09,2.365957488338786e-09,1.243843204109182e-08,4.595721509077622e-09,6.329542201497204e-09,3.0771052443537963e-09,2.2300276850901717e-09,3.564375464354761e-09,2.31020722318734e-09,4.705240443351924e-09,3.7611989413154244e-09,2.219320516623544e-09,2.135404845751366e-09,3.611273491440986e-09
b3212,0.0,0.0,0.0,0.0,0.0,0.0,0.0,0.0,0.0,0.0,0.0,0.0,0.0,0.0,0.0,0.0,0.0,0.0,0.0
b3213,0.0,0.0,0.0,0.0,0.0,0.0,0.0,0.0,0.0,0.0,0.0,0.0,0.0,0.0,0.0,0.0,0.0,0.0,0.0
b3222,0.0,0.0,0.0,0.0,0.0,0.0,0.0,0.0,0.0,0.0,0.0,0.0,0.0,0.0,0.0,0.0,0.0,0.0,0.0
b3223,0.0,0.0,0.0,0.0,0.0,0.0,0.0,0.0,0.0,0.0,0.0,0.0,0.0,0.0,0.0,0.0,0.0,0.0,0.0
b3224,0.0,0.0,0.0,0.0,0.0,0.0,0.0,0.0,0.0,0.0,0.0,0.0,0.0,0.0,0.0,0.0,0.0,0.0,0.0
b3225,0.0,0.0,0.0,0.0,0.0,0.0,0.0,0.0,0.0,0.0,0.0,0.0,0.0,0.0,0.0,0.0,0.0,0.0,0.0
b3230,6.794080780130098e-05,4.352461323864055e-05,5.613373250369941e-06,1.3703235012260265e-05,3.591727300116863e-05,2.810771601130748e-05,6.2365249944877455e-06,5.269559775380772e-05,2.862251280846191e-05,3.301978026380425e-05,1.2945844880885755e-05,7.661922952020362e-06,1.608109007840443e-05,2.768698812885513e-05,2.711399866564328e-05,1.3414159292869306e-05,8.795358811342817e-06,2.4309779938038724e-05,1.0637691812602386e-05
b3231,6.794181456357312e-05,4.352510994955558e-05,5.6133866432993375e-06,1.3703305563649344e-05,3.5917624292415054e-05,2.8107957682701415e-05,6.2365412377209876e-06,5.2696281641966576e-05,2.8622761969514114e-05,3.302009604868467e-05,1.2945908667347972e-05,7.661948090123096e-06,1.608118369180821e-05,2.768722379959299e-05,2.7114226186434608e-05,1.3414227100586431e-05,8.795390786447069e-06,2.4309969720898636e-05,1.0637736431475902e-05
b3236,2.9972974514876727e-05,0.0,9.062324061738605e-06,1.7886456524845038e-05,5.093263979533338e-05,5.027108430798791e-05,1.2346554136626808e-05,2.8248148605497087e-05,1.9827947168621836e-05,1.0350070638141259e-05,3.4389246295166545e-05,2.4728668925837527e-05,3.742857745183411e-05,5.019719768427123e-05,3.234836424890182e-05,3.23764614553802e-05,4.286191574265599e-06,2.925986044154448e-05,1.7141906956891612e-05
b3247,9.061509671926676e-09,4.199875861757159e-09,1.2889031343207448e-10,5.810600236013627e-10,3.117847858236696e-09,2.0353739954734673e-09,1.552760352058286e-10,5.811535315018693e-09,2.0959967116809148e-09,2.669123395899286e-09,5.397348254591406e-10,2.134445858347168e-10,7.790395439980885e-10,1.9843020687182507e-09,1.9126624627683982e-09,5.747765075446082e-10,2.7600902769118286e-10,1.5892015273277434e-09,3.885795839443711e-10
b3255,8.624678904185022e-07,4.796973968371543e-07,2.411865537028546e-08,9.686439946451572e-08,3.7202642351340596e-07,2.682041650121636e-07,2.858758847212384e-08,6.147055451240603e-07,2.747296344158138e-07,3.333628721546944e-07,8.885182689231756e-08,3.965562574756846e-08,1.2210132622127852e-07,2.630402613992088e-07,2.5538852576892037e-07,9.377110985642428e-08,4.942056608849209e-08,2.199973273147487e-07,6.624228775402079e-08
b3256,8.624678904185022e-07,4.796973968371543e-07,2.411865537028546e-08,9.686439946451572e-08,3.7202642351340596e-07,2.682041650121636e-07,2.858758847212384e-08,6.147055451240603e-07,2.747296344158138e-07,3.333628721546944e-07,8.885182689231756e-08,3.965562574756846e-08,1.2210132622127852e-07,2.630402613992088e-07,2.5538852576892037e-07,9.377110985642428e-08,4.942056608849209e-08,2.199973273147487e-07,6.624228775402079e-08
b3258,0.0,0.0,0.0,0.0,0.0,0.0,0.0,0.0,0.0,0.0,0.0,0.0,0.0,0.0,0.0,0.0,0.0,0.0,0.0
b3260,0.0,0.0,0.0,0.0,0.0,0.0,0.0,0.0,0.0,0.0,0.0,0.0,0.0,0.0,0.0,0.0,0.0,0.0,0.0
b3265,0.0,0.0,0.0,0.0,0.0,0.0,0.0,0.0,0.0,0.0,0.0,0.0,0.0,0.0,0.0,0.0,0.0,0.0,0.0
b3266,0.0,0.0,0.0,0.0,0.0,0.0,0.0,0.0,0.0,0.0,0.0,0.0,0.0,0.0,0.0,0.0,0.0,0.0,0.0
b3281,0.0,0.0,5.784671438133566e-12,3.169774544290702e-11,1.5477427170349833e-10,1.026512304938551e-10,7.047589140058103e-12,0.0,1.053937784725481e-10,1.3366670318363943e-10,2.700263408864115e-11,1.0625068636892297e-11,3.972793119958543e-11,9.995696427264275e-11,9.62876359417333e-11,2.8674595786607555e-11,1.3425806746199336e-11,8.014316819254008e-11,1.8729437537602288e-11
b3282,4.430854282005313e-10,2.114317577535165e-10,5.784671438133566e-12,3.169774544290702e-11,1.5477427170349833e-10,1.026512304938551e-10,7.047589140058103e-12,2.886525733043003e-10,1.053937784725481e-10,1.3366670318363943e-10,2.700263408864115e-11,1.0625068636892297e-11,3.972793119958543e-11,9.995696427264275e-11,9.62876359417333e-11,2.8674595786607555e-11,1.3425806746199336e-11,8.014316819254008e-11,1.8729437537602288e-11
b3287,3.539194099147744e-09,1.953406630102486e-09,1.1180426079928901e-10,3.910982461642979e-10,1.5266944728764317e-09,1.1151725039315646e-09,1.2987344617547026e-10,2.512280552634597e-09,1.1340875048842674e-09,1.377712355439161e-09,3.759207906732657e-10,1.711095073238814e-10,5.036047879811347e-10,1.0963258454404826e-09,1.0580289164717257e-09,3.985663811971257e-10,2.1350332009590207e-10,9.053213524014915e-10,2.9066784017745385e-10
b3288,2.342551111738073e-09,1.2929369638486383e-09,7.400193040994742e-11,2.5886334732859225e-10,1.0105011860135791e-09,7.381196158452242e-10,8.596171252570298e-11,1.6628490658337412e-09,7.506392333821518e-10,9.1189166784225e-10,2.4881756734652397e-10,1.1325537830972168e-10,3.33330109316668e-10,7.256452333829956e-10,7.002969447560681e-10,2.6380641841586984e-10,1.4131534633007606e-10,5.992215971028602e-10,1.9238963817162902e-10
b3289,2.1529106403702833e-10,1.0285944923490687e-10,2.974608047204581e-12,1.45523670963533e-11,7.475090577593636e-11,4.966897679775911e-11,3.597995189127542e-12,1.4097198373454532e-10,5.119026329205683e-11,6.505178932313567e-11,1.3167141374576097e-11,5.206178416116396e-12,1.9173607401174495e-11,4.8452229225496426e-11,4.675426692985921e-11,1.4016076697036505e-11,6.6716931154416594e-12,3.890603669570724e-11,9.342075502093112e-12
b3290,0.0,0.0,0.0,0.0,0.0,0.0,0.0,0.0,0.0,0.0,0.0,0.0,0.0,0.0,0.0,0.0,0.0,0.0,0.0
b3294,6.794080780130098e-05,4.352461323864055e-05,5.613373250369941e-06,1.3703235012260265e-05,3.591727300116863e-05,2.810771601130748e-05,6.2365249944877455e-06,5.269559775380772e-05,2.862251280846191e-05,3.301978026380425e-05,1.2945844880885755e-05,7.661922952020362e-06,1.608109007840443e-05,2.768698812885513e-05,2.711399866564328e-05,1.3414159292869306e-05,8.795358811342817e-06,2.4309779938038724e-05,1.0637691812602386e-05
b3295,7.0470400041684845e-06,3.8945161213247135e-06,5.092495704125477e-07,1.045956013989443e-06,3.076045808192992e-06,2.3095505432306866e-06,5.529352720825534e-07,5.103988780118233e-06,2.4645351570388337e-06,2.9018431271282494e-06,1.0372129583460168e-06,6.533077340789274e-07,1.3164770105579644e-06,2.281163712276551e-06,2.2900814816630383e-06,1.0751696799508145e-06,7.193271493346611e-07,1.9909636011126915e-06,8.454347118651624e-07
b3296,6.794181456357312e-05,4.352510994955558e-05,5.6133866432993375e-06,1.3703305563649344e-05,3.5917624292415054e-05,2.8107957682701415e-05,6.2365412377209876e-06,5.2696281641966576e-05,2.8622761969514114e-05,3.302009604868467e-05,1.2945908667347972e-05,7.661948090123096e-06,1.608118369180821e-05,2.768722379959299e-05,2.7114226186434608e-05,1.3414227100586431e-05,8.795390786447069e-06,2.4309969720898636e-05,1.0637736431475902e-05
b3297,6.794080780130098e-05,4.352461323864055e-05,5.613373250369941e-06,1.3703235012260265e-05,3.591727300116863e-05,2.810771601130748e-05,6.2365249944877455e-06,5.269559775380772e-05,2.862251280846191e-05,3.301978026380425e-05,1.2945844880885755e-05,7.661922952020362e-06,1.608109007840443e-05,2.768698812885513e-05,2.711399866564328e-05,1.3414159292869306e-05,8.795358811342817e-06,2.4309779938038724e-05,1.0637691812602386e-05
b3298,6.794080780130098e-05,4.352461323864055e-05,5.613373250369941e-06,1.3703235012260265e-05,3.591727300116863e-05,2.810771601130748e-05,6.2365249944877455e-06,5.269559775380772e-05,2.862251280846191e-05,3.301978026380425e-05,1.2945844880885755e-05,7.661922952020362e-06,1.608109007840443e-05,2.768698812885513e-05,2.711399866564328e-05,1.3414159292869306e-05,8.795358811342817e-06,2.4309779938038724e-05,1.0637691812602386e-05
b3299,6.794080780130098e-05,4.352461323864055e-05,5.613373250369941e-06,1.3703235012260265e-05,3.591727300116863e-05,2.810771601130748e-05,6.2365249944877455e-06,5.269559775380772e-05,2.862251280846191e-05,3.301978026380425e-05,1.2945844880885755e-05,7.661922952020362e-06,1.608109007840443e-05,2.768698812885513e-05,2.711399866564328e-05,1.3414159292869306e-05,8.795358811342817e-06,2.4309779938038724e-05,1.0637691812602386e-05
b3300,1.4366984732478734e-05,7.282286082757414e-06,3.243388485106245e-07,7.79221039540991e-06,9.544048944123831e-06,7.06502529228321e-06,4.634797565111421e-07,9.768227883928513e-06,6.561670722491824e-06,6.863492856515207e-06,2.4171841049780565e-06,1.1139544647502309e-06,3.5915886468607546e-06,6.755102043508676e-06,6.212998435733696e-06,2.4982322804219256e-06,1.1247684526892181e-06,5.8960939859247735e-06,1.3588370948097742e-06
b3301,6.794080780130098e-05,4.352461323864055e-05,5.613373250369941e-06,1.3703235012260265e-05,3.591727300116863e-05,2.810771601130748e-05,6.2365249944877455e-06,5.269559775380772e-05,2.862251280846191e-05,3.301978026380425e-05,1.2945844880885755e-05,7.661922952020362e-06,1.608109007840443e-05,2.768698812885513e-05,2.711399866564328e-05,1.3414159292869306e-05,8.795358811342817e-06,2.4309779938038724e-05,1.0637691812602386e-05
b3302,6.794080780130098e-05,4.352461323864055e-05,5.613373250369941e-06,1.3703235012260265e-05,3.591727300116863e-05,2.810771601130748e-05,6.2365249944877455e-06,5.269559775380772e-05,2.862251280846191e-05,3.301978026380425e-05,1.2945844880885755e-05,7.661922952020362e-06,1.608109007840443e-05,2.768698812885513e-05,2.711399866564328e-05,1.3414159292869306e-05,8.795358811342817e-06,2.4309779938038724e-05,1.0637691812602386e-05
b3303,6.794080780130098e-05,4.352461323864055e-05,5.613373250369941e-06,1.3703235012260265e-05,3.591727300116863e-05,2.810771601130748e-05,6.2365249944877455e-06,5.269559775380772e-05,2.862251280846191e-05,3.301978026380425e-05,1.2945844880885755e-05,7.661922952020362e-06,1.608109007840443e-05,2.768698812885513e-05,2.711399866564328e-05,1.3414159292869306e-05,8.795358811342817e-06,2.4309779938038724e-05,1.0637691812602386e-05
b3304,6.794080780130098e-05,4.352461323864055e-05,5.613373250369941e-06,1.3703235012260265e-05,3.591727300116863e-05,2.810771601130748e-05,6.2365249944877455e-06,5.269559775380772e-05,2.862251280846191e-05,3.301978026380425e-05,1.2945844880885755e-05,7.661922952020362e-06,1.608109007840443e-05,2.768698812885513e-05,2.711399866564328e-05,1.3414159292869306e-05,8.795358811342817e-06,2.4309779938038724e-05,1.0637691812602386e-05
b3305,6.794080780130098e-05,4.352461323864055e-05,5.613373250369941e-06,1.3703235012260265e-05,3.591727300116863e-05,2.810771601130748e-05,6.2365249944877455e-06,5.269559775380772e-05,2.862251280846191e-05,3.301978026380425e-05,1.2945844880885755e-05,7.661922952020362e-06,1.608109007840443e-05,2.768698812885513e-05,2.711399866564328e-05,1.3414159292869306e-05,8.795358811342817e-06,2.4309779938038724e-05,1.0637691812602386e-05
b3306,6.794080780130098e-05,4.352461323864055e-05,5.613373250369941e-06,1.3703235012260265e-05,3.591727300116863e-05,2.810771601130748e-05,6.2365249944877455e-06,5.269559775380772e-05,2.862251280846191e-05,3.301978026380425e-05,1.2945844880885755e-05,7.661922952020362e-06,1.608109007840443e-05,2.768698812885513e-05,2.711399866564328e-05,1.3414159292869306e-05,8.795358811342817e-06,2.4309779938038724e-05,1.0637691812602386e-05
b3307,6.794080780130098e-05,4.352461323864055e-05,5.613373250369941e-06,1.3703235012260265e-05,3.591727300116863e-05,2.810771601130748e-05,6.2365249944877455e-06,5.269559775380772e-05,2.862251280846191e-05,3.301978026380425e-05,1.2945844880885755e-05,7.661922952020362e-06,1.608109007840443e-05,2.768698812885513e-05,2.711399866564328e-05,1.3414159292869306e-05,8.795358811342817e-06,2.4309779938038724e-05,1.0637691812602386e-05
b3308,6.794080780130098e-05,4.352461323864055e-05,5.613373250369941e-06,1.3703235012260265e-05,3.591727300116863e-05,2.810771601130748e-05,6.2365249944877455e-06,5.269559775380772e-05,2.862251280846191e-05,3.301978026380425e-05,1.2945844880885755e-05,7.661922952020362e-06,1.608109007840443e-05,2.768698812885513e-05,2.711399866564328e-05,1.3414159292869306e-05,8.795358811342817e-06,2.4309779938038724e-05,1.0637691812602386e-05
b3309,6.794080780130098e-05,4.352461323864055e-05,5.613373250369941e-06,1.3703235012260265e-05,3.591727300116863e-05,2.810771601130748e-05,6.2365249944877455e-06,5.269559775380772e-05,2.862251280846191e-05,3.301978026380425e-05,1.2945844880885755e-05,7.661922952020362e-06,1.608109007840443e-05,2.768698812885513e-05,2.711399866564328e-05,1.3414159292869306e-05,8.795358811342817e-06,2.4309779938038724e-05,1.0637691812602386e-05
b3310,6.794080780130098e-05,4.352461323864055e-05,5.613373250369941e-06,1.3703235012260265e-05,3.591727300116863e-05,2.810771601130748e-05,6.2365249944877455e-06,5.269559775380772e-05,2.862251280846191e-05,3.301978026380425e-05,1.2945844880885755e-05,7.661922952020362e-06,1.608109007840443e-05,2.768698812885513e-05,2.711399866564328e-05,1.3414159292869306e-05,8.795358811342817e-06,2.4309779938038724e-05,1.0637691812602386e-05
b3311,6.794080780130098e-05,4.352461323864055e-05,5.613373250369941e-06,1.3703235012260265e-05,3.591727300116863e-05,2.810771601130748e-05,6.2365249944877455e-06,5.269559775380772e-05,2.862251280846191e-05,3.301978026380425e-05,1.2945844880885755e-05,7.661922952020362e-06,1.608109007840443e-05,2.768698812885513e-05,2.711399866564328e-05,1.3414159292869306e-05,8.795358811342817e-06,2.4309779938038724e-05,1.0637691812602386e-05
b3312,6.794080780130098e-05,4.352461323864055e-05,5.613373250369941e-06,1.3703235012260265e-05,3.591727300116863e-05,2.810771601130748e-05,6.2365249944877455e-06,5.269559775380772e-05,2.862251280846191e-05,3.301978026380425e-05,1.2945844880885755e-05,7.661922952020362e-06,1.608109007840443e-05,2.768698812885513e-05,2.711399866564328e-05,1.3414159292869306e-05,8.795358811342817e-06,2.4309779938038724e-05,1.0637691812602386e-05
b3313,6.794080780130098e-05,4.352461323864055e-05,5.613373250369941e-06,1.3703235012260265e-05,3.591727300116863e-05,2.810771601130748e-05,6.2365249944877455e-06,5.269559775380772e-05,2.862251280846191e-05,3.301978026380425e-05,1.2945844880885755e-05,7.661922952020362e-06,1.608109007840443e-05,2.768698812885513e-05,2.711399866564328e-05,1.3414159292869306e-05,8.795358811342817e-06,2.4309779938038724e-05,1.0637691812602386e-05
b3314,6.794080780130098e-05,4.352461323864055e-05,5.613373250369941e-06,1.3703235012260265e-05,3.591727300116863e-05,2.810771601130748e-05,6.2365249944877455e-06,5.269559775380772e-05,2.862251280846191e-05,3.301978026380425e-05,1.2945844880885755e-05,7.661922952020362e-06,1.608109007840443e-05,2.768698812885513e-05,2.711399866564328e-05,1.3414159292869306e-05,8.795358811342817e-06,2.4309779938038724e-05,1.0637691812602386e-05
b3315,6.794080780130098e-05,4.352461323864055e-05,5.613373250369941e-06,1.3703235012260265e-05,3.591727300116863e-05,2.810771601130748e-05,6.2365249944877455e-06,5.269559775380772e-05,2.862251280846191e-05,3.301978026380425e-05,1.2945844880885755e-05,7.661922952020362e-06,1.608109007840443e-05,2.768698812885513e-05,2.711399866564328e-05,1.3414159292869306e-05,8.795358811342817e-06,2.4309779938038724e-05,1.0637691812602386e-05
b3316,6.794080780130098e-05,4.352461323864055e-05,5.613373250369941e-06,1.3703235012260265e-05,3.591727300116863e-05,2.810771601130748e-05,6.2365249944877455e-06,5.269559775380772e-05,2.862251280846191e-05,3.301978026380425e-05,1.2945844880885755e-05,7.661922952020362e-06,1.608109007840443e-05,2.768698812885513e-05,2.711399866564328e-05,1.3414159292869306e-05,8.795358811342817e-06,2.4309779938038724e-05,1.0637691812602386e-05
b3317,6.794080780130098e-05,4.352461323864055e-05,5.613373250369941e-06,1.3703235012260265e-05,3.591727300116863e-05,2.810771601130748e-05,6.2365249944877455e-06,5.269559775380772e-05,2.862251280846191e-05,3.301978026380425e-05,1.2945844880885755e-05,7.661922952020362e-06,1.608109007840443e-05,2.768698812885513e-05,2.711399866564328e-05,1.3414159292869306e-05,8.795358811342817e-06,2.4309779938038724e-05,1.0637691812602386e-05
b3318,6.794080780130098e-05,4.352461323864055e-05,5.613373250369941e-06,1.3703235012260265e-05,3.591727300116863e-05,2.810771601130748e-05,6.2365249944877455e-06,5.269559775380772e-05,2.862251280846191e-05,3.301978026380425e-05,1.2945844880885755e-05,7.661922952020362e-06,1.608109007840443e-05,2.768698812885513e-05,2.711399866564328e-05,1.3414159292869306e-05,8.795358811342817e-06,2.4309779938038724e-05,1.0637691812602386e-05
b3319,6.794181456357312e-05,4.352510994955558e-05,5.6133866432993375e-06,1.3703305563649344e-05,3.5917624292415054e-05,2.8107957682701415e-05,6.2365412377209876e-06,5.2696281641966576e-05,2.8622761969514114e-05,3.302009604868467e-05,1.2945908667347972e-05,7.661948090123096e-06,1.608118369180821e-05,2.768722379959299e-05,2.7114226186434608e-05,1.3414227100586431e-05,8.795390786447069e-06,2.4309969720898636e-05,1.0637736431475902e-05
b3320,6.794181456357312e-05,4.352510994955558e-05,5.6133866432993375e-06,1.3703305563649344e-05,3.5917624292415054e-05,2.8107957682701415e-05,6.2365412377209876e-06,5.2696281641966576e-05,2.8622761969514114e-05,3.302009604868467e-05,1.2945908667347972e-05,7.661948090123096e-06,1.608118369180821e-05,2.768722379959299e-05,2.7114226186434608e-05,1.3414227100586431e-05,8.795390786447069e-06,2.4309969720898636e-05,1.0637736431475902e-05
b3321,6.794181456357312e-05,4.352510994955558e-05,5.6133866432993375e-06,1.3703305563649344e-05,3.5917624292415054e-05,2.8107957682701415e-05,6.2365412377209876e-06,5.2696281641966576e-05,2.8622761969514114e-05,3.302009604868467e-05,1.2945908667347972e-05,7.661948090123096e-06,1.608118369180821e-05,2.768722379959299e-05,2.7114226186434608e-05,1.3414227100586431e-05,8.795390786447069e-06,2.4309969720898636e-05,1.0637736431475902e-05
b3339,1.3198553485037499e-05,7.565541175322276e-06,0.0,1.579878564293793e-06,5.911149661359707e-06,4.286212466377472e-06,0.0,9.624472590622209e-06,4.390351940964681e-06,5.300917924754798e-06,0.0,0.0,1.986711467057501e-06,4.2020447687080394e-06,4.085513556177554e-06,0.0,0.0,3.528556317569715e-06,0.0
b3340,1.3198554261447466e-05,7.56554153990938e-06,4.007354518846521e-07,1.57987857388919e-06,5.911149823119619e-06,4.286212466377472e-06,4.7463011650965555e-07,9.624473092289807e-06,4.3903520576676165e-06,5.30091809011563e-06,1.4530819411486796e-06,6.56967989061469e-07,1.9867114862742e-06,4.202044832498142e-06,4.0855136574448015e-06,1.5309202736297353e-06,8.145072105205863e-07,3.5285563389601514e-06,1.0869367373358376e-06
b3341,6.794080780130098e-05,4.352461323864055e-05,5.613373250369941e-06,1.3703235012260265e-05,3.591727300116863e-05,2.810771601130748e-05,6.2365249944877455e-06,5.269559775380772e-05,2.862251280846191e-05,3.301978026380425e-05,1.2945844880885755e-05,7.661922952020362e-06,1.608109007840443e-05,2.768698812885513e-05,2.711399866564328e-05,1.3414159292869306e-05,8.795358811342817e-06,2.4309779938038724e-05,1.0637691812602386e-05
b3342,6.794080780130098e-05,4.352461323864055e-05,5.613373250369941e-06,1.3703235012260265e-05,3.591727300116863e-05,2.810771601130748e-05,6.2365249944877455e-06,5.269559775380772e-05,2.862251280846191e-05,3.301978026380425e-05,1.2945844880885755e-05,7.661922952020362e-06,1.608109007840443e-05,2.768698812885513e-05,2.711399866564328e-05,1.3414159292869306e-05,8.795358811342817e-06,2.4309779938038724e-05,1.0637691812602386e-05
b3343,4.025077189884901e-10,1.8573670542417734e-10,5.17663504203161e-12,2.6451056073950414e-11,1.3625010082356963e-10,9.073203455597473e-11,6.2676772102015e-12,2.5901856068842706e-10,9.252248513647949e-11,1.1890435168477473e-10,2.365564698097848e-11,9.292414808977348e-12,3.4474808926507926e-11,8.879022007489722e-11,8.488573065782486e-11,2.5138273665054497e-11,1.1653294800231633e-11,7.016059612167681e-11,1.6500570070106624e-11
b3344,4.025077189884901e-10,1.8573670542417734e-10,5.17663504203161e-12,2.6451056073950414e-11,1.3625010082356963e-10,9.073203455597473e-11,6.2676772102015e-12,2.5901856068842706e-10,9.252248513647949e-11,1.1890435168477473e-10,2.365564698097848e-11,9.292414808977348e-12,3.4474808926507926e-11,8.879022007489722e-11,8.488573065782486e-11,2.5138273665054497e-11,1.1653294800231633e-11,7.016059612167681e-11,1.6500570070106624e-11
b3345,4.025077189884901e-10,1.8573670542417734e-10,5.17663504203161e-12,2.6451056073950414e-11,1.3625010082356963e-10,9.073203455597473e-11,6.2676772102015e-12,2.5901856068842706e-10,9.252248513647949e-11,1.1890435168477473e-10,2.365564698097848e-11,9.292414808977348e-12,3.4474808926507926e-11,8.879022007489722e-11,8.488573065782486e-11,2.5138273665054497e-11,1.1653294800231633e-11,7.016059612167681e-11,1.6500570070106624e-11
b3350,0.0,0.0,0.0,0.0,0.0,0.0,0.0,0.0,0.0,0.0,0.0,0.0,0.0,0.0,0.0,0.0,0.0,0.0,0.0
b3359,1.6618698687041225e-06,9.496722349308338e-07,6.171605932448385e-08,1.7682120203097733e-07,7.080485303662762e-07,5.300494660302976e-07,7.017487860307905e-08,1.1889282598402983e-06,5.330463594818862e-07,6.538191796047609e-07,1.837987962863217e-07,3.2907301299536202e-09,2.3591912330934385e-07,5.252657500558524e-07,5.010586832188998e-07,7.827242312176437e-09,1.1189309870797128e-07,4.336960827235585e-07,1.5170034374401202e-07
b3360,1.9717728766989535e-09,1.096692415867911e-09,5.51414202537695e-11,2.2145595531125377e-10,8.505356074509794e-10,6.131766456285821e-10,6.535850573133124e-11,1.4053459419462915e-09,6.280952400780932e-10,7.621429353376268e-10,2.0313674615338966e-10,9.066273708607875e-11,2.791534400347081e-10,6.013708732901711e-10,5.838773868178841e-10,2.1438396775009132e-10,1.1298773230166006e-10,5.029655291328197e-10,1.5144614741621682e-10
b3365,0.0,0.0,0.0,0.0,0.0,0.0,0.0,0.0,0.0,0.0,0.0,0.0,0.0,0.0,0.0,0.0,0.0,0.0,0.0
b3366,0.0,0.0,0.0,0.0,0.0,0.0,0.0,0.0,0.0,0.0,0.0,0.0,0.0,0.0,0.0,0.0,0.0,0.0,0.0
b3367,0.0,0.0,0.0,0.0,0.0,0.0,0.0,0.0,0.0,0.0,0.0,0.0,0.0,0.0,0.0,0.0,0.0,0.0,0.0
b3368,2.0756691127252053e-07,9.11808676924447e-08,0.0,7.863201631414277e-09,6.214691108754709e-08,3.8322515671486176e-08,1.4325182918756084e-09,1.2990198042550526e-07,3.988286446606186e-08,5.32081912789878e-08,7.576354477437792e-09,2.3105497036925115e-09,1.2086524215671415e-08,3.732370359240198e-08,3.58023837860816e-08,8.229037183361933e-09,3.230178269442812e-09,2.885431283134863e-08,4.963958265357135e-09
b3370,0.0,0.0,0.0,0.0,0.0,0.0,0.0,0.0,0.0,0.0,0.0,0.0,0.0,0.0,0.0,0.0,0.0,0.0,0.0
b3371,0.0,0.0,0.0,0.0,0.0,0.0,0.0,0.0,0.0,0.0,0.0,0.0,0.0,0.0,0.0,0.0,0.0,0.0,0.0
b4474,0.0,0.0,0.0,0.0,0.0,0.0,0.0,0.0,0.0,0.0,0.0,0.0,0.0,0.0,0.0,0.0,0.0,0.0,0.0
b3374,0.0,0.0,0.0,0.0,0.0,0.0,0.0,0.0,0.0,0.0,0.0,0.0,0.0,0.0,0.0,0.0,0.0,0.0,0.0
b3380,0.0,5.108359138498758e-07,0.0,9.174827690133557e-08,0.0,0.0,0.0,0.0,0.0,0.0,0.0,0.0,0.0,0.0,0.0,0.0,0.0,0.0,0.0
b3384,2.71254493241738e-07,1.823004944808097e-07,1.2921255769466544e-08,3.4854054403101305e-08,1.3163987276707515e-07,1.0004267334905101e-07,1.4686882601409572e-08,2.0670740761872064e-07,9.927351926896157e-08,1.1893222904184824e-07,3.6843498559733355e-08,1.7716071718393224e-08,4.6264609177203576e-08,9.96008328896128e-08,9.42424709113054e-08,3.9695215572327495e-08,2.391608355140234e-08,8.618514785917619e-08,3.1304893326058355e-08
b3385,0.0,0.0,0.0,0.0,0.0,0.0,0.0,0.0,0.0,0.0,0.0,0.0,0.0,0.0,0.0,0.0,0.0,0.0,0.0
b3386,2.221912881557666e-05,1.2875817455361324e-05,6.062863319639834e-07,3.319092491092899e-06,1.053151587924201e-05,7.590670535972163e-06,7.465576360687542e-07,1.6530550125037273e-05,7.7664434299323e-06,9.251491458911099e-06,2.5644748246237313e-06,1.155604221424247e-06,3.629373059605634e-06,7.4289824647328074e-06,7.229581659355977e-06,2.698026512059936e-06,1.3969420192961822e-06,6.379516139857611e-06,1.803891330318639e-06
b3389,2.221912881557666e-05,1.2875817455361324e-05,6.062863319639834e-07,3.319092491092899e-06,1.053151587924201e-05,7.590670535972163e-06,7.465576360687542e-07,1.6530550125037273e-05,7.7664434299323e-06,9.251491458911099e-06,2.5644748246237313e-06,1.155604221424247e-06,3.629373059605634e-06,7.4289824647328074e-06,7.229581659355977e-06,2.698026512059936e-06,1.3969420192961822e-06,6.379516139857611e-06,1.803891330318639e-06
b3390,3.151108464131719e-06,1.8260435727687189e-06,8.59832988141168e-08,4.707124446115429e-07,1.493575607876767e-06,1.0765060310361388e-06,1.0587652223021527e-07,2.3443563808515016e-06,1.1014340765288324e-06,1.3120430276087073e-06,3.6369285191143155e-07,1.6388735460966732e-07,5.147163177521787e-07,1.053575489786732e-06,1.025296542813027e-06,3.8263310182727316e-07,1.9811379003390557e-07,9.047405716140138e-07,2.5582718775886285e-07
b3396,0.0,0.0,0.0,0.0,0.0,0.0,0.0,0.0,0.0,0.0,0.0,0.0,0.0,0.0,0.0,0.0,0.0,0.0,0.0
b3397,0.0,0.0,0.0,0.0,0.0,0.0,0.0,0.0,0.0,0.0,0.0,0.0,0.0,0.0,0.0,0.0,0.0,0.0,0.0
b3403,0.0,0.0,0.0,0.0,0.0,2.1909748087687594e-06,8.403473886003107e-07,0.0,2.2948424367167955e-06,0.0,0.0,0.0,0.0,0.0,0.0,0.0,1.4420241081520375e-06,0.0,0.0
b3406,1.4222261836109667e-09,7.596096686618488e-10,5.354902285191407e-11,1.543257370338614e-10,5.690779577172772e-10,4.1685975152522486e-10,5.966675448979379e-11,9.971077472387884e-10,4.238092453806345e-10,5.151064237689613e-10,1.4645448590056895e-10,7.494803441814465e-11,1.920859113996728e-10,4.0810410124578837e-10,3.946021434388316e-10,1.5430520885130855e-10,8.964989918111136e-11,3.386367434030396e-10,1.1586022415841514e-10
b3409,0.0,0.0,0.0,0.0,0.0,0.0,0.0,0.0,0.0,0.0,0.0,0.0,0.0,0.0,0.0,0.0,0.0,0.0,0.0
b3412,3.424761301936904e-12,1.4205887138939643e-12,1.601584466260885e-14,1.289038489695016e-13,9.702384754801669e-13,5.939045327073996e-13,2.0667425528067288e-14,2.060712789713956e-12,6.157105398074199e-13,8.229886596063575e-13,1.1324488661058817e-13,3.376580183355879e-14,1.8243154782713956e-13,5.768351733352342e-13,5.518493174944477e-13,1.2277875187468224e-13,4.697656347686455e-14,4.412094060550433e-13,7.289913433734347e-14
b3415,0.0,0.0,0.0,0.0,0.0,0.0,0.0,0.0,0.0,0.0,0.0,0.0,0.0,0.0,0.0,0.0,0.0,0.0,0.0
b3416,0.0,0.0,0.0,0.0,0.0,0.0,0.0,0.0,0.0,0.0,0.0,0.0,0.0,0.0,0.0,0.0,0.0,0.0,0.0
b3417,0.0,0.0,0.0,0.0,0.0,0.0,0.0,0.0,0.0,0.0,0.0,0.0,0.0,0.0,0.0,0.0,0.0,0.0,0.0
b3425,0.0,0.0,0.0,0.0,0.0,0.0,0.0,0.0,0.0,0.0,0.0,0.0,0.0,0.0,0.0,0.0,0.0,0.0,0.0
b3426,0.0,0.0,0.0,0.0,0.0,0.0,0.0,0.0,0.0,0.0,0.0,0.0,0.0,0.0,0.0,0.0,0.0,0.0,0.0
b3428,0.0,0.0,0.0,0.0,0.0,0.0,0.0,0.0,0.0,0.0,0.0,0.0,0.0,0.0,0.0,0.0,0.0,0.0,0.0
b3429,3.132421851633894e-08,1.7422408678919595e-08,8.759943489140858e-10,3.5181205796520456e-09,1.3511882397086681e-08,9.741121537761149e-09,1.0383062570863173e-09,2.2325777931520307e-08,9.978123130599508e-09,1.2107647959519409e-08,3.227095727099992e-09,1.4402974203236865e-09,4.4347213913775605e-09,9.553571238813102e-09,9.275664082595434e-09,3.405772709200785e-09,1.7949594794143087e-09,7.990272270667778e-09,2.405922239413962e-09
b3430,6.396705796799124e-07,3.5578229200679747e-07,1.7888644617707513e-08,7.184339585027501e-08,2.759255954303507e-07,1.989230428060627e-07,2.1203209427531183e-08,4.559137941082693e-07,2.0376284259857463e-07,2.4724978165971764e-07,6.590038929015506e-08,2.9412254460214858e-08,9.05612633771443e-08,1.9509308585487298e-07,1.8941795523278814e-07,6.95491446024785e-08,3.665479380116072e-08,1.631690218388809e-07,4.913123922781886e-08
b3431,0.0,0.0,0.0,0.0,0.0,0.0,0.0,0.0,0.0,0.0,0.0,0.0,0.0,0.0,0.0,0.0,0.0,0.0,0.0
b3432,0.0,0.0,0.0,0.0,0.0,0.0,0.0,0.0,0.0,0.0,0.0,0.0,0.0,0.0,0.0,0.0,0.0,0.0,0.0
b3433,1.192712720543518e-07,0.0009011281948071492,3.288205610426754e-09,1.4410371097615297e-08,5.3212156678351276e-08,3.831201494135826e-08,3.938827452060076e-09,7.769529588003904e-05,3.932015540445484e-08,4.7505667358315323e-08,1.2808591693538649e-08,5.734329720531568e-09,1.7802085845145103e-08,3.7483333532857696e-08,3.652562049109594e-08,1.3457238849207167e-08,7.008755317558121e-09,3.1443576672308385e-08,9.31230123776813e-09
b4476,0.0,0.0,0.0,0.0,0.0,0.0,0.0,0.0,0.0,0.0,0.0,0.0,0.0,0.0,0.0,0.0,0.0,0.0,0.0
b3437,0.0,0.0,0.0,0.0,0.0,0.0,0.0,0.0,0.0,0.0,0.0,0.0,0.0,0.0,0.0,0.0,0.0,0.0,0.0
b3447,0.0,0.0,0.0,0.0,0.0,0.0,0.0,0.0,0.0,0.0,-4.9991455107433314e-52,0.0,0.0,0.0,0.0,0.0,0.0,0.0,0.0
b3449,0.0,0.0,0.0,0.0,0.0,0.0,0.0,0.0,0.0,0.0,0.0,0.0,0.0,0.0,0.0,0.0,0.0,0.0,0.0
b3450,0.0,0.0,0.0,0.0,0.0,0.0,0.0,0.0,0.0,0.0,0.0,0.0,0.0,0.0,0.0,0.0,0.0,0.0,0.0
b3451,0.0,0.0,0.0,0.0,0.0,0.0,0.0,0.0,0.0,0.0,0.0,0.0,0.0,0.0,0.0,0.0,0.0,0.0,0.0
b3452,0.0,0.0,0.0,0.0,0.0,0.0,0.0,0.0,0.0,0.0,0.0,0.0,0.0,0.0,0.0,0.0,0.0,0.0,0.0
b3453,0.0,0.0,0.0,0.0,0.0,0.0,0.0,0.0,0.0,0.0,0.0,0.0,0.0,0.0,0.0,0.0,0.0,0.0,0.0
b3454,0.0,0.0,0.0,0.0,0.0,0.0,0.0,0.0,0.0,0.0,0.0,0.0,0.0,0.0,0.0,0.0,0.0,0.0,0.0
b3455,0.0,0.0,0.0,0.0,0.0,0.0,0.0,0.0,0.0,0.0,0.0,0.0,0.0,0.0,0.0,0.0,0.0,0.0,0.0
b3456,0.0,0.0,0.0,0.0,0.0,0.0,0.0,0.0,0.0,0.0,0.0,0.0,0.0,0.0,0.0,0.0,0.0,0.0,0.0
b3457,0.0,0.0,0.0,0.0,0.0,0.0,0.0,0.0,0.0,0.0,0.0,0.0,0.0,0.0,0.0,0.0,0.0,0.0,0.0
b3458,0.0,0.0,0.0,0.0,0.0,0.0,0.0,0.0,0.0,0.0,0.0,0.0,0.0,0.0,0.0,0.0,0.0,0.0,0.0
b3460,0.0,0.0,0.0,0.0,0.0,0.0,0.0,0.0,0.0,0.0,0.0,0.0,0.0,0.0,0.0,0.0,0.0,0.0,0.0
b3461,2.936644676034532e-09,1.5386987514377583e-09,1.730361993172625e-10,4.1356264207868946e-10,1.2931556488359407e-09,9.399778329137616e-10,1.892981903378854e-10,1.926178975890419e-09,9.59779110240162e-10,1.146891246443002e-09,4.99976787293772e-10,2.3030083955910866e-10,4.924532641064198e-10,9.267807196774414e-10,9.019695354297317e-10,4.0225937615361836e-10,2.556457192528006e-10,1.4260979211822362e-09,2.9882240123834175e-10
b3464,2.015683423789449e-09,8.740326085018567e-10,2.9166941870510336e-11,1.518613330662858e-10,1.0448234749931083e-09,6.218264701381093e-10,4.75846682346173e-11,1.8198747866477857e-09,9.131669739384848e-10,1.027574851588753e-09,2.286584574021092e-10,1.032866184510931e-10,4.139085197802618e-10,5.811116969724483e-10,7.511730730934006e-10,2.5489547336887115e-10,1.4750398312399705e-10,6.916750881465707e-10,1.531372692468142e-10
b3465,2.1529106403702833e-10,1.0285944923490687e-10,2.974608047204581e-12,1.45523670963533e-11,7.475090577593636e-11,4.966897679775911e-11,3.597995189127542e-12,1.4097198373454532e-10,5.119026329205683e-11,6.505178932313567e-11,1.3167141374576097e-11,5.206178416116396e-12,1.9173607401174495e-11,4.8452229225496426e-11,4.675426692985921e-11,1.4016076697036505e-11,6.6716931154416594e-12,3.890603669570724e-11,9.342075502093112e-12
b3469,0.0,0.0,0.0,0.0,0.0,0.0,0.0,0.0,0.0,0.0,0.0,0.0,0.0,0.0,0.0,0.0,0.0,0.0,0.0
b3470,2.0125385949424506e-10,9.286835271208867e-11,2.588317521015805e-12,1.3225528036975207e-11,6.812505041178482e-11,4.5366017277987366e-11,3.13383860510075e-12,1.2950928034421353e-10,4.6261242568239745e-11,5.945217584238737e-11,1.182782349048924e-11,4.646207404488674e-12,1.7237404463253963e-11,4.439511003744861e-11,4.244286532891243e-11,1.2569136832527248e-11,5.826647400115817e-12,3.5080298060838405e-11,8.250285035053312e-12
b3475,2.466969160380566e-11,9.832474881794159e-12,0.0,0.0,6.715670908547446e-12,4.1107869807465566e-12,0.0,1.4263091639924278e-11,4.2616705792883045e-12,5.6963285058284186e-12,0.0,0.0,0.0,3.9926420779534846e-12,3.819662393977022e-12,0.0,0.0,0.0,0.0
b3476,0.0,0.0,0.0,0.0,0.0,0.0,0.0,0.0,0.0,0.0,0.0,0.0,0.0,0.0,0.0,0.0,0.0,0.0,0.0
b3477,0.0,0.0,0.0,0.0,0.0,0.0,0.0,0.0,0.0,0.0,0.0,0.0,0.0,0.0,0.0,0.0,0.0,0.0,0.0
b3478,0.0,0.0,0.0,0.0,0.0,0.0,0.0,0.0,0.0,0.0,0.0,0.0,0.0,0.0,0.0,0.0,0.0,0.0,0.0
b3479,0.0,0.0,0.0,0.0,0.0,0.0,0.0,0.0,0.0,0.0,0.0,0.0,0.0,0.0,0.0,0.0,0.0,0.0,0.0
b3480,0.0,0.0,0.0,0.0,0.0,0.0,0.0,0.0,0.0,0.0,0.0,0.0,0.0,0.0,0.0,0.0,0.0,0.0,0.0
b3493,3.449642820226362e-06,1.74138656366495e-06,7.193738900336956e-08,3.035292851603588e-07,1.3192454893833726e-06,9.248824672418655e-07,8.627023587285165e-08,2.35577218245247e-06,9.882493677137156e-07,1.2133749255758218e-06,2.884981770263439e-07,1.2388079443683092e-07,4.142472774576101e-07,9.091476895764218e-07,9.037066308756208e-07,3.058658281369217e-07,1.5286555632593353e-07,7.579815722275339e-07,2.0671703953453085e-07
b3496,0.0,0.0,0.0,0.0,0.0,0.0,0.0,0.0,0.0,0.0,0.0,0.0,0.0,0.0,0.0,0.0,0.0,0.0,0.0
b3500,5.865136182590088e-10,2.884619951207698e-10,8.470032080901193e-12,4.685442327270718e-11,2.155319784496518e-10,1.4417570272365345e-10,1.0334113372618702e-11,3.938472904972151e-10,1.481889223224126e-10,1.8616555221934504e-10,3.8948437428033495e-11,1.5580618859046244e-11,5.712540864910336e-11,1.4105980745206772e-10,1.3594972869608616e-10,4.146983313916418e-11,1.985891730005009e-11,1.1508692256875841e-10,2.7359993589279816e-11
b3502,0.0,0.0,0.0,0.0,0.0,0.0,0.0,0.0,0.0,0.0,0.0,0.0,0.0,0.0,0.0,0.0,0.0,0.0,0.0
b3503,0.0,0.0,0.0,0.0,0.0,0.0,0.0,0.0,0.0,0.0,0.0,0.0,0.0,0.0,0.0,0.0,0.0,0.0,0.0
b3517,0.0,0.0,0.0,0.0,0.0,0.0,0.0,0.0,0.0,0.0,0.0,0.0,0.0,0.0,0.0,0.0,0.0,0.0,0.0
b3519,0.0,0.0,0.0,0.0,0.0,0.0,0.0,0.0,0.0,0.0,0.0,0.0,0.0,0.0,0.0,0.0,0.0,0.0,0.0
b3526,0.0,0.0,0.0,0.0,0.0,0.0,0.0,0.0,0.0,0.0,0.0,0.0,0.0,0.0,0.0,0.0,0.0,0.0,0.0
b3528,0.0,0.0,0.0,0.0,0.0,0.0,0.0,0.0,0.0,0.0,0.0,0.0,0.0,0.0,0.0,0.0,0.0,0.0,0.0
b3540,0.0,0.0,0.0,0.0,0.0,0.0,0.0,0.0,0.0,0.0,-2.044225742428851e-52,0.0,0.0,0.0,0.0,0.0,0.0,0.0,0.0
b3541,0.0,0.0,0.0,0.0,0.0,0.0,0.0,0.0,0.0,0.0,-2.044225742428851e-52,0.0,0.0,0.0,0.0,0.0,0.0,0.0,0.0
b3542,0.0,0.0,0.0,0.0,0.0,0.0,0.0,0.0,0.0,0.0,-2.044225742428851e-52,0.0,0.0,0.0,0.0,0.0,0.0,0.0,0.0
b3543,0.0,0.0,0.0,0.0,0.0,0.0,0.0,0.0,0.0,0.0,-2.044225742428851e-52,0.0,0.0,0.0,0.0,0.0,0.0,0.0,0.0
b3544,0.0,0.0,0.0,0.0,0.0,0.0,0.0,0.0,0.0,0.0,-2.044225742428851e-52,0.0,0.0,0.0,0.0,0.0,0.0,0.0,0.0
b3546,0.0,0.0,0.0,0.0,0.0,0.0,0.0,0.0,0.0,0.0,0.0,0.0,0.0,0.0,0.0,0.0,0.0,0.0,0.0
b3551,0.0,0.0,0.0,0.0,0.0,0.0,0.0,0.0,0.0,0.0,0.0,0.0,0.0,0.0,0.0,0.0,0.0,0.0,0.0
b3553,0.0,0.0,0.0,0.0,0.0,1.3585985503411912e-10,0.0,0.0,1.3901990806989687e-10,0.0,0.0,1.8736111805992884e-11,5.959122331837819e-11,0.0,0.0,0.0,2.338435280891265e-11,0.0,0.0
b3559,2.07101248437085e-06,1.2039014910136623e-06,6.120133557448714e-08,2.681218163202992e-07,9.601126781865092e-07,6.897312715653786e-07,7.363412080327445e-08,1.5109487204184668e-06,7.013414356372743e-07,8.363642377324425e-07,2.324999255933162e-07,1.0491468197148201e-07,3.207914791914169e-07,6.701492214516427e-07,6.51429298307075e-07,2.4459289389909626e-07,1.2757455569950403e-07,5.658354768600607e-07,1.7048230582064726e-07
b3560,2.07101248437085e-06,1.2039014910136623e-06,6.120133557448714e-08,2.681218163202992e-07,9.601126781865092e-07,6.897312715653786e-07,7.363412080327445e-08,1.5109487204184668e-06,7.013414356372743e-07,8.363642377324425e-07,2.324999255933162e-07,1.0491468197148201e-07,3.207914791914169e-07,6.701492214516427e-07,6.51429298307075e-07,2.4459289389909626e-07,1.2757455569950403e-07,5.658354768600607e-07,1.7048230582064726e-07
b3564,0.0,0.0,0.0,0.0,0.0,0.0,0.0,0.0,0.0,0.0,0.0,0.0,0.0,0.0,0.0,0.0,0.0,0.0,0.0
b3565,0.0,0.0,0.0,0.0,0.0,0.0,0.0,0.0,0.0,0.0,0.0,0.0,0.0,0.0,0.0,0.0,0.0,0.0,0.0
b3566,0.0,0.0,0.0,0.0,0.0,0.0,0.0,0.0,0.0,0.0,0.0,0.0,0.0,0.0,0.0,0.0,0.0,0.0,0.0
b3567,0.0,0.0,0.0,0.0,0.0,0.0,0.0,0.0,0.0,0.0,0.0,0.0,0.0,0.0,0.0,0.0,0.0,0.0,0.0
b3568,0.0,0.0,0.0,0.0,0.0,0.0,0.0,0.0,0.0,0.0,0.0,0.0,0.0,0.0,0.0,0.0,0.0,0.0,0.0
b3571,0.0,0.0,0.0,0.0,0.0,0.0,0.0,0.0,0.0,0.0,0.0,0.0,0.0,0.0,0.0,0.0,0.0,0.0,0.0
b3572,1.7684836851351813e-06,9.990525062027841e-07,4.762912192634352e-08,1.8706048535578345e-07,7.788308725576664e-07,5.522544763379138e-07,5.727002852846967e-08,1.284217826755615e-06,5.745710052290129e-07,6.915545399648036e-07,1.8349227764527823e-07,8.136910601588759e-08,2.5574586241373644e-07,5.368721125947648e-07,5.292401988300848e-07,1.927108475049187e-07,9.972552083541569e-08,4.522492528522419e-07,1.3383454944046966e-07
b3575,0.0,0.0,0.0,0.0,0.0,0.0,0.0,0.0,0.0,0.0,0.0,0.0,0.0,0.0,0.0,0.0,0.0,0.0,0.0
b3577,0.0,0.0,0.0,0.0,0.0,0.0,0.0,0.0,0.0,0.0,0.0,0.0,0.0,0.0,0.0,0.0,0.0,0.0,0.0
b3578,0.0,0.0,0.0,0.0,0.0,0.0,0.0,0.0,0.0,0.0,0.0,0.0,0.0,0.0,0.0,0.0,0.0,0.0,0.0
b3579,0.0,0.0,0.0,0.0,0.0,0.0,0.0,0.0,0.0,0.0,0.0,0.0,0.0,0.0,0.0,0.0,0.0,0.0,0.0
b3580,0.0,0.0,0.0,0.0,0.0,0.0,0.0,0.0,0.0,0.0,0.0,0.0,0.0,0.0,0.0,0.0,0.0,0.0,0.0
b3581,0.0,0.0,0.0,0.0,0.0,0.0,0.0,0.0,0.0,0.0,0.0,0.0,0.0,0.0,0.0,0.0,0.0,0.0,0.0
b3583,0.0,0.0,0.0,0.0,0.0,0.0,0.0,0.0,0.0,0.0,0.0,0.0,0.0,0.0,0.0,0.0,0.0,0.0,0.0
b3588,0.0,0.0,0.0,0.0,0.0,0.0,0.0,0.0,0.0,0.0,0.0,0.0,0.0,0.0,0.0,0.0,0.0,0.0,0.0
b3590,7.764099639260468e-13,3.6458710331589435e-13,0.0,9.595396838708772e-15,1.6175991113251768e-13,0.0,0.0,5.016675965338926e-13,1.1670293574800794e-13,1.6536083077286218e-13,5.53870778305001e-15,0.0,1.92166986456046e-14,6.379010286762097e-14,1.012672467929401e-13,1.1912839500347077e-14,0.0,2.139043612478612e-14,1.8164028001647964e-14
b3591,7.764099639260468e-12,3.645871033158943e-12,0.0,9.595396838708773e-14,1.6175991113251767e-12,0.0,0.0,5.016675965338925e-12,1.1670293574800793e-12,1.6536083077286218e-12,5.53870778305001e-14,0.0,1.9216698645604602e-13,6.379010286762098e-13,1.0126724679294009e-12,1.1912839500347077e-13,0.0,2.139043612478612e-13,1.8164028001647964e-13
b3599,0.0,0.0,0.0,0.0,0.0,0.0,0.0,0.0,0.0,0.0,0.0,0.0,0.0,0.0,0.0,0.0,0.0,0.0,0.0
b3600,0.0,0.0,0.0,0.0,0.0,0.0,0.0,0.0,0.0,0.0,0.0,0.0,0.0,0.0,0.0,0.0,0.0,0.0,0.0
b3603,0.0,0.0,0.0,0.0,0.0,0.0,0.0,0.0,0.0,0.0,0.0,0.0,0.0,0.0,0.0,0.0,0.0,0.0,0.0
b3605,0.0,0.0,0.0,0.0,0.0,0.0,0.0,0.0,0.0,0.0,0.0,0.0,0.0,0.0,0.0,0.0,0.0,0.0,0.0
b3607,7.516028212506499e-06,4.427107049933284e-06,0.0,8.495999013021007e-07,3.42635234089967e-06,2.488398499495314e-06,2.8491009785837076e-07,5.57163776179112e-06,2.558776270441784e-06,3.098981651588126e-06,8.547217648535593e-07,3.9017516724905956e-07,1.1631578537255123e-06,2.4472157547461444e-06,2.3823734408268986e-06,9.03673601027816e-07,4.886181195099895e-07,2.06871349797904e-06,6.485713040703671e-07
b3608,2.5301518136277475e-06,2.1442851001834396e-05,9.023824267863992e-07,2.940026919417367e-05,2.906363852267179e-05,2.242000885837663e-05,1.31958404509007e-06,2.6871544069514146e-05,1.965595951465007e-05,2.0364293932235607e-05,7.494097571927577e-06,3.491917160430958e-06,1.110908592822387e-05,2.161433907753489e-05,1.896617057071713e-05,7.675082467006048e-06,3.2036862021444298e-06,1.7941256363293993e-05,3.9347832580149764e-06
b3609,4.3494309666872115e-05,2.1442851001834396e-05,9.023824267863992e-07,2.940026919417367e-05,2.906363852267179e-05,2.242000885837663e-05,1.31958404509007e-06,2.6871544069514146e-05,1.965595951465007e-05,2.0364293932235607e-05,7.494097571927577e-06,3.491917160430958e-06,1.110908592822387e-05,2.161433907753489e-05,1.896617057071713e-05,7.675082467006048e-06,3.2036862021444298e-06,1.7941256363293993e-05,3.9347832580149764e-06
b3610,0.0,0.0,0.0,0.0,0.0,0.0,0.0,0.0,0.0,0.0,0.0,0.0,0.0,0.0,0.0,0.0,0.0,0.0,0.0
b3612,0.0,0.0,0.0,0.0,0.0,0.0,0.0,0.0,0.0,0.0,0.0,0.0,0.0,0.0,0.0,0.0,0.0,0.0,0.0
b3616,0.0,0.0,0.0,0.0,0.0,0.0,0.0,0.0,0.0,0.0,0.0,0.0,0.0,0.0,0.0,0.0,0.0,0.0,0.0
b3617,0.0,0.0,0.0,0.0,0.0,0.0,0.0,0.0,0.0,0.0,0.0,0.0,0.0,0.0,0.0,0.0,0.0,0.0,0.0
b3619,0.0,0.0,0.0,0.0,0.0,0.0,0.0,0.0,0.0,0.0,0.0,0.0,0.0,0.0,0.0,0.0,0.0,0.0,0.0
b3620,0.0,0.0,0.0,0.0,0.0,0.0,0.0,0.0,0.0,0.0,0.0,0.0,0.0,0.0,0.0,0.0,0.0,0.0,0.0
b3621,0.0,0.0,0.0,0.0,0.0,0.0,0.0,0.0,0.0,0.0,0.0,0.0,0.0,0.0,0.0,0.0,0.0,0.0,0.0
b3622,0.0,0.0,0.0,0.0,0.0,0.0,0.0,0.0,0.0,0.0,0.0,0.0,0.0,0.0,0.0,0.0,0.0,0.0,0.0
b3623,0.0,0.0,0.0,0.0,0.0,0.0,0.0,0.0,0.0,0.0,0.0,0.0,0.0,0.0,0.0,0.0,0.0,0.0,0.0
b3624,0.0,0.0,0.0,0.0,0.0,0.0,0.0,0.0,0.0,0.0,0.0,0.0,0.0,0.0,0.0,0.0,0.0,0.0,0.0
b3625,0.0,0.0,0.0,0.0,0.0,0.0,0.0,0.0,0.0,0.0,0.0,0.0,0.0,0.0,0.0,0.0,0.0,0.0,0.0
b3626,0.0,0.0,0.0,0.0,0.0,0.0,0.0,0.0,0.0,0.0,0.0,0.0,0.0,0.0,0.0,0.0,0.0,0.0,0.0
b3627,0.0,0.0,0.0,0.0,0.0,0.0,0.0,0.0,0.0,0.0,0.0,0.0,0.0,0.0,0.0,0.0,0.0,0.0,0.0
b3628,0.0,0.0,0.0,0.0,0.0,0.0,0.0,0.0,0.0,0.0,0.0,0.0,0.0,0.0,0.0,0.0,0.0,0.0,0.0
b3629,0.0,0.0,0.0,0.0,0.0,0.0,0.0,0.0,0.0,0.0,0.0,0.0,0.0,0.0,0.0,0.0,0.0,0.0,0.0
b3630,0.0,0.0,0.0,0.0,0.0,0.0,0.0,0.0,0.0,0.0,0.0,0.0,0.0,0.0,0.0,0.0,0.0,0.0,0.0
b3631,0.0,0.0,0.0,0.0,0.0,0.0,0.0,0.0,0.0,0.0,0.0,0.0,0.0,0.0,0.0,0.0,0.0,0.0,0.0
b3632,0.0,0.0,0.0,0.0,0.0,0.0,0.0,0.0,0.0,0.0,0.0,0.0,0.0,0.0,0.0,0.0,0.0,0.0,0.0
b3633,9.515252260519274e-09,5.292346351092811e-09,2.6609785027387374e-10,1.068687628419278e-09,4.1044589653748935e-09,2.959027650883848e-09,3.154027914438963e-10,6.7818262990325535e-09,3.031020825775843e-09,3.6778994041398236e-09,9.802839900437893e-10,4.375142919337801e-10,1.347120367011486e-09,2.902056128829894e-09,2.817637208848368e-09,1.0345600945522073e-09,5.452487900098357e-10,2.4271780713692356e-09,7.308388879766037e-10
b3634,7.592805643190107e-09,4.216022170763075e-09,2.1132597233773178e-10,8.493580808412123e-10,3.2680663906078294e-09,2.354719187126812e-09,2.505079414762611e-10,5.405603812753215e-09,2.412101971602959e-09,2.9278455849524223e-09,7.793345818592622e-10,3.475723340561681e-10,1.0708979764361905e-09,2.3093118242844862e-09,2.2420321625726095e-09,8.222091479648705e-10,4.332338643294946e-10,1.930908788306374e-09,5.808479014439792e-10
b3636,6.794080780130098e-05,4.352461323864055e-05,5.613373250369941e-06,1.3703235012260265e-05,3.591727300116863e-05,2.810771601130748e-05,6.2365249944877455e-06,5.269559775380772e-05,2.862251280846191e-05,3.301978026380425e-05,1.2945844880885755e-05,7.661922952020362e-06,1.608109007840443e-05,2.768698812885513e-05,2.711399866564328e-05,1.3414159292869306e-05,8.795358811342817e-06,2.4309779938038724e-05,1.0637691812602386e-05
b3637,6.794080780130098e-05,4.352461323864055e-05,5.613373250369941e-06,1.3703235012260265e-05,3.591727300116863e-05,2.810771601130748e-05,6.2365249944877455e-06,5.269559775380772e-05,2.862251280846191e-05,3.301978026380425e-05,1.2945844880885755e-05,7.661922952020362e-06,1.608109007840443e-05,2.768698812885513e-05,2.711399866564328e-05,1.3414159292869306e-05,8.795358811342817e-06,2.4309779938038724e-05,1.0637691812602386e-05
b3639,9.258494519660263e-09,5.14092155088748e-09,2.5768608452470796e-10,1.0356879269984271e-09,3.985005831733088e-09,2.8712910238793798e-09,3.0546368658461736e-10,6.591470350715149e-09,2.941262286224512e-09,3.570148318889978e-09,9.503028648701367e-10,4.2382179938067286e-10,1.305828637249827e-09,2.8159223183199332e-09,2.733883028956233e-09,1.002583135691715e-09,5.282755212130791e-10,2.35450626219207e-09,7.082727209142388e-10
b3640,0.0,0.0,0.0,0.0,0.0,0.0,0.0,0.0,0.0,0.0,0.0,0.0,0.0,0.0,0.0,0.0,0.0,0.0,0.0
b3642,1.8750743601940728e-06,9.296315049706596e-07,3.5412021502872135e-08,0.0,0.0,4.837981923318173e-07,4.265512630180973e-08,1.2783495474006645e-06,5.215693370261949e-07,6.441089040125056e-07,1.4662000524987773e-07,6.187894872923102e-08,2.1338373775117333e-07,4.7558793029098953e-07,4.748008536991726e-07,1.5567608659402759e-07,7.624048982231506e-08,3.949104696134103e-07,1.0372402085310743e-07
b3643,5.118609096200315e-09,2.387255935789919e-09,7.54981578976482e-11,3.3495895931430426e-10,1.7687338473331198e-09,1.1581536110891854e-09,9.115665113731325e-11,3.303426246558533e-09,1.1951585560722164e-09,1.5193061670361807e-09,3.0707223042438503e-10,1.214152799551134e-10,4.457479201062153e-10,1.1291740806151156e-09,1.0902950516134713e-09,3.2675046938843674e-10,1.5611978466666283e-10,9.065834230591232e-10,2.1895324647680257e-10
b3648,1.5971288385709382e-06,8.363554918997991e-07,4.8225340104593805e-08,2.389030918734965e-07,6.388988616987159e-07,4.5671497021491507e-07,5.598220875893576e-08,1.1195589673240049e-06,4.870625593480822e-07,5.920592914180556e-07,1.5629159082253387e-07,7.456265854925045e-08,2.1662130929143582e-07,4.494489005741364e-07,4.474236480163764e-07,1.647769361679066e-07,8.970160878288476e-08,3.7905548921640766e-07,1.1663674930238327e-07
b3649,1.4222261836109667e-09,7.596096686618488e-10,5.354902285191407e-11,1.543257370338614e-10,5.690779577172772e-10,4.1685975152522486e-10,5.966675448979379e-11,9.971077472387884e-10,4.238092453806345e-10,5.151064237689613e-10,1.4645448590056895e-10,7.494803441814465e-11,1.920859113996728e-10,4.0810410124578837e-10,3.946021434388316e-10,1.5430520885130855e-10,8.964989918111136e-11,3.386367434030396e-10,1.1586022415841514e-10
b3650,0.0,0.0,0.0,0.0,0.0,0.0,0.0,0.0,0.0,0.0,0.0,0.0,0.0,0.0,0.0,0.0,0.0,0.0,0.0
b3651,7.914581859011222e-10,3.8215027370599443e-10,1.1417240428712501e-11,5.4506009654848205e-11,2.747320466638866e-10,1.83237944670852e-10,1.3734957887459313e-11,5.246109959649848e-10,1.9141511617206137e-10,2.426382442220605e-10,4.9325920879401775e-11,1.9626897364215472e-11,7.178198488967556e-11,1.793998938222334e-10,1.744912731423632e-10,5.25839951251782e-11,2.5521309718575112e-11,1.4551593357640605e-10,3.538479024322334e-11
b3653,0.0,0.0,0.0,0.0,0.0,0.0,0.0,0.0,0.0,0.0,0.0,0.0,0.0,0.0,0.0,0.0,0.0,0.0,0.0
b3654,0.0,4.690044505087818e-06,0.0,0.0,6.608439425716526e-05,0.0,0.0,0.0,0.0,0.0,0.0,0.0,0.0,0.0,0.0,0.0,0.0,0.0,0.0
b3665,0.0,4.011412616360042e-06,2.5798304172854306e-10,0.0,0.0,4.352921001402057e-09,3.1271688049067805e-10,2.4763487447705722e-06,4.486033280166857e-09,5.699930807166604e-09,1.153620580186447e-09,4.549700656518115e-10,1.6805898940972495e-09,4.247638833520107e-09,4.0977595898139226e-09,1.2260541597213895e-09,5.8171655398978e-10,3.410986777689237e-09,0.0
b3666,0.0,0.0,0.0,0.0,0.0,0.0,0.0,0.0,0.0,0.0,0.0,0.0,0.0,0.0,0.0,0.0,0.0,0.0,0.0
b3670,0.0,0.0,0.0,0.0,0.0,0.0,0.0,0.0,0.0,0.0,0.0,0.0,0.0,0.0,0.0,0.0,0.0,0.0,0.0
b3671,0.0,0.0,0.0,0.0,0.0,0.0,0.0,0.0,0.0,0.0,0.0,0.0,0.0,0.0,0.0,0.0,0.0,0.0,0.0
b3679,0.0,0.0,0.0,0.0,0.0,0.0,0.0,0.0,0.0,0.0,0.0,0.0,0.0,0.0,0.0,0.0,0.0,0.0,0.0
b3691,0.0,0.0,0.0,0.0,0.0,0.0,0.0,0.0,0.0,0.0,0.0,0.0,0.0,0.0,0.0,0.0,0.0,0.0,0.0
b4478,0.0,0.0,0.0,0.0,0.0,0.0,0.0,0.0,0.0,0.0,0.0,0.0,0.0,0.0,0.0,0.0,0.0,0.0,0.0
b4477,0.0,0.0,0.0,0.0,0.0,0.0,0.0,0.0,0.0,0.0,0.0,0.0,0.0,0.0,0.0,0.0,0.0,0.0,0.0
b3693,0.0,0.0,0.0,0.0,0.0,0.0,0.0,0.0,0.0,0.0,0.0,0.0,0.0,0.0,0.0,0.0,0.0,0.0,0.0
b3703,6.794080780130098e-05,4.352461323864055e-05,5.613373250369941e-06,1.3703235012260265e-05,3.591727300116863e-05,2.810771601130748e-05,6.2365249944877455e-06,5.269559775380772e-05,2.862251280846191e-05,3.301978026380425e-05,1.2945844880885755e-05,7.661922952020362e-06,1.608109007840443e-05,2.768698812885513e-05,2.711399866564328e-05,1.3414159292869306e-05,8.795358811342817e-06,2.4309779938038724e-05,1.0637691812602386e-05
b3704,5.118609096200315e-09,2.387255935789919e-09,7.54981578976482e-11,3.3495895931430426e-10,1.7687338473331198e-09,1.1581536110891854e-09,9.115665113731325e-11,3.303426246558533e-09,1.1951585560722164e-09,1.5193061670361807e-09,3.0707223042438503e-10,1.214152799551134e-10,4.457479201062153e-10,1.1291740806151156e-09,1.0902950516134713e-09,3.2675046938843674e-10,1.5611978466666283e-10,9.065834230591232e-10,2.1895324647680257e-10
b3705,2.4255784652266256e-06,1.2890464294761228e-06,6.037474638679082e-08,2.531974544777733e-07,9.616788431334255e-07,6.904965542423959e-07,7.170192777488113e-08,1.726922439907082e-06,7.530626231866425e-07,9.234348336721027e-07,2.2523317276625743e-07,9.963486520346039e-08,3.2511638476702603e-07,6.83238701413691e-07,6.862486995752764e-07,2.3865534835850585e-07,1.2443525842009292e-07,5.715540519961306e-07,1.6698267908769706e-07
b3706,4.041672883615237e-10,1.8689451684243275e-10,5.259026625969738e-12,2.6513985455473734e-11,1.3677773574630679e-10,9.120966578000393e-11,6.355290907472449e-12,2.601902936441538e-10,9.29859588112039e-11,1.1952231976287318e-10,2.382481026546786e-11,9.36949387291169e-12,3.464150122122404e-11,8.926844806444258e-11,8.532929996643941e-11,2.532985681559085e-11,1.1782082919788693e-11,7.052921994832222e-11,1.6685895813872935e-11
b3708,0.0,0.0,0.0,0.0,0.0,0.0,0.0,0.0,0.0,0.0,0.0,0.0,0.0,0.0,0.0,0.0,0.0,0.0,0.0
b3709,0.0,0.0,0.0,0.0,0.0,0.0,0.0,0.0,0.0,0.0,0.0,0.0,0.0,0.0,0.0,0.0,0.0,0.0,0.0
b3714,0.0,0.0,0.0,0.0,0.0,0.0,0.0,0.0,0.0,0.0,0.0,0.0,0.0,0.0,0.0,0.0,0.0,0.0,0.0
b3722,0.0,0.0,0.0,0.0,0.0,0.0,0.0,0.0,0.0,0.0,0.0,0.0,0.0,0.0,0.0,0.0,0.0,0.0,0.0
b3725,0.0,0.0,0.0,0.0,0.0,0.0,0.0,0.0,0.0,0.0,0.0,0.0,0.0,0.0,0.0,0.0,0.0,0.0,0.0
b3726,0.0,0.0,0.0,0.0,0.0,0.0,0.0,0.0,0.0,0.0,0.0,0.0,0.0,0.0,0.0,0.0,0.0,0.0,0.0
b3727,0.0,0.0,0.0,0.0,0.0,0.0,0.0,0.0,0.0,0.0,0.0,0.0,0.0,0.0,0.0,0.0,0.0,0.0,0.0
b3728,0.0,0.0,0.0,0.0,0.0,0.0,0.0,0.0,0.0,0.0,0.0,0.0,0.0,0.0,0.0,0.0,0.0,0.0,0.0
b3729,3.066459301228911e-06,1.705552753548101e-06,8.575476568235596e-08,3.444035984071453e-07,1.3227349129889881e-06,9.53599296604579e-07,1.0164416002607554e-07,2.1855641621058093e-06,9.768003778505857e-07,0.0,3.15913953389137e-07,1.4099676321641789e-07,4.3413350126692716e-07,9.352392101954793e-07,9.080337115613399e-07,3.334053935472594e-07,1.7571612163629861e-07,7.822013088997038e-07,2.3552583204066818e-07
b3730,4.278785732428692e-06,2.3798440060370173e-06,1.196579611353007e-07,4.805637571876543e-07,1.8456789141843215e-06,1.330605321626318e-06,1.4182923658239175e-07,3.049628198351788e-06,1.3629789635567843e-06,1.6538650857463085e-06,4.408107147858983e-07,1.9673991385675967e-07,6.057684282474598e-07,1.3049865645986507e-06,1.2670253565849935e-06,4.6521740577253893e-07,2.451855904018644e-07,1.0914450418649977e-06,3.28641103878384e-07
b3731,3.564325081963564e-05,1.5778968028893024e-05,0.0,0.0,2.322133788960374e-06,1.1468666104608988e-06,0.0,3.159298015237871e-05,1.5132674900934143e-05,1.9495279023400006e-05,1.590093221096533e-07,0.0,5.594263590724541e-06,3.4536970081936743e-06,1.0448221528872172e-05,9.048277560767016e-07,0.0,4.291157530489962e-06,0.0
b3732,0.00010692975245890693,4.733690408667907e-05,0.0,0.0,6.966401366881122e-06,3.4405998313826963e-06,0.0,9.477894045713614e-05,4.539802470280243e-05,5.848583707020002e-05,4.770279663289599e-07,0.0,1.6782790772173623e-05,1.0361091024581023e-05,3.134466458661651e-05,2.7144832682301044e-06,0.0,1.2873472591469888e-05,0.0
b3733,3.564325081963564e-05,1.5778968028893024e-05,0.0,0.0,2.322133788960374e-06,1.1468666104608988e-06,0.0,3.159298015237871e-05,1.5132674900934143e-05,1.9495279023400006e-05,1.590093221096533e-07,0.0,5.594263590724541e-06,3.4536970081936743e-06,1.0448221528872172e-05,9.048277560767016e-07,0.0,4.291157530489962e-06,0.0
b3734,0.00010692975245890693,4.733690408667907e-05,0.0,0.0,6.966401366881122e-06,3.4405998313826963e-06,0.0,9.477894045713614e-05,4.539802470280243e-05,5.848583707020002e-05,4.770279663289599e-07,0.0,1.6782790772173623e-05,1.0361091024581023e-05,3.134466458661651e-05,2.7144832682301044e-06,0.0,1.2873472591469888e-05,0.0
b3735,3.564325081963564e-05,1.5778968028893024e-05,0.0,0.0,2.322133788960374e-06,1.1468666104608988e-06,0.0,3.159298015237871e-05,1.5132674900934143e-05,1.9495279023400006e-05,1.590093221096533e-07,0.0,5.594263590724541e-06,3.4536970081936743e-06,1.0448221528872172e-05,9.048277560767016e-07,0.0,4.291157530489962e-06,0.0
b3736,7.128650163927128e-05,3.155793605778605e-05,0.0,0.0,4.644267577920748e-06,2.2937332209217975e-06,0.0,6.318596030475742e-05,3.0265349801868287e-05,3.899055804680001e-05,3.180186442193066e-07,0.0,1.1188527181449082e-05,6.907394016387349e-06,2.0896443057744343e-05,1.8096555121534032e-06,0.0,8.582315060979925e-06,0.0
b3737,0.0003564325081963564,0.00015778968028893023,0.0,0.0,2.3221337889603738e-05,1.1468666104608987e-05,0.0,0.0003159298015237871,0.00015132674900934144,0.00019495279023400006,1.590093221096533e-06,0.0,5.5942635907245414e-05,3.4536970081936746e-05,0.00010448221528872171,9.048277560767016e-06,0.0,4.291157530489963e-05,0.0
b3738,3.564325081963564e-05,1.5778968028893024e-05,0.0,0.0,2.322133788960374e-06,1.1468666104608988e-06,0.0,3.159298015237871e-05,1.5132674900934143e-05,1.9495279023400006e-05,1.590093221096533e-07,0.0,5.594263590724541e-06,3.4536970081936743e-06,1.0448221528872172e-05,9.048277560767016e-07,0.0,4.291157530489962e-06,0.0
b3739,0.0,0.0,0.0,0.0,0.0,0.0,0.0,0.0,0.0,0.0,0.0,0.0,0.0,0.0,0.0,0.0,0.0,0.0,0.0
b3740,2.1529106403702833e-10,1.0285944923490687e-10,2.974608047204581e-12,1.45523670963533e-11,7.475090577593636e-11,4.966897679775911e-11,3.597995189127542e-12,1.4097198373454532e-10,5.119026329205683e-11,6.505178932313567e-11,1.3167141374576097e-11,5.206178416116396e-12,1.9173607401174495e-11,4.8452229225496426e-11,4.675426692985921e-11,1.4016076697036505e-11,6.6716931154416594e-12,3.890603669570724e-11,9.342075502093112e-12
b3741,4.041672883615237e-10,1.8689451684243275e-10,5.259026625969738e-12,2.6513985455473734e-11,1.3677773574630679e-10,9.120966578000393e-11,6.355290907472449e-12,2.601902936441538e-10,9.29859588112039e-11,1.1952231976287318e-10,2.382481026546786e-11,9.36949387291169e-12,3.464150122122404e-11,8.926844806444258e-11,8.532929996643941e-11,2.532985681559085e-11,1.1782082919788693e-11,7.052921994832222e-11,1.6685895813872935e-11
b3744,0.0,2.768652067252212e-05,0.0,7.187848087048223e-06,2.2554527171476304e-05,1.6327597882478794e-05,1.66755899942601e-06,3.5048306133799246e-05,0.0,1.968407243008048e-05,5.51758652270423e-06,2.4786939697420696e-06,7.700730253710441e-06,1.5912290824137565e-05,1.544194177946766e-05,5.780410882925689e-06,0.0,1.333792460805414e-05,3.8790833805622004e-06
b3747,0.0,0.0,8.72793492628135e-13,0.0,0.0,0.0,1.1855409088494738e-12,0.0,0.0,0.0,0.0,2.194696868640134e-12,0.0,0.0,0.0,0.0,2.6155939298718697e-12,0.0,2.945918141882714e-12
b3748,0.0,0.0,0.0,0.0,0.0,0.0,0.0,0.0,0.0,0.0,0.0,0.0,0.0,0.0,0.0,0.0,0.0,0.0,0.0
b3749,0.0,0.0,0.0,0.0,0.0,0.0,0.0,0.0,0.0,0.0,0.0,0.0,0.0,0.0,0.0,0.0,0.0,0.0,0.0
b3750,0.0,0.0,0.0,0.0,0.0,0.0,0.0,0.0,0.0,0.0,0.0,0.0,0.0,0.0,0.0,0.0,0.0,0.0,0.0
b3751,0.0,0.0,0.0,0.0,0.0,0.0,0.0,0.0,0.0,0.0,0.0,0.0,0.0,0.0,0.0,0.0,0.0,0.0,0.0
b3752,0.0,0.0,0.0,0.0,0.0,0.0,0.0,0.0,0.0,0.0,0.0,0.0,0.0,0.0,0.0,0.0,0.0,0.0,0.0
b3770,3.622862191088224e-05,2.0487305901744174e-05,1.1325915939603664e-06,3.992389232302286e-06,1.6238399979017473e-05,1.176811671322229e-05,1.335868007800305e-06,2.6490189114112146e-05,1.2151450640165708e-05,1.4666653815379673e-05,4.043658701745819e-06,1.830796098270289e-06,5.506855639443272e-06,1.1495172544246256e-05,1.1289071417505868e-05,4.267817285680779e-06,2.2905399188541646e-06,9.654386168136357e-06,3.0715666492825355e-06
b3771,1.6434582665318973e-05,9.421961996192236e-06,5.028500211917885e-07,1.7881205905045678e-06,7.288041740898915e-06,5.253892511798148e-06,5.934693962223027e-07,1.2043740171369699e-05,5.456245828033192e-06,6.579927742697463e-06,1.7905716017661058e-06,8.078809017024281e-07,2.448149875018856e-06,5.136225359426725e-06,5.051665937413216e-06,1.8871631145416915e-06,1.016735885728185e-06,4.342071145647205e-06,1.3562449541570018e-06
b3772,2.596507151262573e-06,1.4683262425724226e-06,8.117289640251607e-08,2.8613473672270133e-07,1.1638069417682168e-06,8.43421515671728e-07,9.574172718820678e-08,1.8985531837861497e-06,8.708950774615895e-07,1.0511598153085377e-06,2.8980922217177617e-07,1.312132482807613e-07,3.946766201584422e-07,8.238595933776645e-07,8.090883152765798e-07,3.0587467913659624e-07,1.6416311098410203e-07,6.919303413825622e-07,2.201393359664645e-07
b3774,2.68085232859732e-07,1.5369352098456323e-07,8.285708360999058e-09,2.950223361512567e-08,1.18884452802283e-07,8.570287582766991e-08,9.779320527950518e-09,1.9646065580705074e-07,8.900371631796649e-08,1.0733351111030619e-07,2.9208274684361935e-08,1.3315019990286852e-08,3.993486434583677e-08,8.378345830513059e-08,8.240410278375106e-08,3.0783900833321655e-08,1.658526305371175e-08,7.082900599786917e-08,2.2123424230131465e-08
b3779,0.0,0.0,0.0,0.0,0.0,0.0,0.0,0.0,0.0,0.0,0.0,0.0,0.0,0.0,0.0,0.0,0.0,0.0,0.0
b3780,1.1251893286995382e-08,5.400510459195923e-09,2.382069016605839e-10,8.589098722145177e-10,4.054203794414231e-09,2.7236558748720017e-09,2.773494527764584e-10,7.373034742460564e-09,2.8021679814754794e-09,3.516643135078537e-09,8.007046561915353e-10,3.5398791507235116e-10,1.1185807598546513e-09,2.660714950467415e-09,2.571723583139845e-09,8.480292339164308e-10,4.406565358993327e-10,2.1606098539495848e-09,5.963459529236467e-10
b3781,9.144274187233055e-10,4.279747209859896e-10,1.1914994055707267e-11,6.625904054196573e-11,3.1638960520067513e-10,2.1073211349341006e-10,1.4548861915977509e-11,5.926620415792006e-10,2.15439083856888e-10,2.74482285999277e-10,5.52772365487472e-11,2.1736819973130673e-11,8.10807427885278e-11,2.0583212132625136e-10,1.974177830922958e-10,5.865141289411378e-11,2.7011578712569235e-11,1.6351114538271537e-10,3.806462463070382e-11
b3783,7.215579883528322e-09,3.8339888663176236e-09,2.3857040728976925e-10,7.129373477966215e-10,2.7781726367348016e-09,2.047233816890848e-09,2.634319015267363e-10,5.030412683058391e-09,2.048620979455673e-09,2.522807832448147e-09,6.723603930542727e-10,3.324197327028017e-10,8.85390609753249e-10,2.0038840834608806e-09,1.9074669479196772e-09,7.126866600477594e-10,4.067030608091577e-10,1.64098562396144e-09,5.336374515896755e-10
b3784,0.0,0.0,0.0,0.0,0.0,0.0,0.0,0.0,0.0,0.0,0.0,0.0,0.0,0.0,0.0,0.0,0.0,0.0,0.0
b3785,0.0,0.0,0.0,0.0,0.0,0.0,0.0,0.0,0.0,0.0,0.0,0.0,0.0,0.0,0.0,0.0,0.0,0.0,0.0
b3786,0.0,0.0,0.0,0.0,0.0,0.0,0.0,0.0,0.0,0.0,0.0,0.0,0.0,0.0,0.0,0.0,0.0,0.0,0.0
b3787,0.0,0.0,0.0,0.0,0.0,0.0,0.0,0.0,0.0,0.0,0.0,0.0,0.0,0.0,0.0,0.0,0.0,0.0,0.0
b3788,0.0,0.0,0.0,0.0,0.0,0.0,0.0,0.0,0.0,0.0,0.0,0.0,0.0,0.0,0.0,0.0,0.0,0.0,0.0
b3789,0.0,0.0,0.0,0.0,0.0,0.0,0.0,0.0,0.0,0.0,0.0,0.0,0.0,0.0,0.0,0.0,0.0,0.0,0.0
b3790,0.0,0.0,0.0,0.0,0.0,0.0,0.0,0.0,0.0,0.0,0.0,0.0,0.0,0.0,0.0,0.0,0.0,0.0,0.0
b3791,0.0,0.0,0.0,0.0,0.0,0.0,0.0,0.0,0.0,0.0,0.0,0.0,0.0,0.0,0.0,0.0,0.0,0.0,0.0
b3792,0.0,0.0,0.0,0.0,0.0,0.0,0.0,0.0,0.0,0.0,0.0,0.0,0.0,0.0,0.0,0.0,0.0,0.0,0.0
b4481,0.0,0.0,0.0,0.0,0.0,0.0,0.0,0.0,0.0,0.0,0.0,0.0,0.0,0.0,0.0,0.0,0.0,0.0,0.0
b3793,0.0,0.0,0.0,0.0,0.0,0.0,0.0,0.0,0.0,0.0,0.0,0.0,0.0,0.0,0.0,0.0,0.0,0.0,0.0
b3794,0.0,0.0,0.0,0.0,0.0,0.0,0.0,0.0,0.0,0.0,0.0,0.0,0.0,0.0,0.0,0.0,0.0,0.0,0.0
b3803,1.4709769291517372e-11,6.4617694570560275e-12,0.0,5.572462449900118e-13,4.404202570986978e-12,2.715824794723676e-12,1.0151913640851309e-13,9.20584186976511e-12,2.826402972342607e-12,3.770736931693482e-12,5.36918074998685e-13,1.6374311719307377e-13,8.56542989722668e-13,2.645041377661506e-12,2.537229090855313e-12,5.831721333447295e-13,2.2891498853395076e-13,2.0448359625930357e-12,3.5178381953304643e-13
b3804,1.5562690935789777e-12,6.277867823052171e-13,9.888925671416269e-15,5.00713055363263e-14,3.6685974917426485e-13,2.951568208861358e-13,1.6919710993281187e-14,1.087862572349328e-12,4.0228129999334633e-13,5.032562774776936e-13,4.698764146734092e-13,8.584681076485372e-13,1.3471876263024346e-13,2.2592736027190917e-12,3.2242959612804373e-13,1.3739661868294963e-12,1.9299835737250597e-12,8.903369202750252e-12,1.2332219637675084e-13
b3805,8.990151221531027e-11,3.626556699666196e-11,5.712568447919307e-13,2.8924856921487977e-12,2.1192508646334623e-11,1.705042183759108e-11,9.774065493030335e-13,6.284291755208513e-11,2.3238717105260935e-11,2.9071772075769506e-11,2.7143506484666922e-11,4.959141152686693e-11,7.782343384061866e-12,1.3051220655258158e-10,1.8625897278613437e-11,7.937035981650865e-11,1.1149000037620189e-10,5.143238778184018e-10,7.12399416638593e-12
b3806,0.0,0.0,0.0,0.0,0.0,0.0,0.0,0.0,0.0,0.0,0.0,0.0,0.0,0.0,0.0,0.0,0.0,0.0,0.0
b3807,1.113802452880201e-09,6.241389658659126e-10,2.5109530820405442e-11,1.1327466186818075e-10,7.079497926180215e-10,5.341852578082102e-10,3.6700993616536916e-11,8.242073996389994e-10,4.6020961920485885e-10,6.313880250794675e-10,1.7142976845299168e-10,7.592573474703437e-11,2.409586095272014e-10,5.091294576029422e-10,4.679537126829864e-10,1.7294496214485523e-10,7.57980528117443e-11,4.782542277586224e-10,8.686461061021354e-11
b3809,1.053600056323353e-05,5.78877503436595e-06,2.375138627179276e-07,1.3119113391818576e-06,4.595244124892151e-06,3.2803992685435e-06,2.9149219643432916e-07,7.525980573233569e-06,3.341912531715435e-06,4.066931898448278e-06,1.0548267356422584e-06,4.6251618573589e-07,1.5045655115194467e-06,3.210680682439481e-06,3.1063290859404384e-06,1.1001285781856071e-06,5.447273573220324e-07,2.6619398831882846e-06,7.258160451416664e-07
b3816,0.0,0.0,0.0,0.0,0.0,0.0,0.0,0.0,0.0,0.0,0.0,0.0,0.0,0.0,0.0,0.0,0.0,0.0,0.0
b3821,0.0,0.0,0.0,0.0,0.0,0.0,7.729392145048476e-63,0.0,0.0,0.0,0.0,0.0,0.0,0.0,0.0,0.0,0.0,0.0,0.0
b3823,0.0,0.0,0.0,0.0,2.789130234893919e-17,0.0,0.0,0.0,3.2931286119057215e-17,4.452206884962692e-17,0.0,0.0,0.0,0.0,0.0,0.0,0.0,0.0,0.0
b3824,0.0,0.0,0.0,0.0,0.0,0.0,0.0,0.0,0.0,0.0,0.0,0.0,0.0,0.0,0.0,0.0,0.0,0.0,0.0
b3825,0.0,0.0,0.0,0.0,0.0,0.0,0.0,0.0,0.0,0.0,0.0,0.0,0.0,0.0,0.0,0.0,0.0,0.0,0.0
b3826,0.0,0.0,0.0,0.0,0.0,0.0,0.0,0.0,0.0,0.0,0.0,0.0,0.0,0.0,0.0,0.0,0.0,0.0,0.0
b3829,4.3637964904535675e-07,2.543436061926572e-07,1.1914845953347879e-08,5.12028639354925e-08,1.933668049894049e-07,1.3795967512759637e-07,1.429934078547699e-08,3.226643999443007e-07,1.4523067082263216e-07,1.7572078273925152e-07,4.6466765736617004e-08,2.0880688008050294e-08,6.537503217226924e-08,1.359324658807778e-07,1.3407671386885533e-07,4.909002987760368e-08,2.5930354096314924e-08,1.1618876817578047e-07,3.376305825424348e-08
b3831,6.449522345146883e-12,0.0,0.0,2.67826175281236e-07,1.3369251677241487e-05,0.0,0.0,0.0,9.694339676489662e-13,1.3736278804160368e-12,0.0,0.0,3.192605274874755e-13,1.0597898351627214e-12,8.412119902737127e-13,1.9791637954547215e-13,0.0,0.0,0.0
b3833,0.0,0.0,0.0,0.0,0.0,0.0,4.721277206778603e-38,0.0,7.137051761873386e-56,0.0,1.1172356474276761e-39,-2.2064912881584857e-38,0.0,0.0,0.0,0.0,0.0,-7.906376151574408e-37,0.0
b3835,7.224344691634891e-10,4.0181524589159046e-10,2.020317002059813e-11,8.11388661488346e-11,3.116262767049452e-10,2.246607353833516e-10,2.3946590376261773e-11,5.14902279851191e-10,2.3012673351587554e-10,2.7924023776974084e-10,7.442692264872272e-11,3.3217764131812004e-11,1.0227854822927806e-10,2.203352387842485e-10,2.1392583039712074e-10,7.854777280332084e-11,4.139738068818092e-11,1.8428067417933094e-10,5.5488093181735456e-11
b3836,4.1719152978479596e-08,1.9590580186692532e-08,0.0,5.155938375188869e-10,8.69193823315675e-09,2.490254452770816e-15,1.171923638719997e-08,2.6956427693240805e-08,6.270861931877318e-09,8.885426387918627e-09,2.976138842861268e-10,0.0,1.0325799287416429e-09,3.4276677956930345e-09,5.4414469611144585e-09,6.40118960296492e-10,0.0,1.14938340113211e-09,9.760156196256623e-10
b3838,6.459732902769747e-08,3.033370271784618e-08,0.0,7.983376759864865e-10,1.3458446378301438e-08,2.490254452770816e-15,1.171923638719997e-08,4.173883082575171e-08,9.709697752476684e-09,1.3758042188798957e-08,4.6082085187175456e-10,0.0,1.5988308090916904e-09,5.307343778087195e-09,8.425446226255663e-09,9.91149379144587e-10,0.0,1.7796864995507257e-09,1.511248161367125e-09
b3839,6.459732902769747e-08,3.033370271784618e-08,0.0,7.983376759864865e-10,1.3458446378301438e-08,2.490254452770816e-15,1.171923638719997e-08,4.173883082575171e-08,9.709697752476684e-09,1.3758042188798957e-08,4.6082085187175456e-10,0.0,1.5988308090916904e-09,5.307343778087195e-09,8.425446226255663e-09,9.91149379144587e-10,0.0,1.7796864995507257e-09,1.511248161367125e-09
b3843,0.0,0.0,0.0,0.0,0.0,0.0,0.0,0.0,0.0,0.0,0.0,0.0,0.0,0.0,0.0,0.0,0.0,0.0,0.0
b3844,1.5006848145034773e-05,7.831042680845742e-06,3.936960085240074e-07,1.5817116391329043e-06,6.073884580940396e-06,4.378784170088479e-06,1.7379227334195e-06,1.0035171191988482e-05,4.485165687726161e-06,5.442411134148935e-06,1.4505256098678036e-06,6.473649223502435e-07,1.9934395029921536e-06,0.0,4.169452218297026e-06,1.5308229551071748e-06,8.067521602054357e-07,3.591722886332604e-06,1.0813460021984828e-06
b3845,1.3597805874262359e-05,2.711785499781127e-07,1.36347646411289e-08,1.8001719343925688e-06,6.912685558731206e-06,1.5161977242449646e-07,1.6161134057354998e-08,3.47499251504179e-07,1.5530868645329201e-07,1.8845460389182936e-07,1.6508568706145495e-06,2.2418088999097114e-08,2.268736681903975e-06,1.4870056458018073e-07,1.4437495844149782e-07,1.7422510159424503e-06,2.7938371597978987e-08,1.2436792382464555e-07,1.2307266101610247e-06
b3846,1.3597805874262359e-05,2.711785499781127e-07,1.36347646411289e-08,1.8001719343925688e-06,6.912685558731206e-06,1.5161977242449646e-07,1.6161134057354998e-08,3.47499251504179e-07,1.5530868645329201e-07,1.8845460389182936e-07,1.6508568706145495e-06,2.2418088999097114e-08,2.268736681903975e-06,1.4870056458018073e-07,1.4437495844149782e-07,1.7422510159424503e-06,2.7938371597978987e-08,1.2436792382464555e-07,1.2307266101610247e-06
b3849,0.0,0.0,0.0,0.0,0.0,0.0,0.0,0.0,0.0,0.0,0.0,0.0,0.0,0.0,0.0,0.0,0.0,0.0,0.0
b3850,8.302137504818149e-11,3.222350770758158e-11,7.517866116597273e-13,2.469655555295109e-12,1.7323449722370068e-11,1.592305001360837e-11,1.0427285642314953e-12,6.061643573164568e-11,2.3801689068601914e-11,2.921251572113246e-11,3.443330438597506e-11,6.487054681022279e-11,8.186757249297397e-12,1.6541108236272474e-10,1.842488901211036e-11,1.0305402507795134e-10,1.461740980928406e-10,6.719556950584509e-10,8.53135002343572e-12
b3856,9.879327406323262e-13,4.639141084134522e-13,0.0,1.2209537662789772e-14,2.0582929090901192e-13,0.0,0.0,6.383403956126559e-13,1.484971297513508e-13,2.1041123417915418e-13,7.0476565395950916e-15,0.0,2.4452037764762607e-14,8.11688850984781e-14,1.2885618849421257e-13,1.5158337377303325e-14,0.0,2.7217981692586222e-14,2.3112580721980074e-14
b3857,9.879327406323262e-13,4.639141084134522e-13,0.0,1.2209537662789772e-14,2.0582929090901192e-13,0.0,0.0,6.383403956126559e-13,1.484971297513508e-13,2.1041123417915418e-13,7.0476565395950916e-15,0.0,2.4452037764762607e-14,8.11688850984781e-14,1.2885618849421257e-13,1.5158337377303325e-14,0.0,2.7217981692586222e-14,2.3112580721980074e-14
b3860,0.0,0.0,0.0,0.0,0.0,0.0,0.0,0.0,0.0,0.0,0.0,0.0,0.0,0.0,0.0,0.0,0.0,0.0,0.0
b3867,0.0,0.0,0.0,0.0,0.0,0.0,0.0,0.0,0.0,0.0,0.0,0.0,0.0,0.0,0.0,0.0,0.0,0.0,0.0
b3870,0.0,3.130340868286154e-06,3.79516185759746e-07,0.0,0.0,1.6487662510507724e-05,1.0548291084937996e-05,0.00010880705469600134,4.672804943659175e-05,6.379095775207694e-05,2.991702960281727e-05,1.7768234481578648e-05,3.568371330257541e-05,2.3494571740897572e-05,4.7949318502868595e-05,3.5960999070304264e-05,1.979673927585013e-05,2.1783680603736233e-05,1.3733940814900797e-05
b3875,0.0,0.0,0.0,0.0,0.0,0.0,0.0,0.0,0.0,0.0,0.0,0.0,0.0,0.0,0.0,0.0,0.0,0.0,0.0
b3882,0.0,0.0,0.0,0.0,0.0,0.0,0.0,0.0,0.0,0.0,0.0,0.0,0.0,0.0,0.0,0.0,0.0,0.0,0.0
b3892,0.0,0.0,0.0,0.0,0.0,0.0,0.0,0.0,0.0,0.0,0.0,0.0,0.0,0.0,0.0,0.0,0.0,0.0,0.0
b3893,0.0,0.0,0.0,0.0,0.0,0.0,0.0,0.0,0.0,0.0,0.0,0.0,0.0,0.0,0.0,0.0,0.0,0.0,0.0
b3894,0.0,0.0,0.0,0.0,0.0,0.0,0.0,0.0,0.0,0.0,0.0,0.0,0.0,0.0,0.0,0.0,0.0,0.0,0.0
b3902,0.0,0.0,0.0,0.0,0.0,0.0,0.0,0.0,0.0,0.0,0.0,0.0,0.0,0.0,0.0,0.0,0.0,0.0,0.0
b3903,0.0,0.0,0.0,0.0,0.0,0.0,0.0,0.0,0.0,0.0,0.0,0.0,0.0,0.0,0.0,0.0,0.0,0.0,0.0
b3904,0.0,0.0,0.0,0.0,0.0,0.0,0.0,0.0,0.0,0.0,0.0,0.0,0.0,0.0,0.0,0.0,0.0,0.0,0.0
b3907,0.0,0.0,0.0,0.0,0.0,0.0,0.0,0.0,0.0,0.0,0.0,0.0,0.0,0.0,0.0,0.0,0.0,0.0,0.0
b3908,0.0,0.0,0.0,0.0,0.0,0.0,0.0,0.0,0.0,0.0,0.0,0.0,0.0,0.0,0.0,0.0,0.0,0.0,0.0
b3909,0.0,0.0,0.0,0.0,0.0,0.0,0.0,0.0,0.0,0.0,0.0,0.0,0.0,0.0,0.0,0.0,0.0,0.0,0.0
b3915,0.0,0.0,0.0,0.0,0.0,0.0,3.4855153492209375e-06,0.0,0.0,0.0,0.0,0.0,0.0,0.0,0.0,0.0,0.0,0.0,0.0
b3916,7.879542450538941e-05,5.154455536176136e-05,8.472208593129035e-06,2.101644485974666e-05,6.778975927062443e-05,5.099606793845218e-05,1.0197520531490852e-05,5.960849884089899e-05,4.732096618147661e-05,4.7030766305375446e-05,3.0320949907349242e-05,2.0414048375424666e-05,3.538336810094743e-05,4.8092783244833953e-05,4.275529358920157e-05,3.112762521708482e-05,1.5736877678813317e-05,4.444175010464094e-05,1.9871124153567815e-05
b3917,0.0,0.0,0.0,0.0,0.0,0.0,0.0,0.0,0.0,0.0,0.0,0.0,0.0,0.0,0.0,0.0,0.0,0.0,0.0
b3918,0.0,0.0,0.0,0.0,0.0,0.0,0.0,0.0,0.0,0.0,0.0,0.0,0.0,0.0,0.0,0.0,0.0,0.0,0.0
b3919,7.913491990070507e-05,5.1923413388344224e-05,8.603310846270264e-06,2.129501933994419e-05,6.861349191705273e-05,5.1630415741594334e-05,1.0355876789474607e-05,5.997119218572308e-05,4.7877097248255024e-05,4.750763275038578e-05,3.078694229550599e-05,2.075314453286055e-05,3.590399148188396e-05,4.8678307843567265e-05,4.324875533473774e-05,3.160280217107147e-05,1.5974581818986835e-05,4.501185119753021e-05,2.0166448837688878e-05
b3924,1.2834673018896723e-07,9.485885253662546e-08,6.776171180168845e-09,2.6622144278620594e-08,8.159648875889468e-08,6.500068714652798e-08,8.026674600694393e-09,1.0807556210084603e-07,6.618119157018378e-08,7.593277857071649e-08,2.450757436655524e-08,1.111221481858921e-08,3.312582778084818e-08,6.405200968460252e-08,6.262310900777795e-08,2.5808461419577724e-08,1.3817440275779168e-08,5.5642231375894085e-08,1.8429608406189486e-08
b3925,0.0,0.0,0.0,0.0,0.0,0.0,0.0,0.0,0.0,0.0,0.0,0.0,0.0,0.0,0.0,0.0,0.0,0.0,0.0
b3926,0.0,0.0,0.0,0.0,0.0,0.0,0.0,0.0,0.0,0.0,0.0,0.0,0.0,0.0,0.0,0.0,0.0,0.0,0.0
b3927,0.0,0.0,0.0,0.0,0.0,0.0,0.0,0.0,0.0,0.0,0.0,0.0,0.0,0.0,0.0,0.0,0.0,0.0,0.0
b3930,0.0,0.0,0.0,0.0,0.0,0.0,0.0,0.0,0.0,0.0,0.0,0.0,0.0,0.0,0.0,0.0,0.0,0.0,0.0
b3936,6.794080780130098e-05,4.352461323864055e-05,5.613373250369941e-06,1.3703235012260265e-05,3.591727300116863e-05,2.810771601130748e-05,6.2365249944877455e-06,5.269559775380772e-05,2.862251280846191e-05,3.301978026380425e-05,1.2945844880885755e-05,7.661922952020362e-06,1.608109007840443e-05,2.768698812885513e-05,2.711399866564328e-05,1.3414159292869306e-05,8.795358811342817e-06,2.4309779938038724e-05,1.0637691812602386e-05
b3939,1.7222793668077218e-05,1.0088447437566528e-05,4.7669905428303467e-07,2.044628371303458e-06,7.67747851854116e-06,5.4857226382194756e-06,5.720298113178527e-07,1.2774980341771488e-05,5.777226345005247e-06,6.983181812723359e-06,1.8555574608885502e-06,8.354025819724979e-07,2.609166443593096e-06,5.4061628151054525e-06,5.334645538055263e-06,1.9600819190576624e-06,1.0369827747778974e-06,4.626477304060128e-06,1.3487800514281337e-06
b3940,1.7222793668077218e-05,1.0088447437566528e-05,4.7669905428303467e-07,2.044628371303458e-06,7.67747851854116e-06,5.4857226382194756e-06,5.720298113178527e-07,1.2774980341771488e-05,5.777226345005247e-06,6.983181812723359e-06,1.8555574608885502e-06,8.354025819724979e-07,2.609166443593096e-06,5.4061628151054525e-06,5.334645538055263e-06,1.9600819190576624e-06,1.0369827747778974e-06,4.626477304060128e-06,1.3487800514281337e-06
b3941,0.00011832961138332911,6.896834016996847e-05,3.2308543591255896e-06,1.3884274861247159e-05,5.2433744192442944e-05,3.740943185625514e-05,3.8774389270554915e-06,8.749434841008297e-05,3.938105014057623e-05,4.764881217306456e-05,1.2600024643409952e-05,5.662050700151507e-06,1.7727229416038157e-05,3.685972958921887e-05,3.635652002187309e-05,1.3311354392718478e-05,7.031328637715968e-06,3.15059875395766e-05,9.155260954715328e-06
b3942,0.0,0.0,0.0,0.0,0.0,0.0,0.0,0.0,0.0,0.0,0.0,0.0,0.0,0.0,0.0,0.0,0.0,0.0,0.0
b3945,0.0,0.0,0.0,0.0,0.0,0.0,0.0,0.0,0.0,0.0,0.0,0.0,0.0,0.0,0.0,0.0,0.0,0.0,0.0
b3946,0.0,0.0,0.0,0.0,0.0,0.0,0.0,0.0,0.0,0.0,0.0,0.0,0.0,0.0,0.0,0.0,0.0,0.0,0.0
b3951,0.0,0.0,0.0,0.0,0.0,0.0,0.0,0.0,0.0,0.0,0.0,0.0,0.0,0.0,0.0,0.0,0.0,0.0,0.0
b3952,0.0,0.0,0.0,0.0,0.0,0.0,0.0,0.0,0.0,0.0,0.0,0.0,0.0,0.0,0.0,0.0,0.0,0.0,0.0
b3956,1.0529355447816807e-05,2.5731705917492654e-06,3.053444556602713e-07,1.1016646124887496e-06,4.074100993602567e-06,0.0,0.0,3.2807543457843854e-06,0.0,4.128972331109344e-06,1.109730193533358e-06,0.0,0.0,3.2572194453744204e-06,3.1628564934318516e-06,2.167702973507843e-07,0.0,2.7160198916395194e-06,3.5303863065798377e-07
b3957,5.3908382797424306e-05,3.0861912160066875e-05,2.039131968195268e-06,5.689657219470142e-06,2.2942255996548034e-05,1.721329498173625e-05,2.3134376798625135e-06,3.8569732449882256e-05,1.7300234046311076e-05,2.122773768788912e-05,5.988827416390742e-06,1.836504139815465e-08,7.650691605896015e-06,1.7067639488286033e-05,1.627052969926411e-05,0.0,3.6694291289675003e-06,1.4089581729202046e-05,4.977940935893493e-06
b3958,0.00015650250588280804,8.95958353552454e-05,5.9198448606317605e-06,1.651775783754047e-05,6.660412291641214e-05,4.99722614433613e-05,6.71618726650972e-06,0.0001119725628260627,5.022465598311584e-05,6.162667047278413e-05,1.7386284828592484e-05,1.766781853086678e-06,2.2210876044244826e-05,4.9549406062849946e-05,4.723530066825059e-05,0.0,1.0652793202882389e-05,4.090374693202823e-05,1.4451560039029128e-05
b3959,0.00015650250588280804,8.95958353552454e-05,5.9198448606317605e-06,1.651775783754047e-05,6.660412291641214e-05,4.99722614433613e-05,6.71618726650972e-06,0.0001119725628260627,5.022465598311584e-05,6.162667047278413e-05,1.7386284828592484e-05,1.766781853086678e-06,2.2210876044244826e-05,4.9549406062849946e-05,4.723530066825059e-05,0.0,1.0652793202882389e-05,4.090374693202823e-05,1.4451560039029128e-05
b3960,3.414528452820751e-05,8.95958353552454e-05,5.9198448606317605e-06,1.651775783754047e-05,6.660412291641214e-05,4.99722614433613e-05,6.71618726650972e-06,0.0001119725628260627,5.022465598311584e-05,6.162667047278413e-05,1.7386284828592484e-05,1.766781853086678e-06,2.2210876044244826e-05,4.9549406062849946e-05,4.723530066825059e-05,0.0,1.0652793202882389e-05,4.090374693202823e-05,1.4451560039029128e-05
b3962,0.0,0.0,0.0,0.0,0.0,0.0,0.0,0.0,0.0,0.0,0.0,0.0,0.0,0.0,0.0,0.0,0.0,0.0,0.0
b3965,1.7047346924447612e-09,8.132421554185261e-10,2.349877110850763e-11,1.1505647763692599e-10,5.923416690814403e-10,3.932649426219695e-10,2.8433858578250604e-11,1.1156871897468935e-09,4.050069209284255e-10,5.147354512911062e-10,1.04164033305171e-10,4.117291371507041e-11,1.5170822921781146e-10,3.8347321919056623e-10,3.6987611367879076e-10,1.1089120160032248e-10,5.2724620021012453e-11,3.0780512970307583e-10,7.383334571510433e-11
b3966,0.0,0.0,0.0,0.0,0.0,0.0,0.0,0.0,0.0,0.0,0.0,0.0,0.0,0.0,0.0,0.0,0.0,0.0,0.0
b3967,1.2577844822759331e-06,6.995748439433307e-07,3.517444810477341e-08,1.4126569413228367e-07,5.425525938190039e-07,3.911424479358996e-07,4.169187803781838e-08,8.964634511905686e-07,4.0065894794343454e-07,4.861673312743593e-07,1.2957995827567538e-07,5.7833326127521886e-08,1.780706435304154e-07,3.8361160225685996e-07,3.7245259094994766e-07,1.3675450710948104e-07,7.207433374096104e-08,3.208393041302352e-07,9.6606772702693e-08
b3972,7.593495682113974e-07,4.2234728060779516e-07,2.1235515588571488e-08,8.528491594071043e-08,3.2754981767858416e-07,2.361404939674835e-07,2.517021797617816e-08,5.412128581417169e-07,2.4188579475107205e-07,2.9350891053582214e-07,7.82300042273051e-08,3.4915131997572563e-08,1.0750479766714316e-07,2.3159397228970145e-07,2.2485705468817626e-07,8.256142239618239e-08,4.3512712214648176e-08,1.9369708442872322e-07,5.832343471541826e-08
b3974,3.3803674607290276e-09,1.877001049347527e-09,9.408372531411904e-11,3.7813985421291275e-10,1.4549648450729167e-09,1.048336608807686e-09,1.1152779799915684e-10,2.406610690820526e-09,1.0738838052676888e-09,1.3034962845768324e-09,3.469649277669455e-10,1.547415097272881e-10,4.76770885944146e-10,1.0281209495319374e-09,9.981675976476226e-10,3.6605296912702717e-10,1.928785914833471e-10,8.596534067062188e-10,2.585973404225074e-10
b3980,0.0,0.0,4.0073545188465205e-07,0.0,0.0,0.0,4.746301165096555e-07,0.0,0.0,0.0,1.4530819356099716e-06,6.56967989061469e-07,0.0,0.0,0.0,1.5309202617168956e-06,8.145072105205863e-07,0.0,1.0869367191718094e-06
b3981,1.4366984732478734e-05,7.282286082757414e-06,3.243388485106245e-07,7.79221039540991e-06,9.544048944123831e-06,7.06502529228321e-06,4.634797565111421e-07,9.768227883928513e-06,6.561670722491824e-06,6.863492856515207e-06,2.4171841049780565e-06,1.1139544647502309e-06,3.5915886468607546e-06,6.755102043508676e-06,6.212998435733696e-06,2.4982322804219256e-06,1.1247684526892181e-06,5.8960939859247735e-06,1.3588370948097742e-06
b3982,1.4222261836109667e-09,7.596096686618488e-10,5.354902285191407e-11,1.543257370338614e-10,5.690779577172772e-10,4.1685975152522486e-10,5.966675448979379e-11,9.971077472387884e-10,4.238092453806345e-10,5.151064237689613e-10,1.4645448590056895e-10,7.494803441814465e-11,1.920859113996728e-10,4.0810410124578837e-10,3.946021434388316e-10,1.5430520885130855e-10,8.964989918111136e-11,3.386367434030396e-10,1.1586022415841514e-10
b3983,6.794080780130098e-05,4.352461323864055e-05,5.613373250369941e-06,1.3703235012260265e-05,3.591727300116863e-05,2.810771601130748e-05,6.2365249944877455e-06,5.269559775380772e-05,2.862251280846191e-05,3.301978026380425e-05,1.2945844880885755e-05,7.661922952020362e-06,1.608109007840443e-05,2.768698812885513e-05,2.711399866564328e-05,1.3414159292869306e-05,8.795358811342817e-06,2.4309779938038724e-05,1.0637691812602386e-05
b3984,6.794080780130098e-05,4.352461323864055e-05,5.613373250369941e-06,1.3703235012260265e-05,3.591727300116863e-05,2.810771601130748e-05,6.2365249944877455e-06,5.269559775380772e-05,2.862251280846191e-05,3.301978026380425e-05,1.2945844880885755e-05,7.661922952020362e-06,1.608109007840443e-05,2.768698812885513e-05,2.711399866564328e-05,1.3414159292869306e-05,8.795358811342817e-06,2.4309779938038724e-05,1.0637691812602386e-05
b3985,6.794080780130098e-05,4.352461323864055e-05,5.613373250369941e-06,1.3703235012260265e-05,3.591727300116863e-05,2.810771601130748e-05,6.2365249944877455e-06,5.269559775380772e-05,2.862251280846191e-05,3.301978026380425e-05,1.2945844880885755e-05,7.661922952020362e-06,1.608109007840443e-05,2.768698812885513e-05,2.711399866564328e-05,1.3414159292869306e-05,8.795358811342817e-06,2.4309779938038724e-05,1.0637691812602386e-05
b3986,0.0002717632312052039,0.0001740984529545622,2.2453493001479765e-05,5.481294004904106e-05,0.00014366909200467452,0.00011243086404522992,2.4946099977950982e-05,0.00021078239101523087,0.00011449005123384765,0.000132079121055217,5.178337952354302e-05,3.064769180808145e-05,6.432436031361772e-05,0.00011074795251542052,0.00010845599466257312,5.3656637171477224e-05,3.5181435245371266e-05,9.72391197521549e-05,4.2550767250409545e-05
b3987,3.5235200020842422e-06,1.9472580606623568e-06,2.5462478520627384e-07,5.229780069947215e-07,1.538022904096496e-06,1.1547752716153433e-06,2.764676360412767e-07,2.5519943900591166e-06,1.2322675785194169e-06,1.4509215635641247e-06,5.186064791730084e-07,3.266538670394637e-07,6.582385052789822e-07,1.1405818561382756e-06,1.1450407408315191e-06,5.375848399754073e-07,3.5966357466733054e-07,9.954818005563457e-07,4.227173559325812e-07
b3988,3.5235200020842422e-06,1.9472580606623568e-06,2.5462478520627384e-07,5.229780069947215e-07,1.538022904096496e-06,1.1547752716153433e-06,2.764676360412767e-07,2.5519943900591166e-06,1.2322675785194169e-06,1.4509215635641247e-06,5.186064791730084e-07,3.266538670394637e-07,6.582385052789822e-07,1.1405818561382756e-06,1.1450407408315191e-06,5.375848399754073e-07,3.5966357466733054e-07,9.954818005563457e-07,4.227173559325812e-07
b3990,5.4930198284953035e-11,2.18598965128701e-11,2.8296736494401235e-13,2.0609796764165466e-12,1.7668448624203894e-11,9.833485399329903e-12,3.69379428711638e-13,3.433484996183507e-11,1.0050320791799308e-11,1.3174143972473312e-11,1.984848375152402e-12,6.448627309021478e-13,3.176454001089504e-12,9.584201218149444e-12,9.062704383805378e-12,2.135094327511185e-12,8.243044752977552e-13,7.343428142704613e-12,1.3261659842375182e-12
b3991,1.8174534523979148e-10,7.232696335862294e-11,9.362427779080347e-13,6.819080842916335e-12,5.845888773966221e-11,3.253565897469598e-11,1.2221509095492062e-12,1.1360234178836976e-10,3.325309354611556e-11,4.358876208848055e-11,6.5671882580756805e-12,2.1336314690163844e-12,1.0509806028216535e-11,3.1710862396747493e-11,2.9985406724666234e-11,7.064301018176682e-12,2.7273431759436036e-12,2.4296906341316548e-11,4.387832233923305e-12
b4407,5.4930198284953035e-11,2.18598965128701e-11,2.8296736494401235e-13,2.0609796764165466e-12,1.7668448624203894e-11,9.833485399329903e-12,3.69379428711638e-13,3.433484996183507e-11,1.0050320791799308e-11,1.3174143972473312e-11,1.984848375152402e-12,6.448627309021478e-13,3.176454001089504e-12,9.584201218149444e-12,9.062704383805378e-12,2.135094327511185e-12,8.243044752977552e-13,7.343428142704613e-12,1.3261659842375182e-12
b3992,5.4930198284953035e-11,2.18598965128701e-11,2.8296736494401235e-13,2.0609796764165466e-12,1.7668448624203894e-11,9.833485399329903e-12,3.69379428711638e-13,3.433484996183507e-11,1.0050320791799308e-11,1.3174143972473312e-11,1.984848375152402e-12,6.448627309021478e-13,3.176454001089504e-12,9.584201218149444e-12,9.062704383805378e-12,2.135094327511185e-12,8.243044752977552e-13,7.343428142704613e-12,1.3261659842375182e-12
b3993,2.042871730080456e-10,8.129765776006583e-11,1.0523647254661945e-12,7.664849661347492e-12,6.570952833908183e-11,3.6571048271553056e-11,1.373733968105809e-12,1.2769241061123336e-10,3.73774660657484e-11,4.8995064881729793e-11,7.381714904906311e-12,2.3982652236362753e-12,1.1813334528785509e-11,3.564395238916059e-11,3.37044889000951e-11,7.94048443098838e-12,3.0656148387250035e-12,2.731044529784244e-11,4.93205392148616e-12
b3994,8.786910029538948e-11,3.49681868827767e-11,4.5264878968038413e-13,3.2968464623841063e-12,2.826333661077255e-11,1.573013646017838e-11,5.908778610290855e-13,5.4923748122534485e-11,1.607699722972531e-11,2.1074021470267632e-11,3.1750630143853374e-12,1.0315547685528993e-12,5.081215140668476e-12,1.5331368980684314e-11,1.4497156487894911e-11,3.4154039756231675e-12,1.3185987830981085e-12,1.1746915979366726e-11,2.1214016245271968e-12
b3996,0.0,0.0,0.0,0.0,0.0,0.0,0.0,0.0,0.0,0.0,0.0,0.0,0.0,0.0,0.0,0.0,0.0,0.0,0.0
b3997,1.1770981892619602e-11,4.568730950583541e-12,1.0659021954074862e-13,3.5015405135743887e-13,2.456162800018459e-12,2.2576105644683114e-12,1.4784071019497064e-13,8.59435256255696e-12,3.3746640654611988e-12,4.141824841997091e-12,4.882041548880002e-12,9.197511260495443e-12,1.1607392829235333e-12,2.3452404325997617e-11,2.612327666329437e-12,1.4611262008731353e-11,2.0724935726760362e-11,9.527158896832673e-11,1.209596523632396e-12
b4005,1.7721470472771173e-05,6.161729121310762e-10,3.559364739343163e-07,1.5191039991530336e-06,6.735776716277437e-06,4.709560245848607e-06,4.283981293346412e-07,9.678089956240957e-10,5.110336605340432e-06,6.2747043909888325e-06,1.4614047798058828e-06,6.233240995575331e-07,2.1259000760609314e-06,4.6360251810482e-06,4.652010385196689e-06,1.5514318981396848e-06,7.651297818193415e-07,3.876233058315495e-06,2.8922291436058858e-09
b4006,1.7721470472771173e-05,1.95045434881518e-08,3.559364739343163e-07,1.5191039991530336e-06,6.735776716277437e-06,4.709560245848607e-06,4.283981293346412e-07,2.5718574579636958e-08,5.110336605340432e-06,6.2747043909888325e-06,1.4614047798058828e-06,6.233240995575331e-07,2.1259000760609314e-06,4.6360251810482e-06,4.652010385196689e-06,1.5514318981396848e-06,7.651297818193415e-07,3.876233058315495e-06,2.8922291436058858e-09
b4013,2.9130788311765387e-05,1.706369084841578e-05,8.062930733750215e-07,3.458302840326615e-06,1.2985756306556128e-05,9.278600672504685e-06,9.67536374334317e-07,2.1607716796427042e-05,9.771652667327733e-06,1.181141660577793e-05,3.13850659975397e-06,1.4130074504492379e-06,4.413167619801009e-06,9.144032471205731e-06,9.023067504747099e-06,3.3153002096066e-06,1.7539620039107455e-06,7.825265376288334e-06,2.281338725558309e-06
b4014,0.0,0.0,0.0,0.0,0.0,0.0,0.0,0.0,0.0,0.0,0.0,0.0,0.0,0.0,0.0,0.0,0.0,0.0,0.0
b4015,0.0,0.0,0.0,0.0,0.0,0.0,0.0,0.0,0.0,0.0,0.0,0.0,0.0,0.0,0.0,0.0,0.0,0.0,0.0
b4019,0.0,0.0,0.0,0.0,0.0,0.0,0.0,0.0,0.0,0.0,0.0,0.0,0.0,0.0,0.0,0.0,0.0,0.0,0.0
b4022,2.1529106403702833e-10,1.0285944923490687e-10,2.974608047204581e-12,1.45523670963533e-11,7.475090577593636e-11,4.966897679775911e-11,3.597995189127542e-12,1.4097198373454532e-10,5.119026329205683e-11,6.505178932313567e-11,1.3167141374576097e-11,5.206178416116396e-12,1.9173607401174495e-11,4.8452229225496426e-11,4.675426692985921e-11,1.4016076697036505e-11,6.6716931154416594e-12,3.890603669570724e-11,9.342075502093112e-12
b4024,0.0,0.0,0.0,0.0,0.0,0.0,0.0,0.0,0.0,0.0,0.0,0.0,0.0,0.0,0.0,0.0,0.0,0.0,0.0
b4025,1.088434910022541e-06,7.616863121421935e-07,1.225552257872389e-07,3.0589750279968327e-07,8.95621677180861e-07,7.505995037616828e-07,1.4749903188636817e-07,8.051277508533801e-07,6.99696530123715e-07,2.7666939099894546e-07,4.392527637535982e-07,2.9378033975176825e-07,5.146218672765078e-07,7.088880312788204e-07,6.32667806966508e-07,4.5120741487463486e-07,2.2818168366112408e-07,6.52927958693481e-07,2.7727229635935824e-07
b4031,0.0,0.0,0.0,0.0,0.0,0.0,0.0,0.0,0.0,0.0,0.0,0.0,0.0,0.0,0.0,0.0,0.0,0.0,0.0
b4032,0.0,0.0,0.0,0.0,0.0,0.0,0.0,0.0,0.0,0.0,0.0,0.0,0.0,0.0,0.0,0.0,0.0,0.0,0.0
b4033,0.0,0.0,0.0,0.0,0.0,0.0,0.0,0.0,0.0,0.0,0.0,0.0,0.0,0.0,0.0,0.0,0.0,0.0,0.0
b4034,0.0,0.0,0.0,0.0,0.0,0.0,0.0,0.0,0.0,0.0,0.0,0.0,0.0,0.0,0.0,0.0,0.0,0.0,0.0
b4035,0.0,0.0,0.0,0.0,0.0,0.0,0.0,0.0,0.0,0.0,0.0,0.0,0.0,0.0,0.0,0.0,0.0,0.0,0.0
b4036,0.0,0.0,0.0,0.0,0.0,0.0,0.0,0.0,0.0,0.0,0.0,0.0,0.0,0.0,0.0,0.0,0.0,0.0,0.0
b4039,1.7962673529677133e-09,9.990769252130185e-10,5.0233337809140254e-11,2.017443831116338e-10,7.748302871264298e-10,5.585984081436571e-10,5.954101076818296e-11,1.280257510880245e-09,5.721891134822381e-10,6.943053579953367e-10,1.8505574836504554e-10,8.259293790016094e-11,2.543062726587726e-10,5.478434557459144e-10,5.319070469378379e-10,1.9530186606171022e-10,1.0293080771001723e-10,4.5819707245488895e-10,1.379660779145711e-10
b4040,1.1895794211885312e-09,6.616394538675794e-10,3.326706618401649e-11,1.3360537121240456e-10,5.131319471772246e-10,3.6993222080138224e-10,3.9431079682862943e-11,8.478515106612673e-10,3.7893267575231283e-10,4.5980425159296107e-10,1.2255331015396917e-10,5.469723596501827e-11,1.6841452255658352e-10,3.6280974539309775e-10,3.52255846534771e-10,1.293388093943192e-10,6.816600572061456e-11,3.0344135985138263e-10,9.136814007008081e-11
b4041,3.7641935334629503e-07,1.949252312244741e-07,9.7998816105711e-09,3.937064070765054e-08,1.51182653199592e-07,1.0899047968021432e-07,1.161577726322045e-08,2.4978800065676437e-07,1.1164003818819369e-07,1.3546563374625106e-07,3.6104650508270967e-08,1.6113523197879974e-08,4.961807299639579e-08,1.068921470607956e-07,1.0378093869414328e-07,3.810363749525364e-08,2.008116337517577e-08,8.939953386546516e-08,2.6916410547006677e-08
b4042,0.0,0.0,0.0,0.0,0.0,0.0,0.0,0.0,0.0,0.0,0.0,0.0,0.0,0.0,0.0,0.0,0.0,0.0,0.0
b4049,3.4989641811397524e-09,1.6770402333122082e-09,4.702921466606495e-11,2.3726233647354153e-10,1.2150775856775087e-09,8.049552066118217e-10,5.711193126635392e-11,2.2893565882240986e-09,8.29861794937788e-10,1.0538431433072944e-09,2.1235812621104337e-10,8.36899396577697e-11,3.1077357184892003e-10,7.842973313382719e-10,7.573239705254348e-10,2.25860157269148e-10,1.0695032501667764e-10,6.305437788564652e-10,1.4939738184986842e-10
b4053,1.9343316161358605e-07,1.0758677321605148e-07,5.409436036774612e-09,2.1725081068022566e-08,8.343851036718248e-08,6.015332627463617e-08,6.4117437415593986e-09,1.3786603514224036e-07,6.16168573563858e-08,7.476708870781591e-08,1.9927945816015938e-08,8.894117614834741e-09,2.7385269936171478e-08,9.602125653972064e-06,5.727903566456539e-08,2.103131104561625e-08,1.108422503470539e-08,4.934149040821075e-08,1.4857039294484981e-08
b4054,2.8044307871156473e-06,1.6395633194172664e-06,9.281976955830024e-08,3.0947713203446134e-07,1.242449195949383e-06,9.043212228106597e-07,1.0825925018233962e-07,2.072750522495721e-06,9.411045185417548e-07,1.1360095502602656e-06,3.1259339151729513e-07,1.4252405909088027e-07,4.223028707024992e-07,8.882800979259575e-07,8.72938453429321e-07,3.300277562220179e-07,1.8336095825463166e-07,7.559162477268213e-07,2.4282190959186966e-07
b4055,0.0,0.0,0.0,0.0,0.0,0.0,0.0,0.0,0.0,0.0,0.0,0.0,0.0,0.0,0.0,0.0,0.0,0.0,0.0
b4067,0.0,0.0,0.0,0.0,0.0,0.0,0.0,0.0,0.0,0.0,0.0,0.0,3.651506903654888e-18,0.0,0.0,0.0,0.0,0.0,9.249968159875726e-19
b4069,0.0,0.0,0.0,0.0,0.0,0.0,0.0,0.0,0.0,0.0,0.0,0.0,0.0,0.0,0.0,0.0,0.0,0.0,0.0
b4070,0.0,0.0,0.0,0.0,0.0,0.0,0.0,0.0,0.0,0.0,0.0,0.0,0.0,0.0,0.0,0.0,0.0,0.0,0.0
b4071,0.0,0.0,0.0,0.0,0.0,0.0,0.0,0.0,0.0,0.0,0.0,0.0,0.0,0.0,0.0,0.0,0.0,0.0,0.0
b4072,0.0,0.0,0.0,0.0,0.0,0.0,0.0,0.0,0.0,0.0,0.0,0.0,0.0,0.0,0.0,0.0,0.0,0.0,0.0
b4073,0.0,0.0,0.0,0.0,0.0,0.0,0.0,0.0,0.0,0.0,0.0,0.0,0.0,0.0,0.0,0.0,0.0,0.0,0.0
b4077,0.0,1.8122762224552585e-06,3.929609399389518e-06,7.957029437625975e-07,3.6406312800220325e-06,9.269691241799474e-06,5.305858063803475e-06,1.4360826229094998e-05,1.6804182499717692e-06,1.8878895486882405e-05,5.983621682276487e-07,5.14760263139289e-06,2.6083285121278344e-06,8.024010476255425e-06,1.410969293422775e-06,2.639287245339428e-06,4.220258044223016e-06,2.4697726927050823e-07,1.0314034210621306e-05
b4079,0.0,0.0,0.0,0.0,0.0,0.0,0.0,0.0,0.0,0.0,0.0,0.0,0.0,0.0,0.0,0.0,0.0,0.0,0.0
b4084,0.0,0.0,0.0,0.0,0.0,0.0,0.0,0.0,0.0,0.0,0.0,0.0,0.0,0.0,0.0,0.0,0.0,0.0,0.0
b4085,0.0,0.0,0.0,0.0,0.0,0.0,0.0,0.0,0.0,0.0,0.0,0.0,0.0,0.0,0.0,0.0,0.0,0.0,0.0
b4086,0.0,0.0,0.0,0.0,0.0,0.0,0.0,0.0,0.0,0.0,0.0,0.0,0.0,0.0,0.0,0.0,0.0,0.0,0.0
b4087,0.0,0.0,0.0,0.0,0.0,0.0,0.0,0.0,0.0,0.0,0.0,0.0,0.0,0.0,0.0,0.0,0.0,0.0,0.0
b4088,0.0,0.0,0.0,0.0,0.0,0.0,0.0,0.0,0.0,0.0,0.0,0.0,0.0,0.0,0.0,0.0,0.0,0.0,0.0
b4090,0.0,0.0,0.0,0.0,0.0,0.0,0.0,0.0,0.0,0.0,0.0,0.0,0.0,0.0,0.0,0.0,0.0,0.0,0.0
b4094,0.0,0.0,0.0,0.0,0.0,0.0,0.0,0.0,0.0,0.0,0.0,0.0,0.0,0.0,0.0,0.0,0.0,0.0,0.0
b4111,0.0,0.0,0.0,0.0,0.0,0.0,1.5365943801608888e-06,0.0,0.0,0.0,0.0,0.0,0.0,0.0,0.0,0.0,0.0,0.0,0.0
b4115,0.0,0.0,0.0,0.0,0.0,0.0,0.0,0.0,0.0,0.0,0.0,0.0,0.0,0.0,0.0,0.0,0.0,0.0,0.0
b4117,0.0,0.0,0.0,0.0,0.0,0.0,0.0,0.0,0.0,0.0,0.0,0.0,0.0,0.0,0.0,0.0,0.0,0.0,0.0
b4119,0.0,0.0,0.0,0.0,0.0,0.0,0.0,0.0,0.0,0.0,0.0,0.0,0.0,0.0,0.0,0.0,0.0,0.0,0.0
b4120,0.0,0.0,0.0,0.0,0.0,0.0,0.0,0.0,0.0,0.0,0.0,0.0,0.0,0.0,0.0,0.0,0.0,0.0,0.0
b4122,4.220518133720702e-06,2.1131182149554532e-05,8.008091381987194e-08,3.4446657163807718e-06,4.625996444753528e-06,0.0,0.0,2.432673242806718e-05,2.0744370871630775e-06,1.7314636154201013e-05,1.5332912307159533e-06,0.0,0.0,1.7629469200710062e-06,7.618881999753578e-06,7.671480968892846e-07,0.0,0.0,0.0
b4123,0.0,0.0,8.008091381987194e-08,2.6930067108755287e-06,4.625996444753528e-06,0.0,0.0,0.0,0.0,0.0,1.5332912307159533e-06,0.0,0.0,1.7629469200710062e-06,0.0,7.671480968892846e-07,0.0,0.0,0.0
b4129,1.488030659710816e-06,8.166672437596671e-07,3.281717971466914e-08,1.8690195436125548e-07,6.496182400038076e-07,4.633291940572549e-07,4.0432907866722224e-08,1.0631334278436688e-06,4.7180088526759127e-07,5.743081420284095e-07,1.4857994212366032e-07,6.503969959057519e-08,2.12651781503399e-07,4.533993955727853e-07,4.385331515358497e-07,1.5479049895750275e-07,7.618219795617088e-08,3.75621147852584e-07,1.0144514740475683e-07
b4130,0.0,0.0,0.0,0.0,0.0,0.0,0.0,0.0,0.0,0.0,0.0,0.0,0.0,0.0,0.0,0.0,0.0,0.0,0.0
b4131,0.0,0.0,0.0,0.0,0.0,0.0,0.0,0.0,0.0,0.0,0.0,0.0,0.0,0.0,0.0,0.0,0.0,0.0,0.0
b4132,0.0,0.0,0.0,0.0,0.0,0.0,0.0,0.0,0.0,0.0,0.0,0.0,0.0,0.0,0.0,0.0,0.0,0.0,0.0
b4136,0.0,0.0,0.0,0.0,0.0,0.0,0.0,0.0,0.0,0.0,0.0,0.0,0.0,0.0,0.0,0.0,0.0,0.0,0.0
b4138,0.0,0.0,6.605300597635974e-06,0.0,0.0,2.841876849345332e-05,6.693209088466386e-06,0.0,0.0,0.0,0.0,0.0,0.0,0.0,0.0,0.0,3.699081002735593e-05,0.0,1.7054041076443922e-05
b4139,0.0,0.0,0.0,0.0,0.0,0.0,0.0,0.0,0.0,0.0,0.0,0.0,1.3521648235239817e-06,0.0,0.0,0.0,0.0,0.0,0.0
b4142,3.695712223882481e-08,4.353074808644813e-08,3.074979332371612e-10,2.0831659832877876e-09,1.4158972676421964e-08,8.150843265253062e-09,5.180246036608222e-10,2.5462267755431306e-08,9.633753515168958e-09,9.212485591648491e-09,2.525395002474696e-09,8.753219440387541e-10,3.6295174229003295e-09,6.85864082174159e-09,7.67114882649866e-09,2.705692432570368e-09,1.199246360645255e-09,6.8031520318401375e-09,1.4672470513490137e-09
b4143,3.695712223882481e-08,4.353074808644813e-08,3.074979332371612e-10,2.0831659832877876e-09,1.4158972676421964e-08,8.150843265253062e-09,5.180246036608222e-10,2.5462267755431306e-08,9.633753515168958e-09,9.212485591648491e-09,2.525395002474696e-09,8.753219440387541e-10,3.6295174229003295e-09,6.85864082174159e-09,7.67114882649866e-09,2.705692432570368e-09,1.199246360645255e-09,6.8031520318401375e-09,1.4672470513490137e-09
b4151,0.0,0.0,0.0,0.0,0.0,0.0,0.0,0.0,0.0,0.0,0.0,0.0,0.0,0.0,0.0,0.0,0.0,0.0,0.0
b4152,0.0,0.0,0.0,0.0,0.0,0.0,0.0,0.0,0.0,0.0,0.0,0.0,0.0,0.0,0.0,0.0,0.0,0.0,0.0
b4153,0.0,0.0,0.0,0.0,0.0,0.0,0.0,0.0,0.0,0.0,0.0,0.0,0.0,0.0,0.0,0.0,0.0,0.0,0.0
b4154,0.0,0.0,0.0,0.0,0.0,0.0,0.0,0.0,0.0,0.0,0.0,0.0,0.0,0.0,0.0,0.0,0.0,0.0,0.0
b4160,5.969017284542861e-06,3.085634715169262e-06,1.5514494138642932e-07,6.230846258279221e-07,2.3930521984702172e-06,1.7252231499980363e-06,1.8389155546095701e-07,3.954056910168339e-06,1.7671978479797966e-06,2.1443521129282876e-06,5.715420174227954e-07,2.5508710088386576e-07,7.854212657687987e-07,1.6920066341913164e-06,1.6427872647790506e-06,6.031870045731069e-07,3.1790031929996025e-07,1.4151350686577822e-06,4.261062474625559e-07
b4161,0.0,0.0,0.0,0.0,0.0,0.0,0.0,0.0,0.0,0.0,0.0,0.0,0.0,0.0,0.0,0.0,0.0,0.0,0.0
b4162,1.1251893286995382e-08,5.400510459195923e-09,2.382069016605839e-10,8.589098722145177e-10,4.054203794414231e-09,2.7236558748720017e-09,2.773494527764584e-10,7.373034742460564e-09,2.8021679814754794e-09,3.516643135078537e-09,8.007046561915353e-10,3.5398791507235116e-10,1.1185807598546513e-09,2.660714950467415e-09,2.571723583139845e-09,8.480292339164308e-10,4.406565358993327e-10,2.1606098539495848e-09,5.963459529236467e-10
b4166,2.5596057427773793e-10,1.2111926062958531e-10,3.3691810859660136e-12,1.990400982467414e-11,9.006991680132511e-11,6.000013256696034e-11,4.140594451394634e-12,1.6682213681272593e-10,6.145839568825214e-11,7.778910234860056e-11,1.5810808841779157e-11,6.2222062734797174e-12,2.330299110011472e-11,5.852104067738032e-11,5.626611132341687e-11,1.675658493589496e-11,7.6791470793736e-12,4.667534005508534e-11,1.0782035637611534e-11
b4169,0.0,0.0,0.0,0.0,0.0,0.0,0.0,0.0,0.0,0.0,0.0,0.0,0.0,0.0,0.0,0.0,0.0,0.0,0.0
b4171,3.80781133513898e-10,1.87312008644691e-10,5.52139032047015e-12,3.052398852644383e-11,1.401763376118111e-10,9.39844509109912e-11,6.736536022941609e-12,2.5573598343991244e-10,9.636718381890773e-11,1.21025894309028e-10,2.5378393946276717e-11,1.0156595654045144e-11,3.720014011354695e-11,9.18257084049999e-11,8.841962904926879e-11,2.7009279475861535e-11,1.294550690923933e-11,7.497942992366118e-11,1.779893821350215e-11
b4177,2.82350038920399e-08,0.0,7.179081572588756e-10,2.530212484418559e-09,1.1453965548480462e-08,8.291561695741487e-09,8.553048431062343e-10,0.0,8.752725509640318e-09,1.0737505575428183e-08,2.685125217357701e-09,1.1755412659502752e-09,3.7596921303049096e-09,8.14532071315898e-09,8.067589350858463e-09,2.8366493208299115e-09,1.454301479913426e-09,6.786575577149127e-09,1.944884446554758e-09
b4180,4.3058212807405667e-10,2.0571889846981373e-10,5.949216094409162e-12,2.91047341927066e-11,1.4950181155187272e-10,9.933795359551822e-11,7.195990378255084e-12,2.8194396746909064e-10,1.0238052658411366e-10,1.3010357864627133e-10,2.6334282749152195e-11,1.0412356832232792e-11,3.834721480234899e-11,9.690445845099285e-11,9.350853385971842e-11,2.803215339407301e-11,1.3343386230883319e-11,7.781207339141447e-11,1.8684151004186224e-11
b4192,0.0,0.0,0.0,0.0,0.0,0.0,0.0,0.0,0.0,0.0,0.0,0.0,0.0,0.0,0.0,0.0,0.0,0.0,0.0
b4193,0.0,0.0,0.0,0.0,0.0,0.0,0.0,0.0,0.0,0.0,0.0,0.0,0.0,0.0,0.0,0.0,0.0,0.0,0.0
b4194,0.0,0.0,0.0,0.0,0.0,0.0,0.0,0.0,0.0,0.0,0.0,0.0,0.0,0.0,0.0,0.0,0.0,0.0,0.0
b4195,0.0,0.0,0.0,0.0,0.0,0.0,0.0,0.0,0.0,0.0,0.0,0.0,0.0,0.0,0.0,0.0,0.0,0.0,0.0
b4196,0.0,0.0,0.0,0.0,0.0,0.0,0.0,0.0,0.0,0.0,0.0,0.0,0.0,0.0,0.0,0.0,0.0,0.0,0.0
b4197,0.0,0.0,0.0,0.0,0.0,0.0,0.0,0.0,0.0,0.0,0.0,0.0,0.0,0.0,0.0,0.0,0.0,0.0,0.0
b4198,0.0,0.0,0.0,0.0,0.0,0.0,0.0,0.0,0.0,0.0,0.0,0.0,0.0,0.0,0.0,0.0,0.0,0.0,0.0
b4200,6.794080780130098e-05,4.352461323864055e-05,5.613373250369941e-06,1.3703235012260265e-05,3.591727300116863e-05,2.810771601130748e-05,6.2365249944877455e-06,5.269559775380772e-05,2.862251280846191e-05,3.301978026380425e-05,1.2945844880885755e-05,7.661922952020362e-06,1.608109007840443e-05,2.768698812885513e-05,2.711399866564328e-05,1.3414159292869306e-05,8.795358811342817e-06,2.4309779938038724e-05,1.0637691812602386e-05
b4202,6.794080780130098e-05,4.352461323864055e-05,5.613373250369941e-06,1.3703235012260265e-05,3.591727300116863e-05,2.810771601130748e-05,6.2365249944877455e-06,5.269559775380772e-05,2.862251280846191e-05,3.301978026380425e-05,1.2945844880885755e-05,7.661922952020362e-06,1.608109007840443e-05,2.768698812885513e-05,2.711399866564328e-05,1.3414159292869306e-05,8.795358811342817e-06,2.4309779938038724e-05,1.0637691812602386e-05
b4203,6.794080780130098e-05,4.352461323864055e-05,5.613373250369941e-06,1.3703235012260265e-05,3.591727300116863e-05,2.810771601130748e-05,6.2365249944877455e-06,5.269559775380772e-05,2.862251280846191e-05,3.301978026380425e-05,1.2945844880885755e-05,7.661922952020362e-06,1.608109007840443e-05,2.768698812885513e-05,2.711399866564328e-05,1.3414159292869306e-05,8.795358811342817e-06,2.4309779938038724e-05,1.0637691812602386e-05
b4208,5.236339918943964e-08,2.912431925540182e-08,1.4643634846294853e-09,5.881096513638862e-09,2.258725437604646e-08,1.628382956684377e-08,1.7356935813847798e-09,3.732107862270188e-08,1.668001531710773e-08,2.0239853805732498e-08,5.394602316815333e-09,2.4076855654863437e-09,7.4133401409367715e-09,1.2308612135053255e-05,1.550574361019556e-08,5.6932892301002725e-09,3.0005594457341126e-09,1.3357007336768763e-08,4.021880596174189e-09
b4213,0.0,0.0,0.0,0.0,0.0,0.0,0.0,0.0,0.0,0.0,0.0,0.0,0.0,0.0,0.0,0.0,0.0,0.0,0.0
b4214,4.8757069177255864e-05,2.8718848211015675e-05,4.146572110519617e-12,5.511363122089506e-06,2.2226878491232935e-05,1.6142312414081532e-05,1.8482107798759398e-06,3.6143530243984296e-05,1.659885610197443e-05,2.0103200655297262e-05,5.544590282572438e-06,2.531066320838335e-06,7.545417988875176e-06,1.5875157219504616e-05,1.5454521234643824e-05,5.8621366882226564e-06,3.1696669694773156e-06,1.34197925395759e-05,4.207286409854073e-06
b4219,0.0,0.0,0.0,0.0,0.0,0.0,0.0,0.0,0.0,0.0,0.0,0.0,0.0,0.0,0.0,0.0,0.0,0.0,0.0
b4226,0.0,0.0,0.0,1.2622053411466533e-05,0.0,0.0,0.0,0.0,0.0,0.0,0.0,0.0,0.0,0.0,0.0,0.0,0.0,0.0,0.0
b4227,0.0,0.0,0.0,0.0,0.0,0.0,0.0,0.0,0.0,0.0,0.0,0.0,0.0,0.0,0.0,0.0,0.0,0.0,0.0
b4485,0.0,0.0,0.0,0.0,0.0,0.0,0.0,0.0,0.0,0.0,0.0,0.0,0.0,0.0,0.0,0.0,0.0,0.0,0.0
b4230,0.0,0.0,0.0,0.0,0.0,0.0,0.0,0.0,0.0,0.0,0.0,0.0,0.0,0.0,0.0,0.0,0.0,0.0,0.0
b4231,0.0,0.0,0.0,0.0,0.0,0.0,0.0,0.0,0.0,0.0,0.0,0.0,0.0,0.0,0.0,0.0,0.0,0.0,0.0
b4232,0.0,0.0,0.0,0.0,0.0,0.0,0.0,0.0,0.0,0.0,0.0,0.0,0.0,0.0,0.0,0.0,0.0,0.0,0.0
b4233,0.0,0.0,0.0,0.0,0.0,0.0,0.0,0.0,0.0,0.0,0.0,0.0,0.0,0.0,0.0,0.0,0.0,0.0,0.0
b4237,2.5669346037793446e-07,1.8971770507325093e-07,1.355234236033769e-08,5.324428855724119e-08,1.6319297751778935e-07,1.3000137429305596e-07,1.6053349201388787e-08,2.1615112420169206e-07,1.3236238314036756e-07,1.5186555714143298e-07,4.901514873311048e-08,2.222442963717842e-08,6.625165556169636e-08,1.2810401936920505e-07,1.252462180155559e-07,5.161692283915545e-08,2.7634880551558335e-08,1.1128446275178817e-07,3.685921681237897e-08
b4238,2.5669346037793446e-07,1.8971770507325093e-07,1.355234236033769e-08,5.324428855724119e-08,1.6319297751778935e-07,1.3000137429305596e-07,1.6053349201388787e-08,2.1615112420169206e-07,1.3236238314036756e-07,1.5186555714143298e-07,4.901514873311048e-08,2.222442963717842e-08,6.625165556169636e-08,1.2810401936920505e-07,1.252462180155559e-07,5.161692283915545e-08,2.7634880551558335e-08,1.1128446275178817e-07,3.685921681237897e-08
b4239,0.0,0.0,0.0,0.0,0.0,0.0,0.0,0.0,0.0,0.0,0.0,0.0,0.0,0.0,0.0,0.0,0.0,0.0,0.0
b4240,0.0,0.0,0.0,0.0,0.0,0.0,0.0,0.0,0.0,0.0,0.0,0.0,0.0,0.0,0.0,0.0,0.0,0.0,0.0
b4242,0.0,0.0,0.0,0.0,0.0,0.0,0.0,0.0,0.0,0.0,0.0,0.0,0.0,0.0,0.0,0.0,0.0,0.0,0.0
b4244,2.4125306461778784e-06,1.1960936286079073e-06,4.556223952096846e-08,0.0,0.0,6.224702285647829e-07,5.4881449826370116e-08,1.6447654157633085e-06,6.710677914406218e-07,8.287311177597143e-07,1.8864598840308412e-07,7.961543463646334e-08,2.74546342080752e-07,6.119066428173902e-07,6.108939648996721e-07,2.0029783231970614e-07,9.809345276147364e-08,5.081044414367869e-07,1.3345464284787887e-07
b4245,2.4125306461778784e-06,1.1960936286079073e-06,4.556223952096846e-08,0.0,0.0,6.224702285647829e-07,5.4881449826370116e-08,1.6447654157633085e-06,6.710677914406218e-07,8.287311177597143e-07,1.8864598840308412e-07,7.961543463646334e-08,2.74546342080752e-07,6.119066428173902e-07,6.108939648996721e-07,2.0029783231970614e-07,9.809345276147364e-08,5.081044414367869e-07,1.3345464284787887e-07
b4254,1.99587417088181e-06,1.1426143792101241e-06,7.549569501340666e-08,2.106507243629324e-07,8.494014064071745e-07,6.372955200477345e-07,8.565143808029321e-08,1.4279844577014474e-06,6.40514303925514e-07,7.859240281186202e-07,2.2172703638986225e-07,1.0327265726092679e-07,2.832549776714821e-07,6.319028515583686e-07,6.023910992721933e-07,0.0,1.3585491606951883e-07,5.216448869838149e-07,1.8430053402751582e-07
b4258,1.0221053136248202e-06,5.774081399580482e-07,2.7527524858381115e-08,1.0811268300548069e-07,4.5012978064052485e-07,3.1917864975662875e-07,3.3099542258949054e-08,7.422210765140864e-07,3.320766159369109e-07,3.9968792242794337e-07,1.0605041684397766e-07,4.7027742649140004e-08,1.4780979157897125e-07,3.1028832419121056e-07,3.0587741575163997e-07,1.1137834229602384e-07,5.7636938133296756e-08,2.6138005586848127e-07,7.7350447323596e-08
b4260,0.0,0.0,0.0,0.0,0.0,0.0,0.0,0.0,0.0,0.0,0.0,0.0,0.0,0.0,0.0,0.0,0.0,0.0,0.0
b4261,2.4823798467526134e-06,1.3806900294696517e-06,6.942074920334378e-08,2.788038150359122e-07,1.0707888701748075e-06,7.71963832952226e-07,8.228363385997273e-08,1.7692719507550437e-06,7.907457213943378e-07,9.595061811552956e-07,2.557406944507157e-07,1.1414060617909302e-07,3.51442542841928e-07,7.571008577715933e-07,7.350772876224058e-07,2.699004775340265e-07,1.4224684440607766e-07,6.332126320861255e-07,1.9066438566886768e-07
b4262,2.4823798467526134e-06,1.3806900294696517e-06,6.942074920334378e-08,2.788038150359122e-07,1.0707888701748075e-06,7.71963832952226e-07,8.228363385997273e-08,1.7692719507550437e-06,7.907457213943378e-07,9.595061811552956e-07,2.557406944507157e-07,1.1414060617909302e-07,3.51442542841928e-07,7.571008577715933e-07,7.350772876224058e-07,2.699004775340265e-07,1.4224684440607766e-07,6.332126320861255e-07,1.9066438566886768e-07
b4265,0.0,0.0,0.0,0.0,0.0,0.0,0.0,0.0,0.0,0.0,0.0,0.0,0.0,0.0,0.0,0.0,0.0,0.0,0.0
b4266,0.0,0.0,0.0,0.0,0.0,0.0,0.0,0.0,0.0,0.0,0.0,0.0,0.0,0.0,0.0,0.0,0.0,0.0,0.0
b4267,0.0,0.0,0.0,0.0,0.0,0.0,0.0,0.0,0.0,0.0,0.0,0.0,0.0,0.0,0.0,0.0,0.0,0.0,0.0
b4268,0.0,0.0,0.0,0.0,0.0,0.0,0.0,0.0,0.0,0.0,0.0,0.0,0.0,0.0,0.0,0.0,0.0,0.0,0.0
b4287,0.0,0.0,0.0,0.0,0.0,0.0,0.0,0.0,0.0,0.0,0.0,0.0,0.0,0.0,0.0,0.0,0.0,0.0,0.0
b4288,0.0,0.0,0.0,0.0,0.0,0.0,0.0,0.0,0.0,0.0,0.0,0.0,0.0,0.0,0.0,0.0,0.0,0.0,0.0
b4289,0.0,0.0,0.0,0.0,0.0,0.0,0.0,0.0,0.0,0.0,0.0,0.0,0.0,0.0,0.0,0.0,0.0,0.0,0.0
b4290,0.0,0.0,0.0,0.0,0.0,0.0,0.0,0.0,0.0,0.0,0.0,0.0,0.0,0.0,0.0,0.0,0.0,0.0,0.0
b4291,0.0,0.0,0.0,0.0,0.0,0.0,0.0,0.0,0.0,0.0,0.0,0.0,0.0,0.0,0.0,0.0,0.0,0.0,0.0
b4293,0.0,0.0,0.0,0.0,0.0,0.0,0.0,0.0,0.0,0.0,0.0,0.0,0.0,0.0,0.0,0.0,0.0,0.0,0.0
b4301,0.0,0.0,0.0,0.0,0.0,0.0,0.0,0.0,0.0,0.0,0.0,0.0,0.0,0.0,0.0,0.0,0.0,0.0,0.0
b4311,0.0,0.0,0.0,0.0,0.0,0.0,0.0,0.0,0.0,0.0,0.0,0.0,0.0,0.0,0.0,0.0,0.0,0.0,0.0
b4321,0.0,0.0,0.0,0.0,0.0,0.0,0.0,0.0,0.0,0.0,0.0,0.0,0.0,0.0,0.0,0.0,0.0,0.0,0.0
b4322,0.0,0.0,0.0,0.0,0.0,0.0,0.0,0.0,0.0,0.0,0.0,0.0,0.0,0.0,0.0,0.0,0.0,0.0,0.0
b4323,0.0,0.0,0.0,0.0,0.0,0.0,0.0,0.0,0.0,0.0,0.0,0.0,0.0,0.0,0.0,0.0,0.0,0.0,0.0
b4356,0.0,0.0,0.0,0.0,0.0,0.0,0.0,0.0,0.0,0.0,0.0,0.0,0.0,0.0,0.0,0.0,0.0,0.0,0.0
b4358,0.0,0.0,0.0,0.0,0.0,0.0,0.0,0.0,0.0,0.0,0.0,0.0,0.0,0.0,0.0,0.0,0.0,0.0,0.0
b4367,0.0,0.0,0.0,0.0,0.0,0.0,0.0,0.0,0.0,0.0,0.0,0.0,0.0,0.0,0.0,0.0,0.0,0.0,0.0
b4371,2.1529106403702833e-10,1.0285944923490687e-10,2.974608047204581e-12,1.45523670963533e-11,7.475090577593636e-11,4.966897679775911e-11,3.597995189127542e-12,1.4097198373454532e-10,5.119026329205683e-11,6.505178932313567e-11,1.3167141374576097e-11,5.206178416116396e-12,1.9173607401174495e-11,4.8452229225496426e-11,4.675426692985921e-11,1.4016076697036505e-11,6.6716931154416594e-12,3.890603669570724e-11,9.342075502093112e-12
b4374,0.0,0.0,0.0,0.0,0.0,0.0,0.0,0.0,0.0,0.0,0.0,0.0,0.0,0.0,0.0,0.0,0.0,0.0,0.0
b4375,5.551614348385218e-08,3.064132673175286e-08,1.7537725286482648e-09,6.134805196349227e-09,2.394787825641486e-08,1.749270455452548e-08,2.0372075310466815e-09,3.9407877534984397e-08,1.7789407102470028e-08,2.1610930246084682e-08,5.896730150687611e-09,2.684040404094069e-09,7.899593773466143e-09,1.7197074033092924e-08,1.6596344673792633e-08,6.251951090138745e-09,3.3490338819159855e-09,1.420095894458548e-08,4.559444062510941e-09
b4381,0.0,0.0,0.0,0.0,0.0,0.0,0.0,0.0,0.0,0.0,0.0,0.0,0.0,0.0,0.0,0.0,0.0,0.0,0.0
b4382,3.2366976271714093e-12,0.0,0.0,2.49367801424549e-08,0.0,0.0,0.0,0.0,4.8651116390811e-13,6.893561822457449e-13,0.0,0.0,1.6022113522031227e-13,5.318563238024473e-13,4.2216286837363553e-13,9.93244835464783e-14,0.0,0.0,0.0
b4383,2.673083338289693e-07,3.950335117014892e-06,1.267910219647105e-08,1.0847941614213892e-07,5.945958450806578e-06,1.6680459296424983e-07,1.526033214285926e-08,6.3637176411818034e-06,1.8146491824827077e-07,2.2267863184891285e-07,5.198140239124213e-08,2.2192715183455274e-08,7.565110411833735e-08,1.6428473674699146e-07,1.6515880494367653e-07,5.5190590101687784e-08,2.7215980278166133e-08,1.3753781242658123e-07,1.6364293487251625e-06
b4384,2.673083338289693e-07,3.950335117014892e-06,1.267910219647105e-08,1.0847941614213892e-07,5.945958450806578e-06,1.6680459296424983e-07,1.526033214285926e-08,6.3637176411818034e-06,1.8146491824827077e-07,2.2267863184891285e-07,5.198140239124213e-08,2.2192715183455274e-08,7.565110411833735e-08,1.6428473674699146e-07,1.6515880494367653e-07,5.5190590101687784e-08,2.7215980278166133e-08,1.3753781242658123e-07,1.6364293487251625e-06
b4386,0.0,0.0,0.0,0.0,0.0,0.0,0.0,0.0,0.0,0.0,0.0,0.0,0.0,0.0,0.0,0.0,0.0,0.0,0.0
b4388,3.437889520047175e-07,1.5429779686656555e-07,8.881014895382191e-09,3.915869062595647e-08,1.5007888520378618e-07,1.1369621381184289e-07,1.240423297086773e-08,1.933426734482272e-07,1.1180961904485922e-07,1.3494181048018866e-07,0.0,1.708748487228175e-08,5.009024524466125e-08,1.0637184830620982e-07,1.0377880460804101e-07,3.8638717699695806e-08,2.1371275042111945e-08,0.0,2.2903800806745443e-08
b4390,0.0,0.0,0.0,0.0,0.0,0.0,0.0,0.0,0.0,0.0,0.0,0.0,0.0,0.0,0.0,0.0,0.0,0.0,0.0
b4392,0.0,0.0,0.0,0.0,0.0,0.0,0.0,0.0,0.0,0.0,0.0,0.0,0.0,0.0,0.0,0.0,0.0,0.0,0.0
b4394,0.0,0.0,0.0,0.0,0.0,0.0,0.0,0.0,0.0,0.0,0.0,0.0,0.0,0.0,0.0,0.0,0.0,0.0,0.0
b4395,0.00013642163512697774,8.988543859211401e-05,0.0011680166951876458,3.76322482084051e-05,0.0001236748012181173,0.000520489342661103,0.0010774175805060898,0.00010584802545220236,0.00041513788048269337,0.00040812398958015494,0.0007027087227270252,0.0006343061253521006,0.0003083240323957372,0.0005734168836720755,0.0004912970612715222,0.0008025749521125542,0.0009557523125803066,0.000466176668990948,0.0011899356264059467
dummy,0.004905108147837125,0.0037914981904396128,0.0009142258386252354,0.0017837300780076404,0.003416749015001613,0.002942963103652558,0.0009965546283596143,0.004238820258979108,0.0029342583277211826,0.0032070319035039053,0.001732746946653686,0.0011736716655511158,0.0020142810655142704,0.002900029861407855,0.00284973332835865,0.0017727489738947966,0.0013065328486573328,0.0026486350913588834,0.001498594731241879
