,NH4Cl,Adenine,L-Cys,Cytosine,Cytidine,Putrescine,L-Pro,Adenosine,L-Asn,GlcNAc,Glycine,L-Orn,L-Asp,D-Ala,L-Ala,L-Arg,GABA,L-Ser,Guanosine
b0002,0.0,0.0,0.0,0.0,0.0,0.0,0.0,0.0,0.0,0.0,0.0,0.0,0.0,0.0,0.0,0.0,0.0,0.0,0.0
b0003,2.795386620127405e-05,1.7832676205206902e-05,1.1864680066382349e-06,4.285986154744231e-06,1.430040212306458e-05,1.087768647001081e-05,1.3984834121680376e-06,2.2115545267708607e-05,1.138306264216446e-05,1.3248730957100753e-05,4.113435064350972e-06,1.904625891431751e-06,5.533332357392765e-06,1.0757896396319635e-05,1.0616228693042186e-05,4.353706110223374e-06,2.35346983744791e-06,9.242125888656396e-06,3.136703040924028e-06
b0004,6.490947060930402e-08,4.140785262735345e-08,2.7550038928874185e-09,9.952150816639992e-09,3.320583724000165e-08,2.5258218850250144e-08,3.247308164320512e-09,5.1352765489649456e-08,2.6431713048042183e-08,3.0763834472074315e-08,9.551483522540467e-09,4.422581743486135e-09,1.284851517273582e-08,2.4980063756727188e-08,2.4651108342976367e-08,1.0109397990543847e-08,5.464806912352832e-09,2.1460412467377713e-08,7.283491034084338e-09
b0007,9.04657866722569e-17,4.8918024505657663e-17,1.155228409200516e-18,6.533652269084342e-18,3.440345245374257e-17,2.7642066183765262e-17,0.0,6.640827811389716e-17,2.4864525870326984e-17,3.185854591198253e-17,6.3868965995784325e-18,2.3903221104222877e-18,8.016198796474134e-18,2.718796371235047e-17,2.551131807556317e-17,7.271268785445459e-18,0.0,0.0,4.095410492362197e-18
b0008,0.0,0.0,0.0,0.0,0.0,0.0,0.0,0.0,0.0,0.0,0.0,0.0,0.0,0.0,0.0,0.0,0.0,0.0,0.0
b0009,0.0,0.0,0.0,0.0,0.0,0.0,0.0,0.0,0.0,0.0,1.7945539180809988e-10,0.0,0.0,0.0,0.0,0.0,0.0,4.74169336884253e-10,1.1074089688802923e-10
b0014,1.3220113201911136e-09,8.120042846291928e-10,5.953590369805481e-11,2.2084281545761003e-10,7.122291042323871e-10,5.199717342504145e-10,7.225871782338505e-11,1.0035417577482926e-09,6.168740710635363e-10,6.304787181301331e-10,2.1181043383248005e-10,9.871993111559539e-11,3.043104162790479e-10,4.873029827652356e-10,5.337518239929052e-10,2.2940816623421963e-10,1.2083857311838525e-10,4.4576963251887514e-10,1.567386845743007e-10
b0015,2.6440226403822272e-09,1.6240085692583855e-09,1.1907180739610963e-10,4.4168563091522006e-10,1.4244582084647742e-09,1.039943468500829e-09,1.445174356467701e-10,2.007083515496585e-09,1.2337481421270726e-09,1.2609574362602661e-09,4.236208676649601e-10,1.9743986223119078e-10,6.086208325580958e-10,9.746059655304713e-10,1.0675036479858105e-09,4.5881633246843926e-10,2.416771462367705e-10,8.915392650377503e-10,3.134773691486014e-10
b0019,0.0,0.0,0.0,0.0,0.0,0.0,0.0,0.0,0.0,0.0,0.0,0.0,0.0,0.0,0.0,0.0,0.0,0.0,0.0
b0023,6.881797817058582e-05,4.5619220133336694e-05,4.698087190982779e-06,1.3356481185921399e-05,3.76706684645223e-05,2.962235272701723e-05,5.33709207956277e-06,5.5182966279386625e-05,3.069693626950275e-05,3.5254806173868566e-05,1.2852511830618529e-05,6.811464023703364e-06,1.652995972463623e-05,2.931856067764909e-05,2.8932897136347975e-05,1.3418295030629333e-05,8.08821585901841e-06,2.5679448939823602e-05,1.0228986979587574e-05
b0025,2.1096490507468807e-07,1.1933280000573115e-07,4.91527974852515e-09,2.4807746524408657e-08,1.0560918116910195e-07,7.39221386334369e-08,7.358506181113966e-09,1.5703404636896727e-07,6.929271542563827e-08,8.628218756424398e-08,2.0646678076369737e-08,9.26380100526036e-09,2.4547558213486572e-08,6.98993463974118e-08,6.744546353774319e-08,2.3655195783590323e-08,1.3088826370709281e-08,5.833799334408384e-08,1.411259034777202e-08
b0026,7.96783371965742e-07,5.067663004007611e-07,3.27226125579527e-08,1.1998081462313382e-07,4.041717733683926e-07,3.0823714206670974e-07,3.872884568815738e-08,6.292946438212432e-07,3.2185684899687837e-07,3.7472224340129265e-07,1.1512511545502348e-07,5.2920314873747904e-08,1.5522496786888886e-07,3.0417442839170184e-07,3.0053197189123023e-07,1.2206761720930046e-07,6.564972461752093e-08,2.614601551929877e-07,8.750550742931665e-08
b0027,9.576315466378206e-09,7.689950800141673e-09,1.3272376605615539e-09,3.1168461304989003e-09,6.638464147428218e-09,5.6617385363198975e-09,1.5020237039696957e-09,8.820513964046408e-09,5.898310821249395e-09,6.264281205721925e-09,3.116770443675454e-09,1.884369212144736e-09,3.753562578781031e-09,5.662665660809433e-09,5.66226724949097e-09,3.29205455071551e-09,2.163483581523402e-09,5.092999123185483e-09,2.618204311205077e-09
b0029,1.6837299400387484e-08,1.3419204279925109e-08,2.276490816134677e-09,5.372150615776931e-09,1.1552754471328233e-08,9.828966417155232e-09,2.5776405784957616e-09,1.5437311054089087e-08,1.0236332083912568e-08,1.089333252227918e-08,5.369407863959482e-09,3.2365262733100947e-09,6.475576692475342e-09,9.827080896052792e-09,9.822327241385418e-09,5.673257174152799e-09,3.7188293883524506e-09,8.824890457693926e-09,4.504793411044591e-09
b0030,0.0,0.0,0.0,0.0,0.0,0.0,0.0,0.0,0.0,0.0,0.0,0.0,0.0,0.0,0.0,0.0,0.0,0.0,0.0
b0031,6.600359891588287e-06,4.321823883742805e-06,3.594560063952777e-07,1.1454391136550158e-06,3.506380872013997e-06,2.716655598817691e-06,4.1636298184353234e-07,5.308896792715009e-06,2.853091959912779e-06,3.261662092852627e-06,1.113783491008359e-06,5.549317401134598e-07,1.4619415164860726e-06,2.6905710632265676e-06,2.670330575754417e-06,1.1776764839705501e-06,6.688695609614287e-07,2.328803970000207e-06,8.692226803948188e-07
b0032,0.0,0.0,0.0,0.0,0.0,0.0,0.0,0.0,0.0,0.0,0.0,0.0,0.0,0.0,0.0,0.0,0.0,0.0,0.0
b0033,0.0,0.0,0.0,0.0,0.0,0.0,0.0,0.0,0.0,0.0,0.0,0.0,0.0,0.0,0.0,0.0,0.0,0.0,0.0
b0036,0.0,0.0,0.0,0.0,0.0,0.0,0.0,0.0,0.0,0.0,0.0,0.0,0.0,0.0,0.0,0.0,0.0,0.0,0.0
b0037,0.0,0.0,0.0,0.0,0.0,0.0,0.0,0.0,0.0,0.0,0.0,0.0,0.0,0.0,0.0,0.0,0.0,0.0,0.0
b0038,0.0,0.0,0.0,0.0,0.0,0.0,0.0,0.0,0.0,0.0,0.0,0.0,0.0,0.0,0.0,0.0,0.0,0.0,0.0
b0040,0.0,0.0,0.0,0.0,0.0,0.0,0.0,0.0,0.0,0.0,0.0,0.0,0.0,0.0,0.0,0.0,0.0,0.0,0.0
b0047,0.0,0.0,0.0,0.0,0.0,0.0,0.0,0.0,0.0,0.0,0.0,0.0,0.0,0.0,0.0,0.0,0.0,0.0,0.0
b0048,2.287399816608568e-07,2.0330620075929046e-07,6.006372779776773e-08,1.2138885231922726e-07,1.884671774343573e-07,1.736375558278875e-07,6.721601748561945e-08,2.1867758439002285e-07,1.7737611420656445e-07,1.82936138110857e-07,1.2138885231922726e-07,8.199561065588418e-08,1.3734015133254546e-07,1.736375558278875e-07,1.736375558278875e-07,1.26057232852942e-07,9.200882423088694e-08,1.641107475205553e-07,1.0692893592768514e-07
b0049,0.0,0.0,0.0,0.0,0.0,0.0,0.0,0.0,0.0,0.0,0.0,0.0,0.0,0.0,0.0,0.0,0.0,0.0,0.0
b0051,4.631979299943278e-10,2.7537242922366703e-10,1.179541121667685e-11,5.1371081484313095e-11,2.1129381350292959e-10,1.5349189180131792e-10,1.4255053631310822e-11,3.566847713571465e-10,1.6233956680987038e-10,1.9209349517813005e-10,4.943273781007129e-11,2.0376174429881864e-11,6.975784285503538e-11,1.519177556480749e-10,1.499193922129142e-10,5.304240556979546e-11,2.5923768778905166e-11,1.262024200034066e-10,3.6063736145981844e-11
b0052,1.003147334609782e-06,5.697599732211179e-07,1.5054944245921905e-08,8.667347512865814e-08,4.250967482384886e-07,6.56947223144933e-07,1.96232226709084e-08,7.586604378837027e-07,3.714218593968625e-07,3.8317276610203236e-07,8.3063834427333e-08,8.224327617172579e-08,1.786944341529447e-07,3.0392168748944376e-07,3.0030171378031865e-07,1.0635240612971614e-07,8.127986824540163e-08,2.3959210219459427e-07,5.8090057146567624e-08
b0053,3.051153949317917e-06,1.7387570008531708e-06,1.3931663256007962e-07,4.7122057639012763e-07,1.5189874839559751e-06,1.0560462009277992e-06,1.3609251069455118e-07,2.097066265337242e-06,1.1410428666807932e-06,1.454942330098812e-06,4.6138265590969175e-07,1.873306969092177e-07,6.534352523336921e-07,1.1454921954281197e-06,1.1070547504006478e-06,4.378485680217078e-07,2.4562581965128023e-07,9.965951693888598e-07,3.210769102326428e-07
b0058,3.3127490072111227e-10,1.9681493164705937e-10,8.298695083552796e-12,3.647661264722212e-11,1.50968563063737e-10,1.0953429161748136e-10,1.0038523729618943e-11,2.5521663218376044e-10,1.1563143509545037e-10,1.3717588173900562e-10,3.5027946336731085e-11,1.4391523849827525e-11,4.952508237369842e-11,1.0837898243229741e-10,1.0675286993590898e-10,3.761946357011112e-11,1.832824199687134e-11,8.992469674510477e-11,2.5551742538799885e-11
b0061,0.0,0.0,0.0,0.0,0.0,0.0,0.0,0.0,0.0,0.0,0.0,0.0,0.0,0.0,0.0,0.0,0.0,0.0,0.0
b0062,0.0,0.0,0.0,0.0,0.0,0.0,0.0,0.0,0.0,0.0,0.0,0.0,0.0,0.0,0.0,0.0,0.0,0.0,0.0
b0063,0.0,0.0,0.0,0.0,0.0,0.0,0.0,0.0,0.0,0.0,0.0,0.0,0.0,0.0,0.0,0.0,0.0,0.0,0.0
b0066,0.0,0.0,0.0,0.0,0.0,0.0,0.0,0.0,0.0,0.0,0.0,0.0,0.0,0.0,0.0,0.0,0.0,0.0,0.0
b0067,0.0,0.0,0.0,0.0,0.0,0.0,0.0,0.0,0.0,0.0,0.0,0.0,0.0,0.0,0.0,0.0,0.0,0.0,0.0
b0068,0.0,0.0,0.0,0.0,0.0,0.0,0.0,0.0,0.0,0.0,0.0,0.0,0.0,0.0,0.0,0.0,0.0,0.0,0.0
b0070,0.0,0.0,0.0,0.0,0.0,0.0,0.0,0.0,0.0,0.0,0.0,0.0,0.0,0.0,0.0,0.0,0.0,0.0,0.0
b0071,2.9395056556985e-07,1.8889419854306003e-07,1.3260481917286104e-08,4.64420855903442e-08,1.5177095586860403e-07,1.163225059411111e-07,1.566817858041106e-08,2.3360188651848074e-07,1.210139122918571e-07,1.405090367897453e-07,4.466199546487478e-08,2.105756261296827e-08,5.966234441992223e-08,1.1521822309617538e-07,1.1352645807624247e-07,4.718192557702066e-08,2.5920619250598438e-08,9.868459741477633e-08,3.4297479007525805e-08
b0072,2.9395056556985e-07,1.8889419854306003e-07,1.3260481917286104e-08,4.64420855903442e-08,1.5177095586860403e-07,1.163225059411111e-07,1.566817858041106e-08,2.3360188651848074e-07,1.210139122918571e-07,1.405090367897453e-07,4.466199546487478e-08,2.105756261296827e-08,5.966234441992223e-08,1.1521822309617538e-07,1.1352645807624247e-07,4.718192557702066e-08,2.5920619250598438e-08,9.868459741477633e-08,3.4297479007525805e-08
b0073,1.2435316751284004e-07,7.991000754869135e-08,5.609728717359536e-09,1.964691048600616e-08,6.420535052254432e-08,4.9209199644730935e-08,6.628283336872719e-09,9.882319657808341e-08,5.1193857298558414e-08,5.944109600575353e-08,1.8893859219949484e-08,8.908214229648496e-09,2.52396231845193e-08,4.874204262691184e-08,4.802635650973004e-08,1.9959893200012924e-08,1.0965487007849536e-08,4.1747639605547174e-08,1.450924288586715e-08
b0074,7.710171126284566e-08,4.9545970177195894e-08,3.4781557436732675e-09,1.2181518571632767e-08,3.980873584911187e-08,3.0510790986421894e-08,4.109682111274915e-09,6.127256523520466e-08,3.174132257995934e-08,3.685479278933108e-08,1.1714610149089956e-08,5.52328963659902e-09,1.564912400767674e-08,3.0221143314209756e-08,2.9777402109498743e-08,1.2375574769221138e-08,6.798844211575093e-09,2.5884458909660508e-08,8.996051150149568e-09
b0077,4.371117019042681e-06,2.7940665487478944e-06,1.899639155496493e-07,6.765236845073098e-07,2.2391540065489353e-06,1.7114205468959091e-06,2.2426841269434567e-07,3.463321272874516e-06,1.785113013416252e-06,2.074312727359442e-06,6.505021708668335e-07,3.039448349232844e-07,8.721750906096825e-07,1.6940378485417554e-06,1.6696114569112695e-06,6.884842022853198e-07,3.745709525645348e-07,1.451144943126104e-06,4.970589519037073e-07
b0078,4.371117019042681e-06,2.7940665487478944e-06,1.899639155496493e-07,6.765236845073098e-07,2.2391540065489353e-06,1.7114205468959091e-06,2.2426841269434567e-07,3.463321272874516e-06,1.785113013416252e-06,2.074312727359442e-06,6.505021708668335e-07,3.039448349232844e-07,8.721750906096825e-07,1.6940378485417554e-06,1.6696114569112695e-06,6.884842022853198e-07,3.745709525645348e-07,1.451144943126104e-06,4.970589519037073e-07
b0082,0.0,0.0,0.0,0.0,0.0,0.0,0.0,0.0,0.0,0.0,0.0,0.0,0.0,0.0,0.0,0.0,0.0,0.0,0.0
b0084,5.035921699088499e-08,4.0503706333875674e-08,7.007023830490356e-09,1.644382595620734e-08,3.4971678465892335e-08,2.9845670991889434e-08,7.930085819930237e-09,4.644175459583944e-08,3.10891084484545e-08,3.300184514822167e-08,1.644382595620734e-08,9.947499652520488e-09,1.9796666240873848e-08,2.9845670991889434e-08,2.9845670991889434e-08,1.7370059979975193e-08,1.1419323580699542e-08,2.6848098551955806e-08,1.3817381532646448e-08
b0085,2.263257823957354e-06,1.8203287449049787e-06,3.1491159820621015e-07,7.390229629248502e-07,1.571706822192606e-06,1.3413323800462797e-06,3.5639610480557973e-07,2.0871981481833968e-06,1.3972152892797947e-06,1.4831780297589003e-06,7.390229629248502e-07,4.470632738681192e-07,8.897072360366493e-07,1.3413323800462797e-06,1.3413323800462797e-06,7.80650027966142e-07,5.132103909200348e-07,1.2066146524297703e-06,6.209845730132422e-07
b0086,6.890235971724313e-07,5.541787800639186e-07,9.587132313894558e-08,2.2498729703589593e-07,4.784886091475215e-07,4.083536801332454e-07,1.0850081840079855e-07,6.354241928824367e-07,4.253666084584907e-07,4.515370058567632e-07,2.2498729703589593e-07,1.3610342660196167e-07,2.7086144305575353e-07,4.083536801332454e-07,4.083536801332454e-07,2.3766019262510918e-07,1.5624117849714993e-07,3.673403707777435e-07,1.8905182598155146e-07
b0087,2.9871488024120777e-09,2.402551213025939e-09,4.1563439811843516e-10,9.753955273182293e-10,2.074408890563942e-09,1.7703504082826425e-09,4.703875035292387e-10,2.754777375668633e-09,1.8441071688360274e-09,1.957564634687279e-09,9.753955273182293e-10,5.90054084427077e-10,1.1742753638103916e-09,1.7703504082826425e-09,1.7703504082826425e-09,1.0303367877304444e-09,6.773580050821037e-10,1.59254393194859e-09,8.196031861493455e-10
b0088,6.894958450803402e-06,5.5455860706921525e-06,9.593703211025891e-07,2.2514150043439678e-06,4.788165590835693e-06,4.086335604913655e-06,1.0857518346566202e-06,6.35859704448303e-06,4.256581492587814e-06,4.518464835106989e-06,2.2514150043439678e-06,1.361967101393264e-06,2.7104708800367866e-06,4.086335604913655e-06,4.086335604913655e-06,2.378230818631861e-06,1.563482641905533e-06,3.675921411413453e-06,1.8918139967056953e-06
b0090,7.374152751102788e-07,5.931000030160712e-07,1.0260458192986932e-07,2.4078866126049915e-07,5.120939410488045e-07,4.3703327812500705e-07,1.1612107506775616e-07,6.800514640268071e-07,4.552410626956313e-07,4.83249466001974e-07,2.4078866126049915e-07,1.456622765649933e-07,2.898846517991465e-07,4.3703327812500705e-07,4.3703327812500705e-07,2.5435160282841314e-07,1.6721434809756887e-07,3.931395117493952e-07,2.0232936119805838e-07
b0091,3.0810943191216533e-06,2.4781111968294515e-06,4.287060563706052e-07,1.0060716144070702e-06,2.139648832723369e-06,1.8260277430470913e-06,4.851811412071133e-07,2.8414148353653386e-06,1.9021041459883672e-06,2.0191298372475225e-06,1.0060716144070702e-06,6.086112235302029e-07,1.2112062009094377e-06,1.8260277430470913e-06,1.8260277430470913e-06,1.062740771700061e-06,6.986608433382432e-07,1.6426292716708026e-06,8.453796204392744e-07
b0092,0.0,0.0,0.0,0.0,0.0,0.0,0.0,0.0,0.0,0.0,0.0,0.0,0.0,0.0,0.0,0.0,0.0,0.0,0.0
b0096,6.362701005404302e-07,5.117493646888858e-07,8.853115722435182e-08,2.0776166548258943e-07,4.4185423648640964e-07,3.770890259501704e-07,1.0019370441868702e-07,5.867744105575987e-07,3.9279939880302065e-07,4.1696612030880785e-07,2.0776166548258943e-07,1.25682982822801e-07,2.501235637108103e-07,3.770890259501704e-07,3.770890259501704e-07,2.1946429015869208e-07,1.4427893436290932e-07,3.392158056799067e-07,1.745775105791203e-07
b0098,2.0302796060035012e-05,1.4400953439374561e-05,2.0475571617850513e-06,5.196131684748901e-06,1.246413290564046e-05,9.9923349667486e-06,2.2623261381874773e-06,1.6765363692411514e-05,1.0769717973314953e-05,1.1813226741406184e-05,5.170486878427726e-06,2.8829744691730897e-06,6.486625359052405e-06,1.0227386547662145e-05,1.0126202517322977e-05,5.334120478815031e-06,3.390545005056668e-06,9.103941711578445e-06,4.167742374502359e-06
b0099,7.2237175599794915e-09,5.810005638912704e-09,1.0051141402113055e-09,2.358764917544323e-09,5.0164705277635326e-09,4.281176525689531e-09,1.1375216616243842e-09,6.661781859137044e-09,4.4595399222322355e-09,4.733910147016037e-09,2.358764917544323e-09,1.4269071723416273e-09,2.8397090760791126e-09,4.281176525689531e-09,4.281176525689531e-09,2.491627447622051e-09,1.6380311927391132e-09,3.851193337595514e-09,1.982017743214327e-09
b0103,4.5892342173303114e-09,3.7049759724245067e-09,6.390913763322875e-10,1.5040850225984037e-09,3.1998965793358655e-09,2.732278548679268e-09,7.236223923237832e-10,4.245108083170689e-09,2.8467509872683535e-09,3.0194619332533398e-09,1.504435579519018e-09,9.085593656032657e-10,1.8119915735441426e-09,2.732606278934055e-09,2.7330309164481936e-09,1.589704535626744e-09,1.0434916497419968e-09,2.4578235114434536e-09,1.2634754905266306e-09
b0104,0.0,0.0,0.0,0.0,0.0,0.0,0.0,0.0,0.0,0.0,0.0,0.0,0.0,0.0,0.0,0.0,0.0,0.0,1.7590266412041408e-07
b0109,7.948837060918946e-05,6.369319563389225e-05,1.0935580309500577e-05,2.57135970247479e-05,5.492800758132536e-05,4.681140890723625e-05,1.2378043817585118e-05,7.313530294760656e-05,4.8767044616154625e-05,5.1814204040784454e-05,2.5709675356728465e-05,1.5532355812408986e-05,3.0974892802941927e-05,4.680994160125039e-05,4.6803418012750396e-05,2.7160646280195353e-05,1.7835709576166736e-05,4.208144873904313e-05,2.1591457397113305e-05
b0110,0.0,0.0,0.0,0.0,0.0,0.0,0.0,0.0,0.0,0.0,0.0,0.0,0.0,0.0,0.0,0.0,0.0,0.0,0.0
b0112,0.0,0.0,0.0,0.0,0.0,0.0,0.0,0.0,0.0,0.0,0.0,0.0,0.0,0.0,0.0,0.0,0.0,0.0,0.0
b0114,1.535991562809401e-05,1.561412190878299e-05,4.074062057623015e-06,8.112549242961667e-06,1.4831505279173713e-05,1.0506325109093022e-05,3.3633349072097048e-06,1.7162279478486733e-05,1.3474829920642178e-05,1.3105112670790426e-05,8.333212404070376e-06,4.534514257504941e-06,1.1062060696564542e-05,1.3642871119923247e-05,1.35713350923194e-05,7.795808179869963e-06,5.4459751920315476e-06,1.3233165272637532e-05,7.285056304832986e-06
b0115,1.535991562809401e-05,1.561412190878299e-05,4.074062057623015e-06,8.112549242961667e-06,1.4831505279173713e-05,1.0506325109093022e-05,3.3633349072097048e-06,1.7162279478486733e-05,1.3474829920642178e-05,1.3105112670790426e-05,8.333212404070376e-06,4.534514257504941e-06,1.1062060696564542e-05,1.3642871119923247e-05,1.35713350923194e-05,7.795808179869963e-06,5.4459751920315476e-06,1.3233165272637532e-05,7.285056304832986e-06
b0116,8.242671875040836e-06,8.076263815121057e-06,2.0913561521049217e-06,4.203899697663834e-06,7.8325436080623e-06,5.440955890575516e-06,1.759992612578578e-06,8.9307430110802e-06,6.941502102862308e-06,6.857739880712177e-06,6.126116779523919e-06,2.324435269412687e-06,5.542526910217178e-06,7.066629632780991e-06,7.0157253521637265e-06,4.0224372164736084e-06,2.764249684356781e-06,6.97313312588032e-06,3.6896847972743534e-06
b0118,0.0,0.0,0.0,0.0,0.0,0.0,0.0,0.0,0.0,0.0,0.0,0.0,0.0,0.0,0.0,0.0,0.0,0.0,0.0
b0120,0.0,0.0,0.0,0.0,0.0,0.0,0.0,0.0,0.0,0.0,0.0,0.0,0.0,0.0,0.0,0.0,0.0,0.0,0.0
b0121,0.0,0.0,0.0,0.0,0.0,0.0,0.0,0.0,0.0,0.0,0.0,0.0,0.0,0.0,0.0,0.0,0.0,0.0,0.0
b0123,0.0,0.0,0.0,0.0,0.0,0.0,0.0,0.0,0.0,0.0,0.0,0.0,0.0,0.0,0.0,0.0,0.0,0.0,0.0
b0124,0.0,0.0,0.0,0.0,0.0,0.0,0.0,0.0,0.0,0.0,0.0,0.0,0.0,0.0,0.0,0.0,0.0,0.0,0.0
b0125,1.2568205515194203e-09,7.475976574003731e-10,0.0,0.0,0.0,0.0,0.0,9.65654139775953e-10,0.0,0.0,0.0,0.0,0.0,0.0,0.0,0.0,0.0,0.0,0.0
b0126,0.0,0.0,0.0,0.0,0.0,0.0,0.0,0.0,0.0,0.0,0.0,0.0,0.0,0.0,0.0,0.0,0.0,0.0,0.0
b0131,6.638851190252369e-09,5.359670694405202e-09,9.245186328519552e-10,2.1758306875710006e-09,4.629015693770022e-09,3.952552830383204e-09,1.0468023973216716e-09,6.141033452657888e-09,4.118150280674233e-09,4.3679963802679575e-09,2.1763378081753234e-09,1.3143348410879414e-09,2.6212526633144305e-09,3.953026929609576e-09,3.953641216249277e-09,2.2996890872644656e-09,1.5095297936085812e-09,3.55552228795783e-09,1.8277615320790865e-09
b0133,4.246536503184981e-09,3.4283095970369663e-09,5.913676944657134e-10,1.3917685718105529e-09,2.9609466388209993e-09,2.5282476431515458e-09,6.695864185621312e-10,3.928107736814701e-09,2.634171935976142e-09,2.793985818182291e-09,1.392092951149095e-09,8.407133584019381e-10,1.6766824258961036e-09,2.5285509003888636e-09,2.5289438284067017e-09,1.4709945102224032e-09,9.655696727494278e-10,2.274287335415744e-09,1.1691263808544704e-09
b0134,6.91046064539648e-09,5.578946167727555e-09,9.623426471193923e-10,2.264848526742439e-09,4.818398524384519e-09,4.114260133337209e-09,1.0896292992407188e-09,6.3922761303891174e-09,4.286632525852103e-09,4.546700358248059e-09,2.2653763947241444e-09,1.3681070615873206e-09,2.7284936583714105e-09,4.114753628966493e-09,4.11539304737293e-09,2.393774235747665e-09,1.5712878527992772e-09,3.700986230997086e-09,1.9025391253154388e-09
b0142,6.255079487004003e-09,5.030934112468763e-09,8.703370236074474e-10,2.0424749345319192e-09,4.343805199308333e-09,3.7071077660128904e-09,9.849898411130011e-10,5.768494505494179e-09,3.861554173099409e-09,4.099133722775864e-09,2.0424749345319192e-09,1.2355712566921483e-09,2.458928639354496e-09,3.7071077660128904e-09,3.7071077660128904e-09,2.157521747973918e-09,1.4183853712027216e-09,3.3347816060721757e-09,1.7162462991552933e-09
b0149,0.0,0.0,0.0,0.0,0.0,0.0,0.0,0.0,0.0,0.0,0.0,0.0,0.0,0.0,0.0,0.0,0.0,0.0,0.0
b0150,0.0,0.0,0.0,0.0,0.0,0.0,0.0,0.0,0.0,0.0,0.0,0.0,0.0,0.0,0.0,0.0,0.0,0.0,0.0
b0151,0.0,0.0,0.0,0.0,0.0,0.0,0.0,0.0,0.0,0.0,0.0,0.0,0.0,0.0,0.0,0.0,0.0,0.0,0.0
b0152,0.0,0.0,0.0,0.0,0.0,0.0,0.0,0.0,0.0,0.0,0.0,0.0,0.0,0.0,0.0,0.0,0.0,0.0,0.0
b0153,0.0,0.0,0.0,0.0,0.0,0.0,0.0,0.0,0.0,0.0,0.0,0.0,0.0,0.0,0.0,0.0,0.0,0.0,0.0
b0154,3.040652415058276e-10,1.805673909388982e-10,6.491395423936739e-12,3.4410516224377344e-11,1.3598014982582335e-10,1.1040053251116232e-10,1.0435724699820084e-11,2.3267254986356e-10,1.0353381963699755e-10,1.270481707623949e-10,3.348690963865813e-11,1.5013859470024742e-11,4.146207978100309e-11,1.088322944338571e-10,1.0367194677127945e-10,3.693085124004139e-11,1.9608176374247562e-11,8.562802809951521e-11,2.3489773645326508e-11
b0155,0.0,0.0,0.0,0.0,0.0,0.0,0.0,0.0,0.0,0.0,0.0,0.0,0.0,0.0,0.0,0.0,0.0,0.0,0.0
b0156,1.8413180191059018e-09,1.0967448580019876e-09,6.920873959224314e-11,2.6934480235016467e-10,9.697206628603228e-10,7.678000373908654e-10,8.421219920522534e-11,1.401564847097579e-09,6.859537847055599e-10,8.458466640521659e-10,2.587221697497973e-10,1.206499399894712e-10,2.59295647330993e-10,7.179153842340414e-10,6.908357948841138e-10,2.7645061250560715e-10,1.6646963887204446e-10,7.354474127562873e-10,1.6836914132786635e-10
b0158,0.0,0.0,0.0,0.0,0.0,0.0,0.0,0.0,0.0,0.0,0.0,0.0,0.0,0.0,0.0,0.0,0.0,0.0,0.0
b0159,8.28231387808183e-10,4.928222022810851e-10,2.1137261417531877e-11,9.208375163272873e-11,3.7851350410552377e-10,2.7485514938737936e-10,2.55721668835157e-11,6.384809543078505e-10,2.906694542416171e-10,3.4376224208908094e-10,8.887297558226982e-11,3.656316457124367e-11,1.2502701704895132e-10,2.7212694126170964e-10,2.684910727357616e-10,9.512825533340106e-11,4.6507369367198886e-11,2.2607177667549416e-10,6.471881507330845e-11
b0160,0.0,0.0,0.0,0.0,0.0,0.0,0.0,0.0,0.0,0.0,0.0,0.0,0.0,0.0,0.0,0.0,0.0,0.0,0.0
b0166,1.9393385491155449e-07,1.2698519168496119e-07,1.056164968825263e-08,3.36556531047183e-08,1.0302558806898305e-07,7.98216311533571e-08,1.2233708379188876e-08,1.5598767904321902e-07,8.383044732275966e-08,9.583518375898512e-08,3.272553762157388e-08,1.6305179314560508e-08,4.295522647313747e-08,7.90552071062061e-08,7.846049472305776e-08,3.460286168124918e-08,1.9652936282393287e-08,6.842565233617781e-08,2.5539774793243407e-08
b0168,6.482746545047052e-10,3.90161900201308e-10,2.0010881831022813e-11,8.20569510078362e-11,3.09391452702708e-10,2.293299013521361e-10,2.349465485759543e-11,4.976169157599357e-10,2.4545246873283443e-10,2.827508226836302e-10,8.023020913950608e-11,3.4170603917464354e-11,1.1132364665396638e-10,2.233496412759306e-10,2.2554727107053025e-10,8.56489095123073e-11,4.2682352141026904e-11,1.911138816143789e-10,5.762568969935226e-11
b0169,6.881797817058582e-05,4.5619220133336694e-05,4.698087190982779e-06,1.3356481185921399e-05,3.76706684645223e-05,2.962235272701723e-05,5.33709207956277e-06,5.5182966279386625e-05,3.069693626950275e-05,3.5254806173868566e-05,1.2852511830618529e-05,6.811464023703364e-06,1.652995972463623e-05,2.931856067764909e-05,2.8932897136347975e-05,1.3418295030629333e-05,8.08821585901841e-06,2.5679448939823602e-05,1.0228986979587574e-05
b0170,1.3642942223699971e-05,8.710316075059458e-06,5.972325917323641e-07,2.1190971147778224e-06,7.002176864037457e-06,5.341318257393774e-06,7.02597549971015e-07,1.0791006037866754e-05,5.5793163468930335e-06,6.481911799060328e-06,2.0390815506472567e-06,9.535878479398871e-07,2.7355447270968964e-06,5.286547534729476e-06,5.216939129582073e-06,2.155918250533813e-06,1.1737440525686964e-06,4.533584163854664e-06,1.5568351990321133e-06
b0171,0.0,0.0,0.0,0.0,0.0,0.0,0.0,0.0,0.0,0.0,0.0,0.0,0.0,0.0,0.0,0.0,0.0,0.0,0.0
b0172,3.607089420629388e-09,2.3503011373775423e-09,1.8975153812499802e-10,6.110709460366824e-10,1.902248903401466e-09,1.4656081835279187e-09,2.2013815302389442e-10,2.899846822118605e-09,1.530351010206106e-09,1.7591922233493446e-09,5.915333947204903e-10,2.935292445607242e-10,7.770158660556946e-10,1.4501379198014208e-09,1.4352249916509146e-09,6.276006964100752e-10,3.549307602195844e-10,1.2496947007851326e-09,4.6181478801573616e-10
b0173,8.524108377460187e-05,6.793651933202946e-05,1.1525039720193018e-05,2.719723215699793e-05,5.848736714245477e-05,4.976045919592048e-05,1.3049650734803346e-05,7.815345522607456e-05,5.182280245544341e-05,5.514895518783883e-05,2.7183346608497282e-05,1.638534783051828e-05,3.278347448756817e-05,4.9750913492750996e-05,4.9726847479187804e-05,2.872162444564541e-05,1.8827071960762752e-05,4.467719014301433e-05,2.280612011503992e-05
b0174,4.3513407055244256e-10,3.499765020713112e-10,6.054492075147047e-11,1.4208459446610368e-10,3.021764378836405e-10,2.5788463528772553e-10,6.852073421397746e-11,4.012848278507376e-10,2.6862868641247724e-10,2.8515588750488854e-10,1.4208459446610368e-10,8.595240899801332e-11,1.7105516089177336e-10,2.5788463528772553e-10,2.5788463528772553e-10,1.5008781622229626e-10,9.866985726812755e-11,2.3198379775484206e-10,1.1939052729443436e-10
b0175,5.640747260337499e-08,7.104217765989604e-08,2.1833213854370955e-08,4.416446928933197e-08,6.729091587584914e-08,6.439402093290448e-08,2.4436252848782023e-08,7.20997422287353e-08,6.688646282255219e-08,6.494578267810531e-08,4.499468489217824e-08,3.0053417464036864e-08,5.128420765803811e-08,6.497238501326586e-08,6.571814606062167e-08,4.750740419847791e-08,3.370323541219732e-08,6.086439935703212e-08,3.9394394179163584e-08
b0177,3.051153949317917e-06,1.7387570008531708e-06,1.3931663256007962e-07,4.7122057639012763e-07,1.5189874839559751e-06,1.0560462009277992e-06,1.3609251069455118e-07,2.097066265337242e-06,1.1410428666807932e-06,1.454942330098812e-06,4.6138265590969175e-07,1.873306969092177e-07,6.534352523336921e-07,1.1454921954281197e-06,1.1070547504006478e-06,4.378485680217078e-07,2.4562581965128023e-07,9.965951693888598e-07,3.210769102326428e-07
b0179,8.069710602692544e-06,6.4904342835588974e-06,1.1228263240959827e-06,2.6350075437363403e-06,5.603965696314264e-06,4.782559023729789e-06,1.2707405207061828e-06,7.4419647854636876e-06,4.981811137376518e-06,5.288313750970849e-06,2.6350075437363403e-06,1.5940169091738354e-06,3.172276635890915e-06,4.782559023729789e-06,4.782559023729789e-06,2.7834300365548227e-06,1.829866349816903e-06,4.302219106902851e-06,2.214138283278453e-06
b0180,1.2076031061418766e-11,8.710551301687671e-12,6.267471149641924e-13,2.2532046105246054e-12,6.988384801674718e-12,5.509633581047916e-12,7.545869799224175e-13,1.0694680693519111e-11,5.857515517330875e-12,6.406324067916513e-12,2.2532046105246054e-12,1.06014293802591e-12,2.9763612384763603e-12,5.509633581047916e-12,5.509633581047916e-12,2.4462376770070307e-12,1.3039315521963285e-12,4.700782115204755e-12,1.7355370893576387e-12
b0181,4.8008838713422865e-06,3.8613306974785605e-06,6.679990219069732e-07,1.5676355498260525e-06,3.333947132876586e-06,2.845270618887601e-06,7.559970822849405e-07,4.427421312693525e-06,2.9638109613898805e-06,3.1461574576370075e-06,1.5676355498260525e-06,9.483227400182291e-07,1.8872711162161253e-06,2.845270618887601e-06,2.845270618887601e-06,1.6559360090369336e-06,1.088635798490314e-06,2.5595037217838935e-06,1.3172493161732803e-06
b0182,1.8445604078333129e-07,1.4835721748314161e-07,2.5665368738371038e-08,6.023054392925102e-08,1.2809447276620218e-07,1.093189019734419e-07,2.9046365706621822e-08,1.7010713612426004e-07,1.1387337211624021e-07,1.2087935552467738e-07,6.023054392925102e-08,3.643576114238641e-08,7.251134735001074e-08,1.093189019734419e-07,1.093189019734419e-07,6.362315944378444e-08,4.182676661753543e-08,9.833937573633885e-08,5.061038760721788e-08
b0185,9.72797867382364e-07,7.824144938650436e-07,1.353530358299766e-07,3.176436664289909e-07,6.755502561390278e-07,5.765295848922633e-07,1.5318373146307334e-07,8.971223487390206e-07,6.00549421117448e-07,6.374983391961494e-07,3.176436664289909e-07,1.9215398305694246e-07,3.82410852082622e-07,5.765295848922633e-07,5.765295848922633e-07,3.3553581282850384e-07,2.2058516701237744e-07,5.186247039520826e-07,2.669084831176439e-07
b0186,0.0,0.0,0.0,0.0,0.0,0.0,0.0,0.0,0.0,0.0,0.0,0.0,0.0,0.0,0.0,0.0,0.0,0.0,0.0
b0188,3.5429321123787964e-12,2.131776612138657e-12,8.465366945266059e-14,3.86014371882849e-13,1.610194860490378e-12,1.1786268358892802e-12,1.0674709989290973e-13,2.756328487260486e-12,1.2349782416444934e-12,1.4556511201230863e-12,3.653683696326794e-13,1.4668567010509588e-13,5.222173698621019e-13,1.1679343100145892e-12,1.1407279032833534e-12,3.9128322528231973e-13,1.934097113806843e-13,9.555825517356094e-13,2.717768597824645e-13
b0194,1.0180453613103077e-06,6.455313342058917e-07,3.9101773435647486e-08,1.4958440226953348e-07,5.168529847164074e-07,3.8997921559313637e-07,4.697549003447726e-08,8.044559084188473e-07,4.0612158425995734e-07,4.762789941469588e-07,1.430435616327702e-07,6.423235647806263e-08,1.937366914716517e-07,3.8653230606518147e-07,3.8028457600541825e-07,1.5097887401118267e-07,8.017106297809806e-08,3.288166910718479e-07,1.0795620944350716e-07
b0197,0.0,0.0,0.0,0.0,0.0,0.0,0.0,0.0,0.0,0.0,0.0,0.0,0.0,0.0,0.0,0.0,0.0,0.0,0.0
b0198,0.0,0.0,0.0,0.0,0.0,0.0,0.0,0.0,0.0,0.0,0.0,0.0,0.0,0.0,0.0,0.0,0.0,0.0,0.0
b0199,0.0,0.0,0.0,0.0,0.0,0.0,0.0,0.0,0.0,0.0,0.0,0.0,0.0,0.0,0.0,0.0,0.0,0.0,0.0
b0200,0.0,0.0,0.0,0.0,0.0,0.0,0.0,0.0,0.0,0.0,0.0,0.0,0.0,0.0,0.0,0.0,0.0,0.0,0.0
b0207,0.0,0.0,0.0,0.0,0.0,0.0,0.0,0.0,0.0,0.0,0.0,0.0,0.0,0.0,0.0,0.0,0.0,0.0,0.0
b0212,0.0,0.0,0.0,0.0,0.0,0.0,0.0,0.0,0.0,0.0,0.0,0.0,0.0,0.0,0.0,0.0,0.0,0.0,0.0
b0221,5.055111263438559e-06,7.1649767590481505e-06,3.01937589535732e-06,4.757907472665494e-06,6.904387616635579e-06,6.733394190148799e-06,3.3735099685820435e-06,7.086161725716154e-06,6.990783508650692e-06,6.689818498324328e-06,4.858039725194774e-06,3.2808912514733948e-06,5.500374844684566e-06,6.802888400686175e-06,6.8929229501226e-06,5.129135832579234e-06,3.670158375888384e-06,6.411406946428534e-06,4.27359416472542e-06
b0222,0.0,0.0,0.0,0.0,0.0,0.0,0.0,0.0,0.0,0.0,0.0,0.0,0.0,-6.834250317880445e-44,0.0,0.0,0.0,0.0,0.0
b0237,0.0,0.0,0.0,0.0,0.0,0.0,0.0,0.0,0.0,0.0,0.0,0.0,0.0,0.0,0.0,0.0,0.0,0.0,0.0
b0238,2.378148747803097e-06,1.5311621123466898e-06,1.5019272604674972e-07,4.2415371270905617e-07,1.2300658449926007e-06,9.601341622540501e-07,1.7255351455157982e-07,1.9068404123099426e-06,9.986972329070717e-07,1.1430657224210976e-06,4.1550363045092537e-07,2.240859041225263e-07,5.284206724182412e-07,9.513127868078077e-07,9.418548051842914e-07,4.387647961128596e-07,2.656483374068113e-07,8.207404054549643e-07,6.508078642834997e-07
b0241,0.0,0.0,0.0,0.0,0.0,0.0,0.0,0.0,0.0,0.0,0.0,0.0,0.0,0.0,0.0,0.0,0.0,0.0,0.0
b0242,1.2799034467226815e-05,8.115726577784333e-06,4.915939553895777e-07,1.8805998172253503e-06,6.497961109866486e-06,4.902883124435971e-06,0.0,1.0113752579713105e-05,5.105827650093849e-06,5.987858197455078e-06,1.7983672881690603e-06,8.075397970634604e-07,2.435689691194756e-06,4.859548008408406e-06,4.781000513949104e-06,1.8981313463332182e-06,1.0079238483147727e-06,4.133937761880593e-06,1.3572432998861648e-06
b0243,4.1043403603309986e-05,2.602516950157763e-05,1.5764227506118843e-06,6.030628131546479e-06,2.083738746963842e-05,1.5722358699115535e-05,0.0,3.2432354966782385e-05,1.637315263962622e-05,1.920161097673695e-05,5.766928327626074e-06,2.589584542605896e-06,7.81066691429797e-06,1.5583393477803728e-05,1.5331510687318486e-05,6.086847499249558e-06,3.232167661843012e-06,1.32565371603841e-05,4.352350537671926e-06
b0260,0.0,0.0,0.0,0.0,0.0,0.0,0.0,0.0,0.0,0.0,0.0,0.0,0.0,0.0,0.0,0.0,0.0,0.0,0.0
b0261,0.0,0.0,0.0,0.0,0.0,0.0,0.0,0.0,0.0,0.0,0.0,0.0,0.0,0.0,0.0,0.0,0.0,0.0,0.0
b0273,0.0,0.0,0.0,0.0,0.0,0.0,0.0,0.0,0.0,0.0,0.0,0.0,0.0,0.0,0.0,0.0,0.0,0.0,0.0
b0306,0.0,0.0,0.0,0.0,0.0,0.0,0.0,0.0,0.0,0.0,0.0,0.0,0.0,0.0,0.0,0.0,0.0,0.0,0.0
b0307,0.0,0.0,0.0,0.0,0.0,0.0,0.0,0.0,0.0,0.0,0.0,0.0,0.0,0.0,0.0,0.0,0.0,0.0,0.0
b0308,0.0,0.0,0.0,0.0,0.0,0.0,0.0,0.0,0.0,0.0,0.0,0.0,0.0,0.0,0.0,0.0,0.0,0.0,0.0
b0311,0.0,0.0,0.0,0.0,0.0,0.0,0.0,0.0,0.0,0.0,0.0,0.0,0.0,0.0,0.0,0.0,0.0,0.0,0.0
b0312,0.0,0.0,0.0,0.0,0.0,0.0,0.0,0.0,0.0,0.0,0.0,0.0,0.0,0.0,0.0,0.0,0.0,0.0,0.0
b0314,0.0,0.0,0.0,0.0,0.0,0.0,0.0,0.0,0.0,0.0,0.0,0.0,0.0,0.0,0.0,0.0,0.0,0.0,0.0
b0323,0.0,0.0,0.0,0.0,0.0,0.0,0.0,0.0,0.0,0.0,0.0,0.0,0.0,0.0,0.0,0.0,0.0,0.0,0.0
b0331,0.0,0.0,0.0,0.0,0.0,0.0,0.0,0.0,0.0,0.0,0.0,0.0,0.0,0.0,0.0,0.0,0.0,0.0,0.0
b0333,0.0,0.0,0.0,0.0,0.0,0.0,0.0,0.0,0.0,0.0,0.0,0.0,0.0,0.0,0.0,0.0,0.0,0.0,0.0
b0334,0.0,0.0,0.0,0.0,0.0,0.0,0.0,0.0,0.0,0.0,0.0,0.0,0.0,0.0,0.0,0.0,0.0,0.0,0.0
b0336,0.0,0.0,0.0,3.0476040360958694e-06,0.0,0.0,0.0,0.0,0.0,0.0,0.0,0.0,0.0,0.0,0.0,0.0,0.0,0.0,0.0
b0337,0.0,0.0,0.0,2.857038970001447e-06,0.0,0.0,0.0,0.0,0.0,0.0,0.0,0.0,0.0,0.0,0.0,0.0,0.0,0.0,0.0
b0339,3.679022712176228e-06,5.675084946722264e-07,2.912608985356915e-07,7.701822746505129e-07,2.0365029209581416e-06,1.6285314872571562e-06,3.3271558960400397e-07,6.50850712761858e-07,1.6944105055992853e-06,1.9006637155107368e-06,7.595277082760292e-07,4.265527427820058e-07,9.484278552325078e-07,1.6177794668802625e-06,1.6061292138773084e-06,8.019514469912547e-07,4.998056553277288e-07,1.4127429731979126e-06,1.9339659072548797e-07
b0340,0.0,0.0,0.0,0.0,0.0,0.0,0.0,0.0,0.0,0.0,0.0,0.0,0.0,0.0,0.0,0.0,0.0,0.0,0.0
b0341,0.0,0.0,0.0,0.0,0.0,0.0,0.0,0.0,0.0,0.0,0.0,0.0,0.0,0.0,0.0,0.0,0.0,0.0,0.0
b0343,0.0,0.0,0.0,0.0,0.0,0.0,0.0,0.0,0.0,0.0,0.0,0.0,0.0,0.0,0.0,0.0,0.0,0.0,0.0
b0344,0.0,0.0,0.0,0.0,0.0,0.0,0.0,0.0,0.0,0.0,0.0,0.0,0.0,0.0,0.0,0.0,0.0,0.0,0.0
b0347,0.0,0.0,0.0,0.0,0.0,0.0,0.0,0.0,0.0,0.0,0.0,0.0,0.0,0.0,0.0,0.0,0.0,0.0,0.0
b0348,0.0,0.0,0.0,0.0,0.0,0.0,0.0,0.0,0.0,0.0,0.0,0.0,0.0,0.0,0.0,0.0,0.0,0.0,0.0
b0349,0.0,0.0,0.0,0.0,0.0,0.0,0.0,0.0,0.0,0.0,0.0,0.0,0.0,0.0,0.0,0.0,0.0,0.0,0.0
b0350,0.0,0.0,0.0,0.0,0.0,0.0,0.0,0.0,0.0,0.0,0.0,0.0,0.0,0.0,0.0,0.0,0.0,0.0,0.0
b0351,6.067729199980328e-10,3.6092822719688305e-10,1.6157977979884142e-11,6.876843493930422e-11,2.783453151301091e-10,2.0216266906102932e-10,1.9372182956892697e-11,4.662024195830392e-10,2.1440068754143282e-10,2.538481131376953e-10,6.629372790498745e-11,2.753643758203254e-11,9.327689173812213e-11,2.0020648418219166e-10,1.9806907485812044e-10,7.0768098800765e-11,3.4965757120308654e-11,1.6700058155416116e-10,4.8476593930889055e-11
b0352,0.0,0.0,0.0,0.0,0.0,0.0,0.0,0.0,0.0,0.0,0.0,0.0,0.0,0.0,0.0,0.0,0.0,0.0,0.0
b0353,0.0,0.0,0.0,0.0,0.0,0.0,0.0,0.0,0.0,0.0,0.0,0.0,0.0,0.0,0.0,0.0,0.0,0.0,0.0
b0355,0.0,0.0,0.0,0.0,0.0,0.0,0.0,0.0,0.0,0.0,0.0,0.0,0.0,0.0,0.0,0.0,0.0,0.0,0.0
b0356,0.0,0.0,0.0,0.0,0.0,0.0,0.0,0.0,0.0,0.0,0.0,0.0,0.0,0.0,0.0,0.0,0.0,0.0,0.0
b0365,0.0,0.0,0.0,0.0,0.0,0.0,0.0,0.0,0.0,0.0,0.0,0.0,0.0,0.0,0.0,0.0,0.0,0.0,0.0
b0366,0.0,0.0,0.0,0.0,0.0,0.0,0.0,0.0,0.0,0.0,0.0,0.0,0.0,0.0,0.0,0.0,0.0,0.0,0.0
b0367,0.0,0.0,0.0,0.0,0.0,0.0,0.0,0.0,0.0,0.0,0.0,0.0,0.0,0.0,0.0,0.0,0.0,0.0,0.0
b0368,0.0,0.0,0.0,0.0,0.0,0.0,0.0,0.0,0.0,0.0,0.0,0.0,0.0,0.0,0.0,0.0,0.0,0.0,0.0
b0369,1.6698641830310464e-10,9.916392194615636e-11,3.5649417416610062e-12,1.8897552472006295e-11,7.467752008510511e-11,6.0629716870947e-11,5.731086793709694e-12,1.277790106713718e-10,5.6858658453700674e-11,6.977225967199852e-11,1.8390326605259352e-11,8.245304874011817e-12,2.2770127107391138e-11,5.976847255943393e-11,5.6934515053784194e-11,2.028166896985195e-11,1.0768409851700864e-11,4.7025163573066926e-11,1.29001037683834e-11
b0381,1.4503563613364407e-07,1.166515518890464e-07,2.0180380462283926e-08,4.735857506404704e-08,1.0071919175947501e-07,8.595617916234925e-08,2.283881899307824e-08,1.337532595510634e-07,8.953730598046394e-08,9.50460291215944e-08,4.735857506404704e-08,2.864901454491734e-08,5.701482773432053e-08,8.595617916234925e-08,8.595617916234925e-08,5.0026149122438585e-08,3.288789935003267e-08,7.732310558296567e-08,3.979435821353953e-08
b0383,0.0,0.0,0.0,0.0,0.0,0.0,0.0,0.0,0.0,0.0,0.0,0.0,0.0,0.0,0.0,0.0,0.0,0.0,0.0
b0386,5.931757295063588e-05,3.761261871415551e-05,2.278309382288201e-06,8.715705636613342e-06,3.0115028063395367e-05,2.2722583343834544e-05,0.0,4.687254011136358e-05,2.3663136847027955e-05,2.7750938272343217e-05,8.334596104194945e-06,3.7425714373618957e-06,1.1288289074657145e-05,2.25217452327355e-05,2.2157714122059946e-05,8.796956121519448e-06,4.671258332352272e-06,1.915887916323985e-05,6.290191549910187e-06
b0388,0.0,0.0,0.0,0.0,0.0,0.0,0.0,0.0,0.0,0.0,0.0,0.0,0.0,0.0,0.0,0.0,0.0,0.0,0.0
b0394,0.0,0.0,0.0,0.0,0.0,0.0,0.0,0.0,0.0,0.0,0.0,0.0,0.0,0.0,0.0,0.0,0.0,0.0,0.0
b0401,0.0,0.0,0.0,0.0,0.0,0.0,0.0,0.0,0.0,0.0,0.0,0.0,0.0,0.0,0.0,0.0,0.0,0.0,0.0
b0403,0.0,0.0,0.0,0.0,0.0,0.0,0.0,0.0,0.0,0.0,0.0,0.0,0.0,0.0,0.0,0.0,0.0,0.0,0.0
b0404,0.0,0.0,0.0,0.0,0.0,0.0,0.0,0.0,0.0,0.0,0.0,0.0,0.0,0.0,0.0,0.0,0.0,0.0,0.0
b0405,2.729061912478372e-10,1.6233346042940538e-10,7.267318766913494e-12,3.092974494877104e-11,1.2519042511667022e-10,9.09260156602265e-11,8.712960800786875e-12,2.0968227566804698e-10,9.643026758352986e-11,1.1417240194582697e-10,2.981670438791047e-11,1.2384969818809097e-11,4.1952830155588175e-11,9.004618904459255e-11,8.908485372697195e-11,3.1829126958451e-11,1.5726429583955918e-11,7.511128322646255e-11,2.1803152675946456e-11
b0406,1.6374371474870232e-09,9.740007625764323e-10,4.3603912601480964e-11,1.8557846969262625e-10,7.511425507000214e-10,5.455560939613589e-10,5.227776480472125e-11,1.258093654008282e-09,5.785816055011791e-10,6.850344116749618e-10,1.789002263274628e-10,7.430981891285458e-11,2.5171698093352903e-10,5.402771342675553e-10,5.345091223618317e-10,1.90974761750706e-10,9.43585775037355e-11,4.5066769935877527e-10,1.3081891605567873e-10
b0408,1.2259718677998129e-05,7.722553419605051e-06,7.730283243265424e-07,2.2930299370501308e-06,6.572697039137145e-06,4.967368942226527e-06,8.303841593052834e-07,9.193010087514582e-06,5.449864953710486e-06,6.254520234842549e-06,2.2565586275536297e-06,1.097477225436731e-06,2.9854930024565256e-06,5.250684234340282e-06,5.041183212364282e-06,2.283401345193619e-06,1.3522580574454302e-06,4.540724029356619e-06,1.6980939564312035e-06
b0409,1.2259718677998129e-05,7.722553419605051e-06,7.730283243265424e-07,2.2930299370501308e-06,6.572697039137145e-06,4.967368942226527e-06,8.303841593052834e-07,9.193010087514582e-06,5.449864953710486e-06,6.254520234842549e-06,2.2565586275536297e-06,1.097477225436731e-06,2.9854930024565256e-06,5.250684234340282e-06,5.041183212364282e-06,2.283401345193619e-06,1.3522580574454302e-06,4.540724029356619e-06,1.6980939564312035e-06
b0411,0.0,0.0,0.0,0.0,0.0,0.0,0.0,9.713019955669023e-06,0.0,0.0,0.0,0.0,0.0,0.0,0.0,0.0,0.0,0.0,0.0
b0414,5.564409565236887e-06,4.058968476066837e-06,5.651714147198755e-07,1.445570918921396e-06,3.529600893803589e-06,2.8595029628223896e-06,6.532605852790225e-07,4.822238400046718e-06,2.9168506165204242e-06,3.201567512579762e-06,1.4077600716042653e-06,8.221365313983702e-07,1.6980224544826925e-06,2.8353154941086903e-06,2.811763836815398e-06,1.5001756870521085e-06,9.620084346490718e-07,2.5001684992361646e-06,1.1555362949156546e-06
b0415,9.371498991419659e-09,6.836056644231793e-09,9.518536119476056e-10,2.434609862892206e-09,5.9445033347372034e-09,4.815933985066163e-09,1.1002121328960715e-09,8.12154493169467e-09,4.912518083071633e-09,5.3920342065665135e-09,2.3709293747212873e-09,1.3846305855958474e-09,2.859785127789213e-09,4.775197796258002e-09,4.735532431948868e-09,2.5265744322619105e-09,1.6202008441963384e-09,4.210748021739743e-09,1.9461376980595887e-09
b0416,1.1178264472768155e-09,6.661120699434072e-10,2.8910534695192015e-11,1.251642965109687e-10,5.116480003231481e-10,3.722644821685664e-10,3.491117141006754e-11,8.616634527690905e-10,3.9365238306112396e-10,4.6519128569384407e-10,1.205071847946085e-10,4.986789567415794e-11,1.6989810706453922e-10,3.6867607371414697e-10,3.636890918165621e-10,1.293384813842963e-10,6.337256432462211e-11,3.0621784338520445e-10,8.803652368371228e-11
b0417,5.338998558871051e-07,3.672157871858472e-07,2.583805564395646e-08,9.289091396963293e-08,3.210954571147459e-07,2.319499871110414e-07,3.113276099632789e-08,4.753056987167135e-07,2.43336597602329e-07,2.657552973330331e-07,9.294096869135384e-08,4.397271831532983e-08,1.2403768737940826e-07,2.3290927562523938e-07,2.2879736131849447e-07,1.0048904166184487e-07,5.445076340313156e-08,1.9547123986880782e-07,7.416422799051436e-08
b0418,3.201307445610003e-08,2.5707065352326694e-08,4.436879528214468e-09,1.0419438206081327e-08,2.2192005659369227e-08,1.8926867849178004e-08,5.021179266580146e-09,2.948647329585955e-08,1.9717715456307012e-08,2.0941133503465146e-08,1.0419185189362856e-08,6.299338414964196e-09,1.2547944847058603e-08,1.8929967173277948e-08,1.8928635307045373e-08,1.1005149925940877e-08,7.23240177529917e-09,1.702560454569614e-08,8.752507146424449e-09
b0420,4.469153581777342e-05,3.5343922941512316e-05,5.8822822929959686e-06,1.3961636245147697e-05,3.0371584544531324e-05,2.607539649307777e-05,6.664753698050258e-06,4.0809821398371455e-05,2.6864123403937946e-05,2.8583888141772505e-05,1.3951257893325321e-05,8.427428312363572e-06,1.6911269653747866e-05,2.573992447216794e-05,2.572015668652203e-05,1.4760525772579802e-05,9.67483544379945e-06,2.3069715901775204e-05,1.1689984201002268e-05
b0421,3.4075181173262865e-09,2.733886111380337e-09,4.705995762695724e-10,1.1059332914299106e-09,2.3583309744542886e-09,2.0129064482649274e-09,5.327034323511242e-10,3.1371430049127563e-09,2.094630363597327e-09,2.225641443564546e-09,1.1058378915096167e-09,6.684498512306097e-10,1.3310653411076637e-09,2.012687335463488e-09,2.0118783230805507e-09,1.1683398816113135e-09,7.676649858428419e-10,1.8088838372957714e-09,9.286265721636647e-10
b0423,9.724022002323513e-10,5.843656819773498e-10,2.6231820044706104e-11,1.119245578959888e-10,4.530819954966808e-10,3.287694826857336e-10,3.172632277612733e-11,7.570945696733022e-10,3.471853711174649e-10,4.085258062788582e-10,1.0804394359450696e-10,4.523803150413555e-11,1.5162889410244812e-10,3.2612007061318135e-10,3.2130715197081227e-10,1.1605512596057749e-10,5.736277343490308e-11,2.70920553847877e-10,7.968088898826193e-11
b0425,3.390027937442375e-09,2.736833959496254e-09,4.720913158372836e-10,1.1110547000722497e-09,2.3637361457627482e-09,2.018310719012612e-09,5.345336520138539e-10,3.1358249149860915e-09,2.102870527143282e-09,2.2304506209594143e-09,1.1113136534614792e-09,6.711450072844047e-10,1.3385026271982688e-09,2.0185528105396643e-09,2.018866486627666e-09,1.1743010996698566e-09,7.708183277625449e-10,1.8155731380262917e-09,9.333185033320562e-10
b0428,1.676007451768536e-11,1.0105378692428388e-11,5.737624585163971e-13,2.1182911256122293e-12,7.648475048972712e-12,6.65213255183059e-12,7.041970928417169e-13,1.2811470343762769e-11,5.862827468895008e-12,7.29101353325548e-12,2.070711116829298e-12,9.963926791842855e-13,2.368664296455195e-12,6.542851653221817e-12,6.139362675798411e-12,2.2937210771161116e-12,1.299346182069672e-12,5.058934736339731e-12,1.4484904270591365e-12
b0429,2.180523936305007e-06,1.4659852743209073e-06,2.0011964747345167e-07,4.822903903276456e-07,1.194100866526687e-06,1.1242026858069182e-06,2.3087647434369276e-07,1.7356776197475612e-06,9.707946575713257e-07,1.1717722017097626e-06,4.714574218417486e-07,2.916741623321878e-07,4.91509459809604e-07,1.1057343406911e-06,1.03754517149181e-06,5.081177238084874e-07,3.5500059632643753e-07,9.014189997480533e-07,3.597718273971095e-07
b0430,2.180523936305007e-06,1.4659852743209073e-06,2.0011964747345167e-07,4.822903903276456e-07,1.194100866526687e-06,1.1242026858069182e-06,2.3087647434369276e-07,1.7356776197475612e-06,9.707946575713257e-07,1.1717722017097626e-06,4.714574218417486e-07,2.916741623321878e-07,4.91509459809604e-07,1.1057343406911e-06,1.03754517149181e-06,5.081177238084874e-07,3.5500059632643753e-07,9.014189997480533e-07,3.597718273971095e-07
b0431,2.180523936305007e-06,1.4659852743209073e-06,2.0011964747345167e-07,4.822903903276456e-07,1.194100866526687e-06,1.1242026858069182e-06,2.3087647434369276e-07,1.7356776197475612e-06,9.707946575713257e-07,1.1717722017097626e-06,4.714574218417486e-07,2.916741623321878e-07,4.91509459809604e-07,1.1057343406911e-06,1.03754517149181e-06,5.081177238084874e-07,3.5500059632643753e-07,9.014189997480533e-07,3.597718273971095e-07
b0432,2.180523936305007e-06,1.4659852743209073e-06,2.0011964747345167e-07,4.822903903276456e-07,1.194100866526687e-06,1.1242026858069182e-06,2.3087647434369276e-07,1.7356776197475612e-06,9.707946575713257e-07,1.1717722017097626e-06,4.714574218417486e-07,2.916741623321878e-07,4.91509459809604e-07,1.1057343406911e-06,1.03754517149181e-06,5.081177238084874e-07,3.5500059632643753e-07,9.014189997480533e-07,3.597718273971095e-07
b0433,0.0,0.0,0.0,0.0,0.0,0.0,0.0,0.0,0.0,0.0,0.0,0.0,0.0,0.0,0.0,0.0,0.0,0.0,0.0
b0436,6.881797817058582e-05,4.5619220133336694e-05,4.698087190982779e-06,1.3356481185921399e-05,3.76706684645223e-05,2.962235272701723e-05,5.33709207956277e-06,5.5182966279386625e-05,3.069693626950275e-05,3.5254806173868566e-05,1.2852511830618529e-05,6.811464023703364e-06,1.652995972463623e-05,2.931856067764909e-05,2.8932897136347975e-05,1.3418295030629333e-05,8.08821585901841e-06,2.5679448939823602e-05,1.0228986979587574e-05
b0444,1.773890243110945e-06,1.0551674927911367e-06,4.7237571984937794e-08,2.010433421670121e-07,8.13737763258358e-07,5.910191017914733e-07,5.663424520511479e-08,1.3629347918423078e-06,6.267967392929452e-07,7.421206126478765e-07,1.9380857852141838e-07,8.050230382225927e-08,2.7269339601132364e-07,5.853002287898526e-07,5.790515492253187e-07,2.0688932522993187e-07,1.0222179229571363e-07,4.882233409720074e-07,1.417204923936522e-07
b0446,0.0,0.0,0.0,0.0,0.0,0.0,0.0,0.0,0.0,0.0,0.0,0.0,0.0,0.0,0.0,0.0,0.0,0.0,0.0
b0451,0.0,0.0,0.0,0.0,0.0,0.0,0.0,0.0,0.0,0.0,0.0,0.0,0.0,0.0,0.0,0.0,0.0,0.0,0.0
b0452,4.8494874007281594e-06,6.977760880228588e-06,2.3506023886709574e-06,4.668867345401993e-06,6.737679202132416e-06,6.585195608164544e-06,2.627567923371507e-06,6.8794589067394764e-06,6.8365727703033615e-06,6.531269796651368e-06,4.768298754610018e-06,3.224188912349349e-06,5.394782668189334e-06,6.654197746055926e-06,6.743598070637816e-06,5.034352712278521e-06,3.605744226685194e-06,6.2755945419290055e-06,4.1968327985536054e-06
b0459,0.0,0.0,0.0,0.0,0.0,0.0,0.0,0.0,0.0,0.0,0.0,0.0,0.0,0.0,0.0,0.0,0.0,0.0,0.0
b0462,0.0,0.0,0.0,0.0,0.0,0.0,0.0,0.0,0.0,0.0,0.0,0.0,0.0,0.0,0.0,0.0,0.0,0.0,0.0
b0463,0.0,0.0,0.0,0.0,0.0,0.0,0.0,0.0,0.0,0.0,0.0,0.0,0.0,0.0,0.0,0.0,0.0,0.0,0.0
b0469,0.0,0.0,0.0,0.0,0.0,0.0,0.0,0.0,0.0,0.0,0.0,0.0,0.0,0.0,0.0,0.0,0.0,0.0,0.0
b0474,0.00015123279144283415,9.993767391216662e-05,9.700597412165656e-06,2.9430881986923587e-05,8.138002389325311e-05,6.582361121416822e-05,1.1366340574103088e-05,0.00011697771629509786,6.798120224249785e-05,7.77291027109592e-05,2.8519848028094045e-05,1.4890514978088445e-05,3.671012616507253e-05,6.532651711333604e-05,6.472865223066896e-05,2.9796210535346922e-05,1.7765816506668528e-05,5.684268665485923e-05,2.155748832726893e-05
b0475,9.55385469227639e-12,5.760434987088596e-12,3.2706555992723333e-13,1.2075033191936408e-12,4.3599101637812085e-12,3.791958545702708e-12,4.014180660494084e-13,7.30300607730362e-12,3.3420258164487604e-12,4.156144042357366e-12,1.1803809761700648e-12,5.679802236755985e-13,1.3502251722829034e-12,3.729664441649178e-12,3.499660985747433e-12,1.3075047997104858e-12,7.406747866997041e-13,2.8837775940494003e-12,8.256924543308979e-13
b0477,0.0,0.0,0.0,0.0,0.0,0.0,0.0,0.0,0.0,0.0,0.0,0.0,0.0,0.0,0.0,0.0,0.0,0.0,0.0
b0480,0.0,0.0,0.0,0.0,0.0,0.0,0.0,0.0,0.0,0.0,0.0,0.0,0.0,0.0,0.0,0.0,0.0,0.0,0.0
b0484,0.0,0.0,0.0,0.0,0.0,0.0,0.0,0.0,0.0,0.0,0.0,0.0,0.0,0.0,0.0,0.0,0.0,0.0,0.0
b0485,0.0,0.0,0.0,0.0,0.0,0.0,0.0,0.0,0.0,0.0,0.0,0.0,0.0,0.0,0.0,0.0,0.0,0.0,0.0
b0494,0.0,0.0,0.0,0.0,0.0,0.0,0.0,0.0,0.0,0.0,0.0,0.0,0.0,0.0,0.0,0.0,0.0,0.0,0.0
b0505,0.0,1.0612894437580241e-05,0.0,0.0,0.0,0.0,0.0,1.294886580694507e-05,0.0,0.0,0.0,0.0,0.0,0.0,0.0,0.0,0.0,0.0,2.2969029346617164e-06
b0507,0.0,0.0,0.0,0.0,0.0,9.031037186710527e-10,5.11289133174744e-12,0.0,6.030709541719997e-11,0.0,0.0,2.8945830166325453e-10,2.566432384734048e-11,0.0,0.0,1.9437899664192442e-11,9.386084737542433e-12,0.0,0.0
b0508,0.0,0.0,0.0,0.0,0.0,0.0,0.0,0.0,0.0,0.0,0.0,0.0,0.0,0.0,0.0,0.0,0.0,0.0,0.0
b0509,0.0,0.0,0.0,0.0,0.0,0.0,0.0,0.0,0.0,0.0,0.0,0.0,0.0,0.0,0.0,0.0,0.0,0.0,0.0
b0511,0.0,0.0,0.0,0.0,0.0,0.0,0.0,0.0,0.0,0.0,0.0,0.0,0.0,0.0,0.0,0.0,0.0,0.0,0.0
b0512,0.0,7.0619639126623915e-06,0.0,0.0,0.0,0.0,0.0,8.616350947084663e-06,0.0,0.0,0.0,0.0,0.0,0.0,0.0,0.0,0.0,0.0,1.5283903680443767e-06
b0514,0.0,0.0,0.0,0.0,0.0,0.0,0.0,0.0,0.0,0.0,0.0,0.0,0.0,0.0,0.0,0.0,0.0,0.0,0.0
b0516,0.0,6.315191139964673e-06,0.0,0.0,0.0,0.0,0.0,7.705208329129086e-06,0.0,0.0,0.0,0.0,0.0,0.0,0.0,0.0,0.0,0.0,1.3667695601466647e-06
b0517,0.0,0.0,0.0,0.0,0.0,0.0,0.0,0.0,0.0,0.0,0.0,0.0,0.0,0.0,0.0,0.0,0.0,0.0,0.0
b0521,0.0,0.0,0.0,0.0,0.0,0.0,0.0,0.0,0.0,0.0,0.0,0.0,0.0,0.0,0.0,0.0,0.0,0.0,0.0
b0522,4.524970711726845e-06,0.0,2.9406813870561514e-07,8.218819504210076e-07,2.3539505706444865e-06,1.8424467756162132e-06,3.374986560866861e-07,0.0,1.916194873587729e-06,2.1892371159702e-06,8.056757753510172e-07,4.3733858449449706e-07,1.0216972425194767e-06,1.8260903769256512e-06,1.8083685512905351e-06,8.505070685727691e-07,5.174672854546782e-07,1.5779724686926307e-06,0.0
b0523,4.429415260632564e-05,0.0,2.878581949431842e-06,8.045259705656692e-06,2.3042413409143043e-05,1.803539157428774e-05,3.3037157430414575e-06,0.0,1.8757298900121004e-05,2.1430062001265382e-05,7.886620271846735e-06,4.281031466575175e-06,1.0001216905191689e-05,1.787528162754e-05,1.7701805753517173e-05,8.325466016937844e-06,5.065397407172041e-06,1.5446498505661725e-05,0.0
b0524,2.7234664092923576e-09,2.1904725737121507e-09,3.789454080452768e-10,8.892951540546473e-10,1.8912961175641363e-09,1.6140775664545089e-09,4.2886533278098346e-10,2.511606934898551e-09,1.6813236506345675e-09,1.7847659689013406e-09,8.892951540546473e-10,5.379686734404656e-10,1.0706194167544471e-09,1.6140775664545089e-09,1.6140775664545089e-09,9.393866249234661e-10,6.175660792046161e-10,1.4519664706632972e-09,7.472549558375856e-10
b0526,1.3146874503627538e-07,8.498738730691317e-08,5.975347634706145e-09,2.0905286787135515e-08,6.847236621475979e-08,5.230676634443638e-08,7.0303229856951325e-09,1.0535738828984132e-07,5.444148569078333e-08,6.346498808219387e-08,2.0092950137176156e-08,9.527371766900236e-09,2.6817594742465068e-08,5.1442656081665916e-08,5.0851889543094105e-08,2.1144422046890572e-08,1.1721645091149498e-08,4.429433588477328e-08,1.5465706541879766e-08
b0529,8.083920996154758e-06,1.9129048064478494e-06,3.9485693631486844e-07,1.21329751966877e-06,4.0345843370355116e-06,4.555495470597695e-06,4.172072963883526e-07,2.434664667448244e-06,3.200191687698897e-06,3.729052222441104e-06,2.009622437477458e-06,1.0360531108366264e-06,1.5619003623566863e-06,3.0305192043645226e-06,2.9948579907565734e-06,1.2377422503604767e-06,1.2325149821608268e-06,4.019811053083075e-06,2.03427499225095e-07
b0572,0.0,0.0,0.0,0.0,0.0,0.0,0.0,0.0,0.0,0.0,0.0,0.0,0.0,0.0,0.0,0.0,0.0,0.0,0.0
b0573,0.0,0.0,0.0,0.0,0.0,0.0,0.0,0.0,0.0,0.0,0.0,0.0,0.0,0.0,0.0,0.0,0.0,0.0,0.0
b0574,0.0,0.0,0.0,0.0,0.0,0.0,0.0,0.0,0.0,0.0,0.0,0.0,0.0,0.0,0.0,0.0,0.0,0.0,0.0
b0575,0.0,0.0,0.0,0.0,0.0,0.0,0.0,0.0,0.0,0.0,0.0,0.0,0.0,0.0,0.0,0.0,0.0,0.0,0.0
b0576,0.0,0.0,0.0,0.0,0.0,0.0,0.0,0.0,0.0,0.0,0.0,0.0,0.0,0.0,0.0,0.0,0.0,0.0,0.0
b0578,0.0,0.0,0.0,0.0,0.0,0.0,0.0,0.0,0.0,0.0,0.0,0.0,0.0,0.0,0.0,0.0,0.0,0.0,0.0
b0583,0.0,0.0,0.0,0.0,0.0,0.0,0.0,0.0,0.0,0.0,0.0,0.0,0.0,0.0,0.0,0.0,0.0,0.0,0.0
b0584,0.0,0.0,0.0,0.0,0.0,0.0,0.0,0.0,0.0,0.0,0.0,0.0,0.0,0.0,0.0,0.0,0.0,0.0,0.0
b0585,0.0,0.0,0.0,0.0,0.0,0.0,0.0,0.0,0.0,0.0,0.0,0.0,0.0,0.0,0.0,0.0,0.0,0.0,0.0
b0586,0.0,0.0,0.0,0.0,0.0,0.0,0.0,0.0,0.0,0.0,0.0,0.0,0.0,0.0,0.0,0.0,0.0,0.0,0.0
b0588,0.0,0.0,0.0,0.0,0.0,0.0,0.0,0.0,0.0,0.0,0.0,0.0,0.0,0.0,0.0,0.0,0.0,0.0,0.0
b0589,0.0,0.0,0.0,0.0,0.0,0.0,0.0,0.0,0.0,0.0,0.0,0.0,0.0,0.0,0.0,0.0,0.0,0.0,0.0
b0590,0.0,0.0,0.0,0.0,0.0,0.0,0.0,0.0,0.0,0.0,0.0,0.0,0.0,0.0,0.0,0.0,0.0,0.0,0.0
b0591,0.0,0.0,0.0,0.0,0.0,0.0,0.0,0.0,0.0,0.0,0.0,0.0,0.0,0.0,0.0,0.0,0.0,0.0,0.0
b0592,0.0,0.0,0.0,0.0,0.0,0.0,0.0,0.0,0.0,0.0,0.0,0.0,0.0,0.0,0.0,0.0,0.0,0.0,0.0
b0593,0.0,0.0,0.0,0.0,0.0,0.0,0.0,0.0,0.0,0.0,0.0,0.0,0.0,0.0,0.0,0.0,0.0,0.0,0.0
b0594,0.0,0.0,0.0,0.0,0.0,0.0,0.0,0.0,0.0,0.0,0.0,0.0,0.0,0.0,0.0,0.0,0.0,0.0,0.0
b0595,0.0,0.0,0.0,0.0,0.0,0.0,0.0,0.0,0.0,0.0,0.0,0.0,0.0,0.0,0.0,0.0,0.0,0.0,0.0
b0596,0.0,0.0,0.0,0.0,0.0,0.0,0.0,0.0,0.0,0.0,0.0,0.0,0.0,0.0,0.0,0.0,0.0,0.0,0.0
b0604,0.0,0.0,0.0,0.0,0.0,0.0,0.0,0.0,0.0,0.0,0.0,0.0,0.0,0.0,0.0,0.0,0.0,0.0,0.0
b0612,0.0,0.0,0.0,0.0,0.0,0.0,0.0,0.0,0.0,0.0,0.0,0.0,0.0,0.0,0.0,0.0,0.0,0.0,0.0
b0613,0.0,0.0,0.0,0.0,0.0,0.0,0.0,0.0,0.0,0.0,0.0,0.0,0.0,0.0,0.0,0.0,0.0,0.0,0.0
b0615,0.0,0.0,0.0,0.0,0.0,0.0,0.0,0.0,0.0,0.0,0.0,0.0,0.0,0.0,0.0,0.0,0.0,0.0,0.0
b0616,0.0,0.0,0.0,0.0,0.0,0.0,0.0,0.0,0.0,0.0,0.0,0.0,0.0,0.0,0.0,0.0,0.0,0.0,0.0
b0617,0.0,0.0,0.0,0.0,0.0,0.0,0.0,0.0,0.0,0.0,0.0,0.0,0.0,0.0,0.0,0.0,0.0,0.0,0.0
b0621,0.0,0.0,0.0,0.0,0.0,0.0,0.0,0.0,0.0,0.0,0.0,0.0,0.0,0.0,0.0,0.0,0.0,0.0,0.0
b0622,0.0,0.0,0.0,0.0,0.0,0.0,0.0,0.0,0.0,0.0,0.0,0.0,0.0,0.0,0.0,0.0,0.0,0.0,0.0
b0627,0.0,0.0,0.0,0.0,0.0,0.0,0.0,0.0,0.0,0.0,2.2252468584204337e-09,0.0,0.0,0.0,0.0,0.0,0.0,5.879699777364724e-09,1.3731871214115598e-09
b0628,1.2402814908931184e-11,9.47930752017286e-12,9.88782704976622e-13,3.167961747782998e-12,9.270217924499473e-12,5.5097194418306255e-12,9.578066998910503e-13,1.15039867863496e-11,7.017724373319884e-12,7.613353909547694e-12,1.020747074067706e-11,1.3014436000274812e-12,3.93874911963495e-12,7.1615131562579804e-12,7.0521934561198825e-12,3.0603389523478238e-12,1.5868364026439262e-12,7.171834785215427e-12,2.306629817291323e-12
b0630,3.10070894471434e-12,2.3698304563320903e-12,2.471958313810619e-13,7.919911984901972e-13,2.317557730805174e-12,1.3774316447647158e-12,2.394518348743771e-13,2.8760013439324867e-12,1.754433412885665e-12,1.9033410700327025e-12,2.5518701389371094e-12,3.25361143322585e-13,9.846883188021828e-13,1.7903806083002774e-12,1.7630506478628773e-12,7.650854942092646e-13,3.9670941854457996e-13,1.7929608991704582e-12,5.766579625694466e-13
b0632,0.0,0.0,0.0,0.0,0.0,0.0,0.0,0.0,0.0,0.0,0.0,0.0,0.0,0.0,0.0,0.0,0.0,0.0,0.0
b0635,0.0,0.0,0.0,0.0,0.0,0.0,0.0,0.0,0.0,0.0,0.0,0.0,0.0,0.0,0.0,0.0,0.0,0.0,0.0
b0636,4.631979299943273e-10,2.753724292236667e-10,1.1795411216676836e-11,5.1371081484313024e-11,2.1129381350292933e-10,1.5349189180131777e-10,1.4255053631310804e-11,3.566847713571461e-10,1.623395668098702e-10,1.9209349517812984e-10,4.943273781007122e-11,2.0376174429881838e-11,6.975784285503531e-11,1.5191775564807472e-10,1.49919392212914e-10,5.304240556979539e-11,2.5923768778905137e-11,1.2620242000340647e-10,3.6063736145981805e-11
b0638,0.0,0.0,0.0,0.0,0.0,0.0,0.0,0.0,0.0,0.0,0.0,0.0,0.0,0.0,0.0,0.0,0.0,0.0,0.0
b0639,1.5875291187219346e-05,1.2720703916601242e-05,2.184036738758786e-06,5.1354787764576175e-06,1.0970134473816e-05,9.349100272039739e-06,2.4721232606270887e-06,1.4606466599587461e-05,9.739676731177953e-06,1.0348250573982146e-05,5.134695547146574e-06,3.102097444641606e-06,6.186256416768966e-06,9.348807224017648e-06,9.347504343278876e-06,5.42448115650919e-06,3.5621196016765447e-06,8.404440136242039e-06,4.312211594081763e-06
b0642,1.3514946321561426e-06,8.684776465099848e-07,6.096763275917961e-08,2.1352647939223475e-07,6.977963514919111e-07,5.348152403571607e-07,7.203748428256579e-08,1.0740298970993275e-06,5.563848892809688e-07,6.460174982913802e-07,2.0534217042633005e-07,9.681622072251424e-08,2.743091787187441e-07,5.297380861954754e-07,5.219598690014501e-07,2.169280369592676e-07,1.1917506507066946e-07,4.537215413210956e-07,1.5768929950959567e-07
b0650,0.0,0.0,0.0,0.0,0.0,0.0,0.0,0.0,0.0,0.0,0.0,0.0,0.0,0.0,0.0,0.0,0.0,0.0,0.0
b0651,0.0,0.0,0.0,0.0,0.0,0.0,0.0,0.0,0.0,0.0,0.0,0.0,0.0,0.0,0.0,0.0,0.0,0.0,0.0
b0652,0.0,0.0,0.0,0.0,0.0,0.0,0.0,0.0,0.0,0.0,0.0,0.0,0.0,0.0,0.0,0.0,0.0,0.0,0.0
b0653,0.0,0.0,0.0,0.0,0.0,0.0,0.0,0.0,0.0,0.0,0.0,0.0,0.0,0.0,0.0,0.0,0.0,0.0,0.0
b0654,0.0,0.0,0.0,0.0,0.0,0.0,0.0,0.0,0.0,0.0,0.0,0.0,0.0,0.0,0.0,0.0,0.0,0.0,0.0
b0655,0.0,0.0,0.0,0.0,0.0,0.0,0.0,0.0,0.0,0.0,0.0,0.0,0.0,0.0,0.0,0.0,0.0,0.0,0.0
b0657,9.576315466378206e-09,7.689950800141673e-09,1.3272376605615539e-09,3.1168461304989003e-09,6.638464147428218e-09,5.6617385363198975e-09,1.5020237039696957e-09,8.820513964046408e-09,5.898310821249395e-09,6.264281205721925e-09,3.116770443675454e-09,1.884369212144736e-09,3.753562578781031e-09,5.662665660809433e-09,5.66226724949097e-09,3.29205455071551e-09,2.163483581523402e-09,5.092999123185483e-09,2.618204311205077e-09
b0661,2.0356726022782784e-10,1.2027445027377027e-10,4.8281590240951086e-12,2.190849059410264e-11,9.215930414833758e-11,6.663590418485783e-11,5.882415734029254e-12,1.5607555622666241e-10,6.99830077024093e-11,8.34856743390101e-11,2.0902868023192126e-11,8.450867858461864e-12,2.9753940497365776e-11,6.604516335421103e-11,6.472392748815862e-11,2.2488014657404424e-11,1.0832455653256646e-11,5.457841384869185e-11,1.522078204265112e-11
b0662,2.9853879188716825e-40,0.0,0.0,0.0,0.0,0.0,0.0,0.0,0.0,0.0,0.0,0.0,0.0,0.0,0.0,0.0,0.0,0.0,0.0
b0674,9.179629468948792e-07,5.901885157597858e-07,4.49379816476835e-08,1.5081290283980162e-07,4.779258371341127e-07,3.6718898090750443e-07,5.222580798144579e-08,7.25909517070105e-07,0.0,4.4679308341670395e-07,1.4558229695649965e-07,7.004267082247188e-08,1.939984287693862e-07,3.6348055001142696e-07,3.5975536323363085e-07,1.532173503969609e-07,8.557505967724707e-08,3.141813241260711e-07,1.1211501849459792e-07
b0677,0.0,0.0,0.0,0.0,0.0,0.0,0.0,0.0,0.0,3.662164793618813e-05,0.0,0.0,0.0,0.0,0.0,0.0,0.0,0.0,0.0
b0678,0.0,0.0,0.0,0.0,0.0,0.0,0.0,0.0,0.0,5.085089261554584e-05,0.0,0.0,0.0,0.0,0.0,0.0,0.0,0.0,0.0
b0679,0.0,0.0,0.0,0.0,0.0,0.0,0.0,0.0,0.0,0.0,0.0,0.0,0.0,0.0,0.0,0.0,0.0,0.0,0.0
b0680,5.857930224893972e-07,3.779533408399488e-07,2.7337228301599715e-08,9.399196258884045e-08,3.032020340906952e-07,2.3319036481308708e-07,3.229221725422646e-08,4.6596243534408126e-07,2.431286916825486e-07,2.8025935110659425e-07,9.060700665375072e-08,4.3208276614420846e-08,1.2087714978164707e-07,2.3093641052499907e-07,2.2802248995109328e-07,9.553466130652835e-08,5.2921014121537196e-08,1.979657799903738e-07,6.977714884320193e-08
b0684,4.237164775925569e-12,0.0,1.4556636901899493e-13,5.872925791389192e-13,1.994471429072935e-12,0.0,1.978058204187633e-13,0.0,1.5949244269808578e-12,1.8218539344037662e-12,0.0,0.0,7.676366643055178e-13,1.501642369982759e-12,1.4932048262454225e-12,6.33290771001731e-13,0.0,0.0,0.0
b0688,0.0,0.0,0.0,0.0,0.0,0.0,0.0,0.0,0.0,0.0,0.0,0.0,0.0,0.0,0.0,0.0,0.0,0.0,0.0
b0692,0.0,0.0,0.0,0.0,0.0,0.0,0.0,0.0,0.0,0.0,0.0,2.2187491100145843e-06,0.0,0.0,0.0,2.2502956164168216e-06,0.0,0.0,0.0
b0693,0.0,0.0,0.0,0.0,0.0,0.0,0.0,0.0,0.0,0.0,0.0,1.6475215110066773e-06,0.0,0.0,0.0,0.0,0.0,0.0,0.0
b0696,0.0,0.0,0.0,0.0,0.0,0.0,0.0,0.0,0.0,0.0,0.0,0.0,0.0,0.0,0.0,0.0,0.0,0.0,0.0
b0697,0.0,0.0,0.0,0.0,0.0,0.0,0.0,0.0,0.0,0.0,0.0,0.0,0.0,0.0,0.0,0.0,0.0,0.0,0.0
b0698,0.0,0.0,0.0,0.0,0.0,0.0,0.0,0.0,0.0,0.0,0.0,0.0,0.0,0.0,0.0,0.0,0.0,0.0,0.0
b4513,0.0,0.0,0.0,0.0,0.0,0.0,0.0,0.0,0.0,0.0,0.0,0.0,0.0,0.0,0.0,0.0,0.0,0.0,0.0
b0709,0.0,0.0,0.0,0.0,0.0,0.0,0.0,0.0,0.0,0.0,0.0,0.0,0.0,0.0,0.0,0.0,0.0,0.0,0.0
b0720,1.2438073817846347e-05,6.302456512832654e-06,1.04237720580824e-06,3.031607177219815e-06,8.720066520542836e-06,2.469525506399613e-06,0.0,8.102363062371523e-06,4.613247592253382e-06,6.599609881946144e-06,1.87360487855489e-06,5.811272894333462e-07,6.46104615074461e-07,5.316326647274928e-06,5.030713773868435e-06,1.5921517167329365e-06,2.8257506988862013e-07,5.485629425773186e-06,1.1094252114079768e-06
b0721,1.1188543548262384e-05,5.352612984131005e-06,1.0318268756112486e-06,2.9352504334076373e-06,8.287118014157658e-06,6.690667167119166e-06,1.1812619140626852e-06,6.951229332962869e-06,4.057900389226574e-06,6.06801452587192e-06,1.6867835721464918e-06,1.5680043480138187e-06,0.0,4.875235547769064e-06,4.574278575355338e-06,2.476111054003487e-06,2.6860148387083733e-06,5.190883484219462e-06,9.376240388274037e-07
b0722,1.1188543548262384e-05,5.352612984131005e-06,1.0318268756112486e-06,2.9352504334076373e-06,8.287118014157658e-06,6.690667167119166e-06,1.1812619140626852e-06,6.951229332962869e-06,4.057900389226574e-06,6.06801452587192e-06,1.6867835721464918e-06,1.5680043480138187e-06,0.0,4.875235547769064e-06,4.574278575355338e-06,2.476111054003487e-06,2.6860148387083733e-06,5.190883484219462e-06,9.376240388274037e-07
b0723,1.1188543548262384e-05,5.352612984131005e-06,1.0318268756112486e-06,2.9352504334076373e-06,8.287118014157658e-06,6.690667167119166e-06,1.1812619140626852e-06,6.951229332962869e-06,4.057900389226574e-06,6.06801452587192e-06,1.6867835721464918e-06,1.5680043480138187e-06,0.0,4.875235547769064e-06,4.574278575355338e-06,2.476111054003487e-06,2.6860148387083733e-06,5.190883484219462e-06,9.376240388274037e-07
b0724,1.1188543548262384e-05,5.352612984131005e-06,1.0318268756112486e-06,2.9352504334076373e-06,8.287118014157658e-06,6.690667167119166e-06,1.1812619140626852e-06,6.951229332962869e-06,4.057900389226574e-06,6.06801452587192e-06,1.6867835721464918e-06,1.5680043480138187e-06,0.0,4.875235547769064e-06,4.574278575355338e-06,2.476111054003487e-06,2.6860148387083733e-06,5.190883484219462e-06,9.376240388274037e-07
b0726,3.3762843659629927e-06,1.615217164377377e-06,3.1136745911342497e-07,8.857504570980015e-07,2.5007458108526657e-06,5.320546322054974e-07,4.6995095384235236e-07,2.0976196310210045e-06,1.2245228552473174e-06,1.8311012719017815e-06,5.090085643361459e-07,1.5444313274946931e-07,6.89793716094389e-08,1.4711644369162058e-06,1.3803468360241587e-06,7.471987592317575e-07,3.119688524871105e-08,1.5664165260036958e-06,2.8293986914716093e-07
b0727,6.7525687319259854e-06,3.230434328754754e-06,6.227349182268499e-07,1.771500914196003e-06,5.001491621705331e-06,1.0641092644109948e-06,9.399019076847047e-07,4.195239262042009e-06,2.449045710494635e-06,3.662202543803563e-06,1.0180171286722919e-06,3.0888626549893863e-07,1.379587432188778e-07,2.9423288738324117e-06,2.7606936720483173e-06,1.494397518463515e-06,6.23937704974221e-08,3.1328330520073916e-06,5.658797382943219e-07
b0728,1.764034620572963e-05,8.11989663202923e-06,1.701449322520242e-06,4.8000821234192115e-06,1.3460603617311411e-05,2.3192356137608707e-06,2.6010112011927263e-06,1.0626468274735556e-05,6.28102456825136e-06,9.664484529066913e-06,2.6353569215843266e-06,7.425660496042758e-07,0.0,7.745463286540514e-06,7.229678062099725e-06,2.225887668368505e-06,0.0,8.396908536715423e-06,1.3979854747987856e-06
b0729,1.764034620572963e-05,8.11989663202923e-06,1.701449322520242e-06,4.8000821234192115e-06,1.3460603617311411e-05,2.3192356137608707e-06,2.6010112011927263e-06,1.0626468274735556e-05,6.28102456825136e-06,9.664484529066913e-06,2.6353569215843266e-06,7.425660496042758e-07,0.0,7.745463286540514e-06,7.229678062099725e-06,2.225887668368505e-06,0.0,8.396908536715423e-06,1.3979854747987856e-06
b0731,0.0,0.0,0.0,0.0,0.0,0.0,0.0,0.0,0.0,0.0,0.0,0.0,0.0,0.0,0.0,0.0,0.0,0.0,0.0
b0732,0.0,0.0,0.0,0.0,0.0,0.0,0.0,0.0,0.0,0.0,0.0,0.0,0.0,0.0,0.0,0.0,0.0,0.0,0.0
b0733,0.0,0.0,0.0,0.0,0.0,0.0,0.0,0.0,0.0,0.0,0.0,0.0,0.0,0.0,0.0,0.0,0.0,0.0,0.0
b0734,0.0,0.0,0.0,0.0,0.0,0.0,0.0,0.0,0.0,0.0,0.0,0.0,0.0,0.0,0.0,0.0,0.0,0.0,0.0
b0736,0.0,0.0,0.0,0.0,0.0,0.0,0.0,0.0,0.0,0.0,0.0,0.0,0.0,0.0,0.0,0.0,0.0,0.0,0.0
b0750,7.948837060918946e-05,6.369319563389225e-05,1.0935580309500577e-05,2.57135970247479e-05,5.492800758132536e-05,4.681140890723625e-05,1.2378043817585118e-05,7.313530294760656e-05,4.8767044616154625e-05,5.1814204040784454e-05,2.5709675356728465e-05,1.5532355812408986e-05,3.0974892802941927e-05,4.680994160125039e-05,4.6803418012750396e-05,2.7160646280195353e-05,1.7835709576166736e-05,4.208144873904313e-05,2.1591457397113305e-05
b0751,0.0,0.0,0.0,0.0,0.0,0.0,0.0,0.0,0.0,0.0,0.0,0.0,0.0,0.0,0.0,0.0,0.0,0.0,0.0
b0752,0.0,0.0,0.0,0.0,0.0,0.0,0.0,0.0,0.0,0.0,0.0,0.0,0.0,0.0,0.0,0.0,0.0,0.0,0.0
b0754,0.0,0.0,0.0,0.0,0.0,0.0,0.0,0.0,0.0,0.0,0.0,0.0,0.0,0.0,0.0,0.0,0.0,0.0,0.0
b0755,0.0,0.0,0.0,0.0,0.0,0.0,0.0,0.0,0.0,0.0,0.0,0.0,0.0,0.0,0.0,0.0,0.0,0.0,0.0
b0756,0.0,0.0,0.0,0.0,0.0,0.0,0.0,0.0,0.0,0.0,0.0,0.0,0.0,0.0,0.0,0.0,0.0,0.0,0.0
b0757,0.0,0.0,0.0,0.0,0.0,0.0,0.0,0.0,0.0,0.0,0.0,0.0,0.0,0.0,0.0,0.0,0.0,0.0,0.0
b0758,0.0,0.0,0.0,0.0,0.0,0.0,0.0,0.0,0.0,0.0,0.0,0.0,0.0,0.0,0.0,0.0,0.0,0.0,0.0
b0759,0.0,0.0,0.0,0.0,0.0,0.0,0.0,0.0,0.0,0.0,0.0,0.0,0.0,0.0,0.0,0.0,0.0,0.0,0.0
b0763,0.0,0.0,0.0,0.0,0.0,0.0,0.0,0.0,0.0,0.0,9.692910007839836e-15,0.0,0.0,0.0,0.0,0.0,0.0,2.5611271216698578e-14,5.981439381163742e-15
b0764,0.0,0.0,0.0,0.0,0.0,0.0,0.0,0.0,0.0,0.0,1.9385820015679672e-14,0.0,0.0,0.0,0.0,0.0,0.0,5.1222542433397157e-14,1.1962878762327485e-14
b0765,0.0,0.0,0.0,0.0,0.0,0.0,0.0,0.0,0.0,0.0,1.9385820015679672e-14,0.0,0.0,0.0,0.0,0.0,0.0,5.1222542433397157e-14,1.1962878762327485e-14
b0766,0.0,0.0,0.0,0.0,0.0,0.0,0.0,0.0,0.0,0.0,0.0,0.0,0.0,0.0,0.0,0.0,0.0,0.0,0.0
b0767,3.067274190318335e-05,2.7453509927558664e-05,1.580048554799746e-06,8.38994334502818e-06,2.5412325841174467e-05,6.14240133434727e-07,1.278430355675182e-07,3.585308976696552e-05,1.6041388413406946e-06,1.86662400270938e-05,5.510781022764601e-06,1.1204304005096774e-07,1.939339173805472e-06,1.2914869972942605e-05,1.2891869136162355e-06,3.955914478985524e-06,0.0,7.23125520728782e-06,8.008404329606265e-06
b0774,3.3349566429505356e-12,2.4055388076117535e-12,1.7308638043098876e-13,6.222569183280449e-13,1.9299408523067978e-12,1.5215645090243793e-12,2.0839134896599147e-13,2.953480332844085e-12,1.617636674132111e-12,1.7691972946709857e-12,6.222569183280449e-13,2.9277531392324554e-13,8.219669141786691e-13,1.5215645090243793e-12,1.5215645090243793e-12,6.755657718411846e-13,3.601012202266059e-13,1.2981894171253868e-12,4.792954981397872e-13
b0775,3.88276397919278e-12,2.800677919603108e-12,2.0151793116917877e-13,7.244702126472211e-13,2.246957194825694e-12,1.771500052375834e-12,2.4262217173074824e-13,3.438625528719178e-12,1.883353243292684e-12,2.0598095457565764e-12,7.244702126472211e-13,3.408672329521789e-13,9.569850130457953e-13,1.771500052375834e-12,1.771500052375834e-12,7.865356960562517e-13,4.192522411692326e-13,1.5114328750385754e-12,5.580256341563565e-13
b0776,3.6740861214599775e-12,2.6501564169842843e-12,1.906874170311875e-13,6.855338021992494e-13,2.1261952282610885e-12,1.6762913716822958e-12,2.295825238648023e-13,3.253817744181209e-12,1.7821330500822404e-12,1.9491057673014607e-12,6.855338021992494e-13,3.22547436970514e-13,9.055521720400145e-13,1.6762913716822958e-12,1.6762913716822958e-12,7.442635968601733e-13,3.967196690104014e-13,1.4302014182309554e-12,5.280347321804022e-13
b0777,4.127179717054099e-12,2.9769682227236638e-12,2.14199196363973e-13,7.700648226060895e-13,2.3883886313216362e-12,1.883000912814823e-12,2.5789026009367705e-13,3.6550788446864514e-12,2.0018952731564655e-12,2.1894596680817122e-12,7.700648226060895e-13,3.6231835501376093e-13,1.0172146783753165e-12,1.883000912814823e-12,1.883000912814823e-12,8.360368057607487e-13,4.4563664011023106e-13,1.6065627877578774e-12,5.931441813530292e-13
b0778,5.527362130506306e-12,3.986943619420757e-12,2.868736259354258e-13,1.0313295475916644e-12,3.1986868566062737e-12,2.521843294149392e-12,3.453881336162338e-13,4.895102723288895e-12,2.681073444362803e-12,2.9322702436415625e-12,1.0313295475916644e-12,4.852462434098415e-13,1.3623291935635787e-12,2.521843294149392e-12,2.521843294149392e-12,1.119683721176525e-12,5.96832301264546e-13,2.1516210825741e-12,7.94385075841992e-13
b0781,0.0,0.0,0.0,0.0,0.0,0.0,0.0,0.0,0.0,0.0,1.7945539180809988e-10,0.0,0.0,0.0,0.0,0.0,0.0,4.74169336884253e-10,1.1074089688802923e-10
b0783,0.0,0.0,0.0,0.0,0.0,0.0,0.0,0.0,0.0,0.0,1.7945539180809988e-10,0.0,0.0,0.0,0.0,0.0,0.0,4.74169336884253e-10,1.1074089688802923e-10
b0784,0.0,0.0,0.0,0.0,0.0,0.0,0.0,0.0,0.0,0.0,1.6565144945652705e-13,0.0,0.0,0.0,0.0,0.0,0.0,4.376958480458369e-13,1.0222254656235481e-13
b0785,0.0,0.0,0.0,0.0,0.0,0.0,0.0,0.0,0.0,0.0,1.7945539180809988e-10,0.0,0.0,0.0,0.0,0.0,0.0,4.74169336884253e-10,1.1074089688802923e-10
b0789,0.0,0.0,0.0,0.0,0.0,0.0,0.0,0.0,0.0,0.0,0.0,0.0,0.0,0.0,0.0,0.0,0.0,0.0,0.0
b0805,0.0,0.0,0.0,0.0,0.0,0.0,0.0,0.0,0.0,0.0,0.0,0.0,0.0,0.0,0.0,0.0,0.0,0.0,0.0
b0807,2.3159896499716365e-10,1.3768621461183336e-10,5.897705608338418e-12,2.5685540742156512e-11,1.0564690675146466e-10,7.674594590065888e-11,7.127526815655402e-12,1.7834238567857304e-10,8.11697834049351e-11,9.604674758906492e-11,2.471636890503561e-11,1.0188087214940919e-11,3.4878921427517654e-11,7.595887782403736e-11,7.4959696106457e-11,2.6521202784897694e-11,1.2961884389452569e-11,6.310121000170324e-11,1.8031868072990902e-11
b0809,0.0,0.0,0.0,0.0,0.0,0.0,0.0,0.0,0.0,0.0,0.0,0.0,0.0,0.0,0.0,0.0,0.0,0.0,0.0
b0810,0.0,0.0,0.0,0.0,0.0,0.0,0.0,0.0,0.0,0.0,0.0,0.0,0.0,0.0,0.0,0.0,0.0,0.0,0.0
b0811,0.0,0.0,0.0,0.0,0.0,0.0,0.0,0.0,0.0,0.0,0.0,0.0,0.0,0.0,0.0,0.0,0.0,0.0,0.0
b0813,0.0,0.0,0.0,0.0,0.0,0.0,0.0,0.0,0.0,0.0,0.0,0.0,0.0,0.0,0.0,0.0,0.0,0.0,0.0
b0822,0.0,0.0,0.0,0.0,0.0,0.0,0.0,0.0,0.0,0.0,0.0,0.0,0.0,0.0,0.0,0.0,0.0,0.0,0.0
b0825,0.0,0.0,0.0,0.0,0.0,0.0,0.0,0.0,0.0,0.0,0.0,0.0,0.0,0.0,0.0,0.0,0.0,0.0,0.0
b0826,0.0,0.0,0.0,0.0,0.0,0.0,0.0,0.0,0.0,0.0,3.5891216404361794e-10,0.0,0.0,0.0,0.0,0.0,0.0,9.483433344130135e-10,2.2148257464204533e-10
b0827,0.0,0.0,0.0,0.0,0.0,0.0,0.0,0.0,0.0,0.0,1.7945539180809988e-10,0.0,0.0,0.0,0.0,0.0,0.0,4.74169336884253e-10,1.1074089688802923e-10
b0828,0.0,0.0,0.0,0.0,0.0,0.0,0.0,0.0,0.0,0.0,0.0,0.0,0.0,0.0,0.0,0.0,0.0,0.0,0.0
b0829,0.0,0.0,0.0,0.0,0.0,0.0,0.0,0.0,0.0,0.0,0.0,0.0,0.0,0.0,0.0,0.0,0.0,0.0,0.0
b0830,0.0,0.0,0.0,0.0,0.0,0.0,0.0,0.0,0.0,0.0,0.0,0.0,0.0,0.0,0.0,0.0,0.0,0.0,0.0
b0831,0.0,0.0,0.0,0.0,0.0,0.0,0.0,0.0,0.0,0.0,0.0,0.0,0.0,0.0,0.0,0.0,0.0,0.0,0.0
b0832,0.0,0.0,0.0,0.0,0.0,0.0,0.0,0.0,0.0,0.0,0.0,0.0,0.0,0.0,0.0,0.0,0.0,0.0,0.0
b0837,0.0,0.0,0.0,0.0,0.0,0.0,0.0,0.0,0.0,0.0,0.0,0.0,0.0,0.0,0.0,0.0,0.0,0.0,0.0
b0839,0.0,0.0,0.0,0.0,0.0,0.0,0.0,0.0,0.0,0.0,0.0,0.0,0.0,0.0,0.0,0.0,0.0,0.0,0.0
b0841,2.2115212991984767e-07,1.7787172757284794e-07,3.077129346138468e-08,7.221294038199106e-08,1.5357786799989412e-07,1.310670439919278e-07,3.482491337866081e-08,2.0394862271078915e-07,1.3652759040970185e-07,1.4492735951663482e-07,7.221294038199106e-08,4.368437134219212e-08,8.693691375848886e-08,1.310670439919278e-07,1.310670439919278e-07,7.628049026461865e-08,5.0147875265271565e-08,1.1790322673479402e-07,6.067892907097861e-08
b0842,0.0,0.0,0.0,0.0,0.0,0.0,0.0,0.0,0.0,0.0,0.0,0.0,0.0,0.0,0.0,0.0,0.0,0.0,0.0
b0849,0.0,0.0,0.0,0.0,0.0,0.0,0.0,0.0,0.0,0.0,0.0,0.0,0.0,0.0,0.0,0.0,0.0,0.0,0.0
b0854,0.0,0.0,0.0,0.0,0.0,0.0,0.0,0.0,0.0,0.0,0.0,0.0,0.0,0.0,0.0,0.0,0.0,0.0,0.0
b0855,0.0,0.0,0.0,0.0,0.0,0.0,0.0,0.0,0.0,0.0,0.0,0.0,0.0,0.0,0.0,0.0,0.0,0.0,0.0
b0856,0.0,0.0,0.0,0.0,0.0,0.0,0.0,0.0,0.0,0.0,0.0,0.0,0.0,0.0,0.0,0.0,0.0,0.0,0.0
b0857,0.0,0.0,0.0,0.0,0.0,0.0,0.0,0.0,0.0,0.0,0.0,0.0,0.0,0.0,0.0,0.0,0.0,0.0,0.0
b0859,2.3159896499716365e-10,1.3768621461183336e-10,5.897705608338418e-12,2.5685540742156512e-11,1.0564690675146466e-10,7.674594590065888e-11,7.127526815655402e-12,1.7834238567857304e-10,8.11697834049351e-11,9.604674758906492e-11,2.471636890503561e-11,1.0188087214940919e-11,3.4878921427517654e-11,7.595887782403736e-11,7.4959696106457e-11,2.6521202784897694e-11,1.2961884389452569e-11,6.310121000170324e-11,1.8031868072990902e-11
b0860,0.0,0.0,0.0,0.0,0.0,0.0,0.0,0.0,0.0,0.0,0.0,0.0,0.0,0.0,0.0,0.0,0.0,0.0,0.0
b0861,0.0,0.0,0.0,0.0,0.0,0.0,0.0,0.0,0.0,0.0,0.0,0.0,0.0,0.0,0.0,0.0,0.0,0.0,0.0
b0862,0.0,0.0,0.0,0.0,0.0,0.0,0.0,0.0,0.0,0.0,0.0,0.0,0.0,0.0,0.0,0.0,0.0,0.0,0.0
b0863,0.0,0.0,0.0,0.0,0.0,0.0,0.0,0.0,0.0,0.0,0.0,0.0,0.0,0.0,0.0,0.0,0.0,0.0,0.0
b0864,0.0,0.0,0.0,0.0,0.0,0.0,0.0,0.0,0.0,0.0,0.0,0.0,0.0,0.0,0.0,0.0,0.0,0.0,0.0
b0870,0.0,0.0,0.0,0.0,0.0,0.0,0.0,0.0,0.0,0.0,0.0,0.0,0.0,0.0,0.0,0.0,0.0,0.0,0.0
b0871,0.0,0.0,0.0,0.0,0.0,0.0,0.0,0.0,0.0,0.0,0.0,0.0,0.0,0.0,0.0,0.0,0.0,0.0,0.0
b0875,0.0,0.0,0.0,0.0,0.0,0.0,0.0,0.0,0.0,0.0,0.0,0.0,0.0,0.0,0.0,0.0,0.0,0.0,0.0
b0884,5.8806161914247175e-08,3.831681810864198e-08,3.093507915450863e-09,9.962252886831738e-09,3.1012249481496637e-08,2.3893722082539903e-08,3.588899070865741e-09,4.7276028360357874e-08,2.4949220492601276e-08,2.8680005029239112e-08,9.64373336260341e-09,4.785389622859068e-09,1.266764293889817e-08,2.364151130330233e-08,2.339838673244509e-08,1.0231736413162009e-08,5.786414840300195e-09,2.0373697557218924e-08,7.528938718050548e-09
b0886,0.0,0.0,0.0,0.0,0.0,0.0,0.0,0.0,0.0,0.0,0.0,0.0,0.0,0.0,0.0,0.0,0.0,0.0,0.0
b0887,0.0,0.0,0.0,0.0,0.0,0.0,0.0,0.0,0.0,0.0,0.0,0.0,0.0,0.0,0.0,0.0,0.0,0.0,0.0
b0888,1.1646843573300565e-06,7.515764617244181e-07,2.708319644350855e-11,1.8596143838885677e-07,7.164433621463363e-07,4.6445228439570164e-07,6.328389544982985e-08,9.296303380483824e-07,4.817974994903464e-07,5.600990012615422e-07,1.791015489803471e-07,8.562745206863888e-08,2.379524088871364e-07,4.6006544883296095e-07,4.521986944266733e-07,1.902141799680632e-07,1.0484746728959241e-07,3.95654900560529e-07,1.3793567816875215e-07
b0891,6.916227836828711e-07,5.553853355657881e-07,9.5856053262779e-08,2.2510555386936529e-07,4.794446328698163e-07,4.0890333873421525e-07,1.0847948973114483e-07,6.370371196255747e-07,4.259891148680123e-07,4.5242030930213954e-07,2.2510008759878302e-07,1.360933319882311e-07,2.710906306897414e-07,4.089702977251262e-07,4.089415235743483e-07,2.3775949532945378e-07,1.562515919989125e-07,3.678277144522853e-07,1.8909253358703355e-07
b0893,1.4230102277666022e-06,9.17993460500637e-07,6.834050380077154e-08,2.3195664020514999e-07,7.427060385200484e-07,5.689421751436914e-07,7.97028630923021e-08,1.1312404645079615e-06,5.953348080746986e-07,6.852439059704394e-07,2.2384505129888196e-07,1.075512006470308e-07,2.9781665452540875e-07,5.641001669720407e-07,5.572187682659319e-07,2.3731152869696328e-07,1.3113928979302095e-07,4.862702879072789e-07,1.7231234672866284e-07
b0894,0.0,0.0,0.0,0.0,0.0,0.0,0.0,0.0,0.0,0.0,0.0,0.0,0.0,0.0,0.0,0.0,0.0,0.0,0.0
b0895,0.0,0.0,0.0,0.0,0.0,0.0,0.0,0.0,0.0,0.0,0.0,0.0,0.0,0.0,0.0,0.0,0.0,0.0,0.0
b0896,0.0,0.0,0.0,0.0,0.0,0.0,0.0,0.0,0.0,0.0,0.0,0.0,0.0,0.0,0.0,0.0,0.0,0.0,0.0
b0902,2.118585952851752e-12,0.0,7.278323018731132e-14,2.9364657192728995e-13,9.972371128627151e-13,0.0,9.890297625500452e-14,0.0,7.974632678253784e-13,9.109282080274035e-13,0.0,0.0,3.8381873709995135e-13,7.50822157596649e-13,7.466033802630314e-13,3.166456984369731e-13,0.0,0.0,0.0
b0903,0.0,0.0,0.0,0.0,0.0,0.0,0.0,0.0,0.0,0.0,0.0,0.0,0.0,0.0,0.0,0.0,0.0,0.0,0.0
b0904,0.0,0.0,0.0,0.0,0.0,0.0,0.0,0.0,0.0,0.0,3.853021670502082e-08,0.0,0.0,0.0,0.0,0.0,0.0,0.0,2.593830171212626e-08
b0907,2.029304929884303e-07,1.3068137534073347e-07,2.509997799256562e-08,6.271424580363135e-08,1.37090846457296e-07,1.2296726790178006e-07,2.967895557586859e-08,1.4831810978502541e-07,1.2077261145188915e-07,1.2917480846873248e-07,6.098311151320476e-13,3.966013368285101e-08,7.567787265008586e-08,1.1607404672721857e-07,1.1585258430834208e-07,6.612650658187794e-08,4.56540795435596e-08,1.7590172650407014e-12,4.594838586155774e-08
b0908,4.6564397813096385e-05,2.9398316350252772e-05,1.8888660562797603e-06,6.98106217521079e-06,2.3647897250666542e-05,1.7901161532868895e-05,2.2287087799483907e-06,3.652061192013798e-05,1.8586865766068118e-05,2.1832177310402994e-05,6.6625877332863105e-06,3.052765521321062e-06,9.019030720400829e-06,1.781271638613069e-05,1.741948514504288e-05,7.070004288256733e-06,3.7769729800446025e-06,1.5173104142908032e-05,5.061803461668173e-06
b0910,1.1269025858740723e-05,1.2288175582050342e-05,3.3595414758081973e-06,6.948801804401229e-06,1.3430630630123893e-05,1.0579538448125906e-05,3.764680039089443e-06,1.2928361483197988e-05,1.099179186868285e-05,1.0897907866601851e-05,7.05672412613254e-06,4.644623658127498e-06,8.116090697095308e-06,1.0650441340725021e-05,1.0746705531328374e-05,7.449727828277708e-06,5.226649685536938e-06,9.886186769465999e-06,6.137643113808451e-06
b0911,6.881797817058582e-05,4.5619220133336694e-05,4.698087190982779e-06,1.3356481185921399e-05,3.76706684645223e-05,2.962235272701723e-05,5.33709207956277e-06,5.5182966279386625e-05,3.069693626950275e-05,3.5254806173868566e-05,1.2852511830618529e-05,6.811464023703364e-06,1.652995972463623e-05,2.931856067764909e-05,2.8932897136347975e-05,1.3418295030629333e-05,8.08821585901841e-06,2.5679448939823602e-05,1.0228986979587574e-05
b0914,3.4158409755751246e-08,2.7452732876386353e-08,4.743989536115077e-09,1.1136634322436409e-08,2.370120623124055e-08,2.0220934815140352e-08,5.3688384579871375e-09,3.1482824718926455e-08,2.1064555694532127e-08,2.236575691803299e-08,1.1136506116624096e-08,6.735061706670274e-09,1.3409392493898905e-08,2.0222505270113685e-08,2.0221830401696795e-08,1.1763328532817519e-08,7.732091966405082e-09,1.818986325328787e-08,9.356490506718507e-09
b0915,2.11032358141301e-09,1.6973243771140532e-09,2.93632199001092e-10,6.890852510736357e-10,1.4655024870923672e-09,1.2506950477144748e-09,3.323134891365913e-10,1.946160717779533e-09,1.3028018028110927e-09,1.382955816390838e-09,6.890852510736357e-10,4.1685404077294007e-10,8.295873942805867e-10,1.2506950477144748e-09,1.2506950477144748e-09,7.278994666047897e-10,4.785314243566914e-10,1.1250805488208433e-09,5.790230234715968e-10
b0918,6.97496221520621e-06,5.609932761776774e-06,9.705021122065072e-07,2.2775386825163133e-06,4.843723760559866e-06,4.133750282368053e-06,1.09835005908387e-06,6.432377286018777e-06,4.305971571632404e-06,4.570893605883433e-06,2.2775386825163133e-06,1.3777703141148065e-06,2.741921087496973e-06,4.133750282368053e-06,4.133750282368053e-06,2.4058259694173094e-06,1.581624085080773e-06,3.71857396003435e-06,1.913765142947735e-06
b0928,3.092187027082445e-06,1.7898143102319314e-06,1.3873074342455808e-07,4.5085748915088505e-07,1.48749050231676e-06,1.2055426519363004e-06,1.6251531537217572e-07,2.2215129011527716e-06,6.930116532153889e-06,1.463364477525197e-06,4.6314808486649003e-07,2.1981987972236712e-07,8.1171355838773e-06,1.1954820737752396e-06,1.1755219837837137e-06,4.6944806527857053e-07,2.693828061818522e-07,1.0233533429959023e-06,3.337981939725351e-07
b0929,0.0,0.0,0.0,0.0,0.0,0.0,0.0,0.0,0.0,0.0,0.0,0.0,0.0,0.0,0.0,0.0,0.0,0.0,0.0
b0930,1.1121531103468573e-06,7.150397472071458e-07,5.444437189021359e-08,1.827165677450062e-07,5.790284979168085e-07,4.448658506127465e-07,6.327389899931773e-08,8.794718021797814e-07,4.662611336700973e-07,5.413097762651341e-07,1.7637945509597135e-07,8.485982410914642e-08,2.3503776126051356e-07,4.4037292094763306e-07,4.358596907834276e-07,1.856296633535012e-07,1.0367800695017265e-07,3.806447068715048e-07,1.3583235244640145e-07
b0931,0.0,0.0,0.0,0.0,0.0,0.0,0.0,0.0,0.0,0.0,0.0,0.0,0.0,0.0,0.0,0.0,0.0,0.0,0.0
b0932,0.0,0.0,0.0,0.0,0.0,0.0,0.0,0.0,0.0,0.0,0.0,0.0,0.0,0.0,0.0,0.0,0.0,0.0,0.0
b0933,0.0,0.0,0.0,0.0,0.0,0.0,0.0,0.0,0.0,0.0,0.0,0.0,0.0,0.0,0.0,0.0,0.0,0.0,0.0
b0934,0.0,0.0,0.0,0.0,0.0,0.0,0.0,0.0,0.0,0.0,0.0,0.0,0.0,0.0,0.0,0.0,0.0,0.0,0.0
b0935,0.0,0.0,0.0,0.0,0.0,0.0,0.0,0.0,0.0,0.0,0.0,0.0,0.0,0.0,0.0,0.0,0.0,0.0,0.0
b0936,0.0,0.0,0.0,0.0,0.0,0.0,0.0,0.0,0.0,0.0,0.0,0.0,0.0,0.0,0.0,0.0,0.0,0.0,0.0
b0937,0.0,0.0,0.0,0.0,0.0,0.0,0.0,0.0,0.0,0.0,0.0,0.0,0.0,0.0,0.0,0.0,0.0,0.0,0.0
b0945,2.174961373056813e-06,1.3835998043774124e-06,1.2472355951619425e-07,0.0,0.0,8.533303487403615e-07,1.437455743752469e-07,1.7328485657717074e-06,8.896149018399304e-07,1.022507080369073e-06,3.570451175144203e-07,1.8804029140229735e-07,4.591143223978947e-07,8.449847266941833e-07,8.365771448897867e-07,3.7750459601651135e-07,2.2419188317535197e-07,7.255963328070185e-07,2.832233369330513e-07
b0948,9.263958599886556e-10,5.507448584473341e-10,2.35908224333537e-11,1.0274216296862619e-10,4.2258762700585917e-10,3.0698378360263585e-10,2.8510107262621644e-11,7.13369542714293e-10,3.2467913361974077e-10,3.841869903562601e-10,9.886547562014257e-11,4.075234885976373e-11,1.3951568571007077e-10,3.038355112961498e-10,2.998387844258284e-10,1.0608481113959092e-10,5.184753755781033e-11,2.524048400068132e-10,7.212747229196369e-11
b0954,0.0,0.0,0.0,0.0,0.0,0.0,0.0,0.0,0.0,0.0,0.0,0.0,0.0,0.0,0.0,0.0,0.0,0.0,0.0
b0957,0.0,0.0,0.0,0.0,0.0,0.0,0.0,0.0,0.0,0.0,0.0,0.0,0.0,0.0,0.0,0.0,0.0,0.0,0.0
b0963,0.0,0.0,0.0,0.0,0.0,0.0,0.0,0.0,0.0,0.0,0.0,0.0,0.0,0.0,0.0,0.0,0.0,0.0,0.0
b0967,4.631979299943273e-10,2.753724292236667e-10,1.1795411216676836e-11,5.1371081484313024e-11,2.1129381350292933e-10,1.5349189180131777e-10,1.4255053631310804e-11,3.566847713571461e-10,1.623395668098702e-10,1.9209349517812984e-10,4.943273781007122e-11,2.0376174429881838e-11,6.975784285503531e-11,1.5191775564807472e-10,1.49919392212914e-10,5.304240556979539e-11,2.5923768778905137e-11,1.2620242000340647e-10,3.6063736145981805e-11
b0968,0.0,0.0,0.0,0.0,0.0,0.0,0.0,0.0,0.0,0.0,0.0,0.0,0.0,0.0,0.0,0.0,0.0,0.0,0.0
b0969,2.145505729932199e-10,1.2672753551835068e-10,5.2340663957143054e-12,2.3205371761165234e-11,9.691241463924535e-11,7.015089135603018e-11,6.321299870167162e-12,1.6465145241736417e-10,7.453506619134248e-11,8.825808139214916e-11,2.236723295803429e-11,9.117422800605516e-12,3.17223280555393e-11,6.925787520625818e-11,6.864193286023057e-11,2.402231272331955e-11,1.1600162448302507e-11,5.757070065739125e-11,1.623766337320281e-11
b0972,0.0,0.0,0.0,0.0,0.0,0.0,0.0,0.0,0.0,0.0,0.0,0.0,0.0,0.0,0.0,0.0,0.0,0.0,0.0
b0973,0.0,0.0,0.0,0.0,0.0,0.0,0.0,0.0,0.0,0.0,0.0,0.0,0.0,0.0,0.0,0.0,0.0,0.0,0.0
b0974,0.0,0.0,0.0,0.0,0.0,0.0,0.0,0.0,0.0,0.0,0.0,0.0,0.0,0.0,0.0,0.0,0.0,0.0,0.0
b0978,0.0,0.0,0.0,0.0,0.0,0.0,0.0,0.0,0.0,0.0,0.0,0.0,0.0,0.0,0.0,0.0,0.0,0.0,0.0
b0979,0.0,0.0,0.0,0.0,0.0,0.0,0.0,0.0,0.0,0.0,0.0,0.0,0.0,0.0,0.0,0.0,0.0,0.0,0.0
b0980,0.0,0.0,0.0,0.0,0.0,0.0,0.0,0.0,0.0,0.0,0.0,0.0,0.0,0.0,0.0,0.0,0.0,0.0,0.0
b0996,0.0,0.0,0.0,0.0,0.0,0.0,0.0,0.0,0.0,0.0,0.0,0.0,0.0,0.0,0.0,0.0,0.0,0.0,0.0
b0997,0.0,0.0,0.0,0.0,0.0,0.0,0.0,0.0,0.0,0.0,0.0,0.0,0.0,0.0,0.0,0.0,0.0,0.0,0.0
b0998,0.0,0.0,0.0,0.0,0.0,0.0,0.0,0.0,0.0,0.0,0.0,0.0,0.0,0.0,0.0,0.0,0.0,0.0,0.0
b1002,0.0,0.0,0.0,0.0,0.0,0.0,0.0,0.0,0.0,0.0,0.0,0.0,0.0,0.0,0.0,0.0,0.0,0.0,0.0
b1006,0.0,0.0,0.0,0.0,0.0,0.0,0.0,0.0,0.0,0.0,0.0,0.0,0.0,0.0,0.0,0.0,0.0,0.0,0.0
b1007,0.0,0.0,0.0,2.1494989431058164e-06,6.208511359035157e-06,0.0,0.0,0.0,0.0,0.0,0.0,0.0,0.0,0.0,0.0,0.0,0.0,0.0,0.0
b1008,0.0,0.0,0.0,4.628290560467418e-06,1.3368136146211907e-05,0.0,0.0,0.0,0.0,0.0,0.0,0.0,0.0,0.0,0.0,0.0,0.0,0.0,0.0
b1009,0.0,0.0,0.0,3.716564579984323e-06,1.0734749828757874e-05,0.0,0.0,0.0,0.0,0.0,0.0,0.0,0.0,0.0,0.0,0.0,0.0,0.0,0.0
b1010,0.0,0.0,0.0,6.4860182543102256e-06,1.873390919123241e-05,0.0,0.0,0.0,0.0,0.0,0.0,0.0,0.0,0.0,0.0,0.0,0.0,0.0,0.0
b1011,0.0,0.0,0.0,4.117627811067986e-06,1.1893161947945263e-05,0.0,0.0,0.0,0.0,0.0,0.0,0.0,0.0,0.0,0.0,0.0,0.0,0.0,0.0
b1012,0.0,0.0,0.0,2.1494989431058164e-06,6.208511359035157e-06,0.0,0.0,0.0,0.0,0.0,0.0,0.0,0.0,0.0,0.0,0.0,0.0,0.0,0.0
b1014,0.0,0.0,0.0,0.0,0.0,0.0,3.4105602379945006e-06,0.0,0.0,0.0,0.0,0.0,0.0,0.0,0.0,0.0,0.0,0.0,0.0
b1015,0.0,0.0,0.0,0.0,0.0,0.0,1.4522116265670575e-18,0.0,0.0,0.0,0.0,0.0,0.0,0.0,0.0,0.0,0.0,0.0,0.0
b1033,0.0,0.0,0.0,0.0,0.0,0.0,0.0,0.0,0.0,0.0,0.0,0.0,0.0,0.0,0.0,0.0,0.0,0.0,0.0
b1054,0.0,0.0,0.0,1.9913648889155653e-59,0.0,0.0,0.0,0.0,0.0,0.0,0.0,3.587324068671532e-43,0.0,0.0,0.0,0.0,0.0,0.0,0.0
b1059,0.0,0.0,0.0,0.0,0.0,0.0,0.0,0.0,0.0,0.0,0.0,0.0,0.0,0.0,0.0,0.0,0.0,0.0,0.0
b1062,9.671058768943986e-08,6.152235707077006e-08,5.545886418468775e-09,0.0,0.0,3.794369892828406e-08,6.3917084449403165e-09,7.705185262074412e-08,3.9557107100851335e-08,4.5466214657469826e-08,1.587616385937661e-08,8.361291982510383e-09,2.0414714709776843e-08,3.757260727455714e-08,3.7198760553680686e-08,1.6785903321542684e-08,9.968787972826301e-09,3.226395127764696e-08,1.2593646812064165e-08
b1064,0.0,0.0,0.0,0.0,0.0,0.0,0.0,0.0,0.0,0.0,0.0,0.0,0.0,0.0,0.0,0.0,0.0,0.0,0.0
b1069,2.7907530771885613e-08,2.2445909575850802e-08,3.883077316395521e-09,9.112663109187138e-09,1.9380229702698334e-08,1.653955385693321e-08,4.39460990990892e-09,2.5736593476390603e-08,1.7228628690806934e-08,1.828860860107696e-08,9.112663109187138e-09,5.51259867098975e-09,1.0970704179096631e-08,1.653955385693321e-08,1.653955385693321e-08,9.6259535466645e-09,6.328238270268846e-09,1.4878391310987639e-08,7.657168307025304e-09
b1084,4.581878773312479e-08,2.7437388730989123e-08,1.2972491793473904e-09,5.31824393331712e-09,2.1159790119928835e-08,1.546804281822733e-08,1.550902891549006e-09,3.538821086913126e-08,1.6343234649405488e-08,1.9265355723402826e-08,5.125554928068515e-09,2.1827266425499496e-09,7.165692574946691e-09,1.5294998319106433e-08,1.5107229497112785e-08,5.484979864210592e-09,2.748850071720898e-09,1.2760988102239564e-08,3.775908944267729e-09
b1086,6.947968949914903e-10,4.1305864383549977e-10,1.7693116825015242e-11,7.705662222646948e-11,3.1694072025439376e-10,2.302378377019765e-10,2.138258044696619e-11,5.350271570357188e-10,2.4350935021480507e-10,2.881402427671946e-10,7.414910671510678e-11,3.0564261644822733e-11,1.046367642825529e-10,2.2787663347211195e-10,2.2487908831937089e-10,7.956360835469303e-11,3.888565316835768e-11,1.8930363000510957e-10,5.409560421897266e-11
b1089,6.881797817058582e-05,4.5619220133336694e-05,4.698087190982779e-06,1.3356481185921399e-05,3.76706684645223e-05,2.962235272701723e-05,5.33709207956277e-06,5.5182966279386625e-05,3.069693626950275e-05,3.5254806173868566e-05,1.2852511830618529e-05,6.811464023703364e-06,1.652995972463623e-05,2.931856067764909e-05,2.8932897136347975e-05,1.3418295030629333e-05,8.08821585901841e-06,2.5679448939823602e-05,1.0228986979587574e-05
b1090,0.0,0.0,0.0,0.0,0.0,0.0,0.0,0.0,0.0,0.0,0.0,0.0,0.0,0.0,0.0,0.0,0.0,0.0,0.0
b1091,4.321582763116658e-12,3.117192717464592e-12,2.242886470523552e-13,8.063372792092398e-13,2.5008891902848225e-12,1.971696132864767e-12,2.7003769624842276e-13,3.827244466180891e-12,2.096190788661092e-12,2.2925900519967636e-12,8.063372792092398e-13,3.7938468037100177e-13,1.0651286645675284e-12,1.971696132864767e-12,1.971696132864767e-12,8.754167486764186e-13,4.666275167411983e-13,1.6822369093233457e-12,6.210831235640597e-13
b1092,1.3948740061749934e-08,1.1218882874910016e-08,1.9408078230032536e-09,4.554639930132735e-09,9.686583108430187e-09,8.266749220816462e-09,2.196479202415999e-09,1.2863649076699994e-08,8.611164047006525e-09,9.140965835282376e-09,4.554639930132735e-09,2.7552669193867073e-09,5.48332346112058e-09,8.266749220816462e-09,8.266749220816462e-09,4.811191848074088e-09,3.1629365716580745e-09,7.436464372923691e-09,3.8271579853793925e-09
b1093,4.7047651638178435e-08,3.7839476170603465e-08,6.5454592042699675e-09,1.5361230207887523e-08,3.2670931335763896e-08,2.7881817059537372e-08,7.407751502342897e-09,4.338746548354654e-08,2.904352477493911e-08,3.083054971121438e-08,1.5361230207887523e-08,9.292368729548786e-09,1.8493530820623366e-08,2.7881817059537372e-08,2.7881817059537372e-08,1.6226534305552062e-08,1.0667325259968895e-08,2.5081294032587292e-08,1.2907581973489738e-08
b1094,3.78766802425039e-06,4.938738087153125e-06,1.5575305351186065e-06,3.1340483048506903e-06,4.702605623175543e-06,4.526839437183361e-06,1.742609659125235e-06,4.973284390201043e-06,4.701307844378269e-06,4.544166804813673e-06,3.195190587037823e-06,2.141758587103047e-06,3.6340659555174058e-06,4.569268231191666e-06,4.624242885964594e-06,3.3736111702713396e-06,2.399930802629096e-06,4.288502991347476e-06,2.8017673651709983e-06
b1095,0.0,0.0,0.0,0.0,0.0,0.0,0.0,0.0,0.0,0.0,0.0,-2.8698592549372254e-42,0.0,0.0,0.0,0.0,1.793662034335766e-43,0.0,0.0
b1096,5.122115709263838e-09,4.119696113100902e-09,7.126954901589703e-10,1.6725275785351305e-09,3.5570247980998856e-09,3.035650460346651e-09,8.065815868707227e-10,4.7236644053497e-09,3.162122453167981e-09,3.3566699319211986e-09,1.6725275785351305e-09,1.0117759425706343e-09,2.013550273464072e-09,3.035650460346651e-09,3.035650460346651e-09,1.766736307881631e-09,1.1614774850938406e-09,2.730762620509518e-09,1.4053877569635473e-09
b1098,6.716450532697045e-07,5.985659547435817e-07,1.78703480078969e-07,3.603008985519868e-07,5.558468064154996e-07,5.130032474872967e-07,1.9994982445494845e-07,6.427395741386938e-07,5.238225168000372e-07,5.398891592073003e-07,3.603008985519868e-07,2.4381218249423667e-07,4.0719823826538607e-07,5.130032474872967e-07,5.130032474872967e-07,3.7404679645796574e-07,2.7348952448739474e-07,4.853686051879443e-07,3.176328807709517e-07
b1101,2.6004454630628368e-05,2.221887000154334e-05,4.0609364564146655e-06,1.0441175166461387e-05,1.7355926336098047e-05,1.3219532576133307e-05,3.625595828704844e-06,2.078305484008425e-05,1.6244272292433053e-05,1.9553420945884758e-05,9.466073556133293e-06,5.173411145790825e-06,1.1232861067312311e-05,1.2600953061505605e-05,1.3434782288825566e-05,9.721650063130992e-06,5.459250521987259e-06,1.301331456603306e-05,8.050877834347465e-06
b1102,0.0,0.0,0.0,0.0,0.0,0.0,0.0,0.0,0.0,0.0,0.0,0.0,0.0,0.0,0.0,0.0,0.0,0.0,0.0
b1106,0.0,0.0,0.0,0.0,0.0,0.0,0.0,0.0,0.0,0.0,0.0,0.0,0.0,0.0,0.0,0.0,0.0,0.0,0.0
b1107,0.0,0.0,0.0,0.0,0.0,0.0,0.0,0.0,0.0,0.0,0.0,0.0,0.0,0.0,0.0,0.0,0.0,0.0,0.0
b1109,0.0,0.0,0.0,0.0,0.0,0.0,0.0,0.0,0.0,0.0,0.0,0.0,0.0,0.0,0.0,0.0,0.0,0.0,0.0
b1114,1.5463931055173857e-09,9.605664114043319e-10,6.75512224226214e-11,2.2141415462957117e-10,7.580982249118307e-10,5.696267031625556e-10,7.804155483006387e-11,1.2135632119748488e-09,5.988545269607244e-10,6.957162417731172e-10,2.1410612800167386e-10,1.0373486944255759e-10,2.8756870775229443e-10,5.635316017010104e-10,5.570266684918526e-10,2.2756516507191755e-10,1.255203490273811e-10,4.790696024097427e-10,1.6505731539369845e-10
b1116,1.3832455673657422e-06,1.1107706711315762e-06,1.91712106525558e-07,4.5021110773873057e-07,9.588892657396325e-07,8.178066774684305e-07,2.1695897946228965e-07,1.2740742392511493e-06,8.519782297360246e-07,9.048406186042791e-07,4.5020017519756604e-07,2.721866639764622e-07,5.421812613794828e-07,8.179405954502525e-07,8.178830471486966e-07,4.7551899065890757e-07,3.12503183997825e-07,7.356554289045706e-07,3.781850671740671e-07
b1117,6.916227836828711e-07,5.553853355657881e-07,9.5856053262779e-08,2.2510555386936529e-07,4.794446328698163e-07,4.0890333873421525e-07,1.0847948973114483e-07,6.370371196255747e-07,4.259891148680123e-07,4.5242030930213954e-07,2.2510008759878302e-07,1.360933319882311e-07,2.710906306897414e-07,4.089702977251262e-07,4.089415235743483e-07,2.3775949532945378e-07,1.562515919989125e-07,3.678277144522853e-07,1.8909253358703355e-07
b1118,6.916227836828711e-07,5.553853355657881e-07,9.5856053262779e-08,2.2510555386936529e-07,4.794446328698163e-07,4.0890333873421525e-07,1.0847948973114483e-07,6.370371196255747e-07,4.259891148680123e-07,4.5242030930213954e-07,2.2510008759878302e-07,1.360933319882311e-07,2.710906306897414e-07,4.089702977251262e-07,4.089415235743483e-07,2.3775949532945378e-07,1.562515919989125e-07,3.678277144522853e-07,1.8909253358703355e-07
b1119,0.0,0.0,0.0,0.0,0.0,0.0,0.0,0.0,0.0,0.0,0.0,0.0,0.0,0.0,0.0,0.0,0.0,0.0,0.0
b1123,0.0,0.0,0.0,0.0,0.0,0.0,0.0,0.0,0.0,0.0,0.0,0.0,0.0,0.0,0.0,0.0,0.0,0.0,0.0
b1124,0.0,0.0,0.0,0.0,0.0,0.0,0.0,0.0,0.0,0.0,0.0,0.0,0.0,0.0,0.0,0.0,0.0,0.0,0.0
b1125,0.0,0.0,0.0,0.0,0.0,0.0,0.0,0.0,0.0,0.0,0.0,0.0,0.0,0.0,0.0,0.0,0.0,0.0,0.0
b1126,0.0,0.0,0.0,0.0,0.0,0.0,0.0,0.0,0.0,0.0,0.0,0.0,0.0,0.0,0.0,0.0,0.0,0.0,0.0
b1131,1.0243043715593479e-05,0.0,6.21711175588166e-07,1.8037154421416822e-06,5.309624591424875e-06,4.159551744460793e-06,7.186393332402013e-07,0.0,4.300055580957247e-06,4.933724829983479e-06,1.762498146469261e-06,9.372378585792532e-07,2.2681387348305286e-06,4.090458746034323e-06,4.050856942463657e-06,1.8590762862331846e-06,1.1163171124297295e-06,3.5318848705540125e-06,5.919603589324711e-07
b1133,2.145505729932199e-10,1.2672753551835068e-10,5.2340663957143054e-12,2.3205371761165234e-11,9.691241463924535e-11,7.015089135603018e-11,6.321299870167162e-12,1.6465145241736417e-10,7.453506619134248e-11,8.825808139214916e-11,2.236723295803429e-11,9.117422800605516e-12,3.17223280555393e-11,6.925787520625818e-11,6.864193286023057e-11,2.402231272331955e-11,1.1600162448302507e-11,5.757070065739125e-11,1.623766337320281e-11
b1134,0.0,0.0,0.0,0.0,0.0,0.0,0.0,0.0,0.0,0.0,0.0,0.0,0.0,0.0,0.0,0.0,0.0,0.0,0.0
b1135,2.3159896499716365e-10,1.3768621461183336e-10,5.897705608338418e-12,2.5685540742156512e-11,1.0564690675146466e-10,7.674594590065888e-11,7.127526815655402e-12,1.7834238567857304e-10,8.11697834049351e-11,9.604674758906492e-11,2.471636890503561e-11,1.0188087214940919e-11,3.4878921427517654e-11,7.595887782403736e-11,7.4959696106457e-11,2.6521202784897694e-11,1.2961884389452569e-11,6.310121000170324e-11,1.8031868072990902e-11
b1136,6.816237700727997e-07,3.4538339552487876e-07,5.712372279391955e-08,1.6613629600359845e-07,4.778717914095141e-07,1.3533343752533747e-07,0.0,4.440207815094427e-07,2.528123937967982e-07,3.6166781405392423e-07,1.0267615706822546e-07,3.184658490669185e-08,3.540743285801986e-08,2.913421053229827e-07,2.7569012203330896e-07,8.725213176740054e-08,1.5485507425571503e-08,3.0062013340464623e-07,6.079804689120714e-08
b1185,0.0,0.0,0.0,0.0,0.0,0.0,0.0,0.0,0.0,0.0,0.0,0.0,0.0,0.0,0.0,0.0,0.0,0.0,0.0
b1186,0.0,0.0,0.0,0.0,0.0,0.0,0.0,0.0,0.0,0.0,0.0,0.0,0.0,0.0,0.0,0.0,0.0,0.0,0.0
b1189,0.0,0.0,0.0,0.0,0.0,0.0,0.0,0.0,0.0,0.0,0.0,0.0,0.0,1.7492028007953776e-05,6.495842555439955e-06,0.0,0.0,0.0,0.0
b1190,0.0,0.0,0.0,0.0,0.0,0.0,0.0,0.0,0.0,0.0,0.0,0.0,0.0,0.0,0.0,0.0,0.0,0.0,0.0
b1192,0.0,0.0,0.0,0.0,0.0,0.0,0.0,0.0,0.0,0.0,0.0,0.0,0.0,0.0,0.0,0.0,0.0,0.0,0.0
b1193,0.0,0.0,0.0,0.0,0.0,0.0,0.0,0.0,0.0,0.0,0.0,0.0,0.0,0.0,0.0,0.0,0.0,0.0,0.0
b1197,0.0,0.0,0.0,0.0,0.0,0.0,0.0,0.0,0.0,0.0,0.0,0.0,0.0,0.0,0.0,0.0,0.0,0.0,0.0
b1198,0.0,0.0,0.0,0.0,0.0,0.0,0.0,0.0,0.0,0.0,0.0,0.0,0.0,0.0,0.0,0.0,0.0,0.0,0.0
b1199,0.0,0.0,0.0,0.0,0.0,0.0,0.0,0.0,0.0,0.0,0.0,0.0,0.0,0.0,0.0,0.0,0.0,0.0,0.0
b1200,0.0,0.0,0.0,0.0,0.0,0.0,0.0,0.0,0.0,0.0,0.0,0.0,0.0,0.0,0.0,0.0,0.0,0.0,0.0
b1206,1.4861953533556096e-08,9.59119282431282e-09,0.0,2.373612961836879e-09,7.70546089042219e-09,5.927559996188662e-09,8.078493142016108e-10,1.1862953382925326e-08,6.148821011634769e-09,7.148023245328214e-09,2.2860520233223716e-09,1.093043622141771e-09,3.0371047184255636e-09,5.871580080640746e-09,5.771148988041427e-09,2.4278818770740428e-09,1.338361716357024e-09,5.049660018654818e-09,1.7606700569882907e-09
b1207,5.183485473111968e-06,2.706326997898154e-06,2.9462691396781795e-07,6.661013908042436e-07,0.0,2.052922218195226e-06,3.4030415447552925e-07,0.0,2.137752897235657e-06,2.4601698790591698e-06,8.556624247899261e-07,4.460616916052534e-07,1.1034299708820476e-06,2.0332223600130114e-06,2.0110825487383776e-06,9.041830519891e-07,5.332744702577265e-07,1.748726589545605e-06,0.0
b1208,8.524108377460187e-05,6.793651933202946e-05,1.1525039720193018e-05,2.719723215699793e-05,5.848736714245477e-05,4.976045919592048e-05,1.3049650734803346e-05,7.815345522607456e-05,5.182280245544341e-05,5.514895518783883e-05,2.7183346608497282e-05,1.638534783051828e-05,3.278347448756817e-05,4.9750913492750996e-05,4.9726847479187804e-05,2.872162444564541e-05,1.8827071960762752e-05,4.467719014301433e-05,2.280612011503992e-05
b1209,6.916227836828711e-07,5.553853355657881e-07,9.5856053262779e-08,2.2510555386936529e-07,4.794446328698163e-07,4.0890333873421525e-07,1.0847948973114483e-07,6.370371196255747e-07,4.259891148680123e-07,4.5242030930213954e-07,2.2510008759878302e-07,1.360933319882311e-07,2.710906306897414e-07,4.089702977251262e-07,4.089415235743483e-07,2.3775949532945378e-07,1.562515919989125e-07,3.678277144522853e-07,1.8909253358703355e-07
b1210,8.158729601841213e-12,4.845014544525597e-12,1.7417821168985608e-13,9.233087476362669e-13,3.648642206365061e-12,2.9622856206686482e-12,2.800131169331822e-13,6.2431089153980776e-12,2.7780368281518016e-12,3.408977844773035e-12,8.985263806875e-13,4.0285439759357434e-13,1.1125174846947726e-12,2.920206393326909e-12,2.781743078605494e-12,9.90934799851318e-13,5.261298799903473e-13,2.2975856238715015e-12,6.302815495502859e-13
b1211,6.685072588666531e-11,4.145526687124918e-11,2.1584290227403602e-12,8.109699954187842e-12,3.039658995293344e-11,2.4677803536047453e-11,2.552167766307406e-12,5.292194998526732e-11,2.34287632501682e-11,2.9344386064785106e-11,7.884448746084237e-12,3.6333011714558083e-12,9.70336260748401e-12,2.5190292931880633e-11,2.3783107155513168e-11,8.781757142395844e-12,4.906794874631462e-12,1.9328932140025987e-11,5.683774793588797e-12
b1215,2.9179046048339046e-08,2.346858396266321e-08,4.059997021969068e-09,9.527851770886217e-09,2.026322642245766e-08,1.7293124481533255e-08,4.594835923459788e-09,2.6909197102149903e-08,1.8013594754331754e-08,1.912186917907025e-08,9.527851770886217e-09,5.763762182387958e-09,1.1470548399325016e-08,1.7293124481533255e-08,1.7293124481533255e-08,1.0064528606746321e-08,6.616563729782095e-09,1.5556276502465456e-08,8.006042113036336e-09
b1216,0.0,0.0,0.0,0.0,0.0,0.0,0.0,0.0,0.0,0.0,0.0,0.0,0.0,0.0,0.0,0.0,0.0,0.0,0.0
b1223,0.0,0.0,0.0,0.0,0.0,0.0,0.0,0.0,0.0,0.0,0.0,0.0,0.0,0.0,0.0,0.0,0.0,0.0,0.0
b1224,0.0,0.0,0.0,0.0,0.0,0.0,0.0,0.0,0.0,0.0,0.0,0.0,0.0,0.0,0.0,0.0,0.0,0.0,0.0
b1225,0.0,0.0,0.0,0.0,0.0,0.0,0.0,0.0,0.0,0.0,0.0,0.0,0.0,0.0,0.0,0.0,0.0,0.0,0.0
b1226,0.0,0.0,0.0,0.0,0.0,0.0,0.0,0.0,0.0,0.0,0.0,0.0,0.0,0.0,0.0,0.0,0.0,0.0,0.0
b1227,0.0,0.0,0.0,0.0,0.0,0.0,0.0,0.0,0.0,0.0,0.0,0.0,0.0,0.0,0.0,0.0,0.0,0.0,0.0
b1232,0.0,4.4748178738179704e-07,0.0,0.0,0.0,0.0,0.0,5.903526599434109e-07,0.0,0.0,0.0,0.0,0.0,0.0,0.0,0.0,0.0,0.0,0.0
b1236,0.0,0.0,0.0,-9.030933191183665e-59,0.0,0.0,0.0,0.0,0.0,0.0,0.0,0.0,0.0,0.0,0.0,0.0,0.0,0.0,0.0
b1238,6.146423775568306e-12,0.0,2.1115809622157679e-13,8.519249685756413e-13,1.5086928295491193e-07,0.0,2.8693648417235835e-13,0.0,2.3135937359097967e-12,2.642777267601024e-12,0.0,0.0,1.113531696952973e-12,2.178278938583363e-12,2.1660394572102935e-12,9.186498412701558e-13,0.0,0.0,0.0
b1241,0.0,0.0,0.0,0.0,0.0,0.0,0.0,0.0,0.0,0.0,0.0,0.0,0.0,0.0,0.0,0.0,0.0,0.0,0.0
b1243,0.0,0.0,0.0,0.0,0.0,0.0,0.0,0.0,0.0,0.0,0.0,0.0,0.0,0.0,0.0,0.0,0.0,0.0,0.0
b1244,0.0,0.0,0.0,0.0,0.0,0.0,0.0,0.0,0.0,0.0,0.0,0.0,0.0,0.0,0.0,0.0,0.0,0.0,0.0
b1245,0.0,0.0,0.0,0.0,0.0,0.0,0.0,0.0,0.0,0.0,0.0,0.0,0.0,0.0,0.0,0.0,0.0,0.0,0.0
b1246,0.0,0.0,0.0,0.0,0.0,0.0,0.0,0.0,0.0,0.0,0.0,0.0,0.0,0.0,0.0,0.0,0.0,0.0,0.0
b1247,0.0,0.0,0.0,0.0,0.0,0.0,0.0,0.0,0.0,0.0,0.0,0.0,0.0,0.0,0.0,0.0,0.0,0.0,0.0
b1249,0.0,0.0,0.0,0.0,0.0,0.0,0.0,0.0,0.0,0.0,0.0,0.0,0.0,0.0,0.0,0.0,0.0,0.0,0.0
b1250,0.0,0.0,0.0,0.0,0.0,0.0,0.0,0.0,0.0,0.0,0.0,0.0,0.0,0.0,0.0,0.0,0.0,0.0,0.0
b1252,0.0,0.0,0.0,0.0,0.0,0.0,0.0,0.0,0.0,0.0,0.0,0.0,0.0,0.0,0.0,0.0,0.0,0.0,0.0
b1260,2.2071261407971904e-07,1.391102144347264e-07,8.885492691755026e-09,3.326039326793281e-08,1.1233863482657613e-07,8.472095089346555e-08,1.0587663347506133e-08,1.7281245571333465e-07,8.775552131415284e-08,1.0280757440126893e-07,3.1489151188691455e-08,1.4460712624682304e-08,4.2614737871242234e-08,8.479315423887753e-08,8.248920856381904e-08,3.370407087286433e-08,1.7865353000685056e-08,7.19792202042044e-08,2.4046662690017343e-08
b1261,2.2071261407971904e-07,1.391102144347264e-07,8.885492691755026e-09,3.326039326793281e-08,1.1233863482657613e-07,8.472095089346555e-08,1.0587663347506133e-08,1.7281245571333465e-07,8.775552131415284e-08,1.0280757440126893e-07,3.1489151188691455e-08,1.4460712624682304e-08,4.2614737871242234e-08,8.479315423887753e-08,8.248920856381904e-08,3.370407087286433e-08,1.7865353000685056e-08,7.19792202042044e-08,2.4046662690017343e-08
b1262,1.621246727744877e-05,1.0218354799908653e-05,6.526847598164785e-07,2.4431455344762165e-06,8.251845725778513e-06,6.223185973315273e-06,7.777178766234357e-07,1.2693956324472027e-05,6.446090648934478e-06,7.5517407231307375e-06,2.3130387693061533e-06,1.0622131010218274e-06,3.1302698586363056e-06,6.228489677318304e-06,6.059253115911742e-06,2.4757359175935634e-06,1.312301302448723e-06,5.287240863340278e-06,1.766350027701374e-06
b1263,5.001572711476294e-05,3.15237919366511e-05,2.0135431751559158e-06,7.537143993128423e-06,2.5457079231101955e-05,1.9198630664853204e-05,2.3992723885757455e-06,3.916106319083476e-05,1.9886295240366804e-05,2.3297243830057315e-05,7.1357624914009176e-06,3.2769448159400744e-06,9.65693378841213e-06,1.9214992678578412e-05,1.8692895114506506e-05,7.63768585888319e-06,4.04847101384262e-06,1.631122466959049e-05,5.449218768666535e-06
b1264,4.458745149631731e-06,2.8102471463232103e-06,1.7950105664165287e-07,6.719127394534645e-07,2.2694187427290885e-06,1.7114976887183652e-06,2.1388760580569135e-07,3.4910859169538595e-06,1.7728008281010936e-06,2.076876193136359e-06,6.36130837895321e-07,2.921293490377142e-07,8.608853489343386e-07,1.7129563109067037e-06,1.666412951133113e-06,6.808757313388043e-07,3.609084889434181e-07,1.4540945033791845e-06,4.85780756487344e-07
b1269,2.3159896499716365e-10,1.3768621461183336e-10,5.897705608338418e-12,2.5685540742156512e-11,1.0564690675146466e-10,7.674594590065888e-11,7.127526815655402e-12,1.7834238567857304e-10,8.11697834049351e-11,9.604674758906492e-11,2.471636890503561e-11,1.0188087214940919e-11,3.4878921427517654e-11,7.595887782403736e-11,7.4959696106457e-11,2.6521202784897694e-11,1.2961884389452569e-11,6.310121000170324e-11,1.8031868072990902e-11
b1270,0.0,0.0,0.0,0.0,0.0,0.0,0.0,0.0,0.0,0.0,0.0,0.0,0.0,0.0,0.0,0.0,0.0,0.0,0.0
b1276,2.554909341535107e-06,1.2945899224485403e-06,2.1411508723332733e-07,6.227235511201455e-07,1.791192087972351e-06,5.072661473038325e-07,0.0,1.6643093922517296e-06,9.476088935371287e-07,1.3556283058618447e-06,3.8485787081415544e-07,1.1936957137719517e-07,1.3271658786058812e-07,1.0920286221718678e-06,1.0333607762484961e-06,3.270444727852947e-07,5.8043849579627076e-08,1.1268051684979085e-06,2.278874428525937e-07
b1277,1.140374100860606e-05,8.318479206192672e-06,1.1582663647187104e-06,2.962563444635744e-06,7.23358947338145e-06,5.860285951107914e-06,1.3387969448174945e-06,9.882730081452328e-06,5.9778146453128265e-06,6.5613155011303435e-06,2.8850736220291743e-06,1.6848925241507832e-06,3.4799394384431605e-06,5.810715978655132e-06,5.762449042703101e-06,3.074470849419152e-06,1.9715470092945094e-06,5.123863315397553e-06,2.3681643988945615e-06
b1278,0.0,0.0,0.0,0.0,0.0,0.0,0.0,0.0,0.0,0.0,0.0,0.0,0.0,0.0,0.0,0.0,0.0,0.0,0.0
b1281,1.712377458878989e-05,1.089327445753848e-05,9.819659997295237e-07,0.0,0.0,6.718388989624473e-06,1.1317289788362434e-06,1.3642958723022562e-05,7.004062342737291e-06,8.050341020573294e-06,2.8110660658547826e-06,1.4804674710419312e-06,3.6146711682411104e-06,6.652682741921721e-06,6.58648867639082e-06,2.9721463969420455e-06,1.7650940010651692e-06,5.712721246160449e-06,2.229856879301818e-06
b1286,0.0,0.0,0.0,0.0,0.0,0.0,0.0,0.0,0.0,0.0,0.0,0.0,0.0,0.0,0.0,0.0,0.0,0.0,0.0
b1288,8.347056008841335e-12,6.0208096897773444e-12,4.332138832733111e-13,1.557436554618214e-12,4.830434086552032e-12,3.8083088290513785e-12,5.21578036565302e-13,7.39225580101918e-12,4.048767770340832e-12,4.428108855616172e-12,1.557436554618214e-12,7.327812408554458e-13,2.0572889404817638e-12,3.8083088290513785e-12,3.8083088290513785e-12,1.6908627641456396e-12,9.012902359236733e-13,3.249223775083216e-12,1.1996200102761604e-12
b1291,0.0,0.0,0.0,0.0,0.0,0.0,0.0,0.0,0.0,0.0,0.0,0.0,0.0,0.0,0.0,0.0,0.0,0.0,0.0
b1296,0.0,0.0,0.0,0.0,0.0,9.281734112942583e-06,0.0,0.0,0.0,0.0,0.0,2.074390140366991e-06,0.0,0.0,0.0,2.1038841293666727e-06,0.0,0.0,0.0
b1297,1.1952345989407372e-06,4.856449777245047e-07,7.279883204005661e-08,2.139469315448122e-07,5.530300719397978e-07,4.902871913073588e-07,8.399080918867774e-08,5.97976880090908e-07,4.5020094677751456e-07,5.414600518262386e-07,2.0887598061413653e-07,1.0970103457474433e-07,2.685470176219857e-07,4.859992327227573e-07,4.81150475208752e-07,2.2049985708691549e-07,1.3085341286351788e-07,4.200558906431139e-07,8.469316484946248e-08
b1298,0.0,0.0,0.0,0.0,0.0,0.0,0.0,0.0,0.0,0.0,0.0,0.0,0.0,0.0,0.0,0.0,0.0,0.0,0.0
b1300,0.0,0.0,0.0,0.0,0.0,0.0,0.0,0.0,0.0,0.0,0.0,0.0,0.0,0.0,0.0,0.0,0.0,0.0,0.0
b1301,0.0,0.0,0.0,0.0,0.0,0.0,0.0,0.0,0.0,0.0,0.0,0.0,0.0,0.0,0.0,0.0,0.0,0.0,0.0
b1302,0.0,0.0,0.0,0.0,0.0,1.0222348301800114e-05,0.0,0.0,0.0,0.0,0.0,2.1911404632624294e-06,0.0,0.0,0.0,0.0,1.2317373679312502e-06,0.0,0.0
b1308,0.0,0.0,0.0,0.0,0.0,0.0,0.0,0.0,0.0,0.0,0.0,0.0,0.0,0.0,0.0,0.0,0.0,0.0,0.0
b1319,0.0,0.0,0.0,0.0,0.0,0.0,0.0,0.0,0.0,0.0,0.0,0.0,0.0,0.0,0.0,0.0,0.0,0.0,0.0
b1325,0.0,0.0,0.0,0.0,0.0,0.0,0.0,0.0,0.0,0.0,0.0,0.0,0.0,0.0,0.0,0.0,0.0,0.0,0.0
b1326,0.0,0.0,0.0,0.0,0.0,0.0,0.0,0.0,0.0,0.0,0.0,0.0,0.0,0.0,0.0,0.0,0.0,0.0,0.0
b1329,0.0,0.0,0.0,0.0,0.0,0.0,0.0,0.0,0.0,0.0,0.0,0.0,0.0,0.0,0.0,0.0,0.0,0.0,0.0
b1344,8.374421685435156e-11,5.040916203544351e-11,2.2234097158216734e-12,9.563424963742956e-12,3.878633170803572e-11,2.8191745887433677e-11,2.695995045895903e-12,6.503956825251377e-11,2.980982775232242e-11,3.5050655350287015e-11,9.1743257847217e-12,3.816503683990045e-12,1.2964868340651026e-11,2.7899966909547266e-11,2.7476634324408844e-11,9.846983024159489e-12,4.852203472476849e-12,2.3231601977159644e-11,6.755864762954459e-12
b1363,0.0,0.0,0.0,0.0,0.0,0.0,0.0,0.0,0.0,0.0,0.0,0.0,0.0,0.0,0.0,0.0,0.0,0.0,0.0
b1377,0.00037354841922363635,0.00023756344545285054,4.595966782646882e-05,0.00010131242392387744,0.00022346475871112337,0.0001682597323230839,4.219412201573865e-05,0.0002577235878163887,0.000178106418371902,0.0002203809705884965,9.919727102058373e-05,5.1837079987593526e-05,0.0001279823248020154,0.0001825111534055834,0.00017638691925197952,9.158135318702694e-05,6.342058663396055e-05,0.0001674713186820845,7.533631866458646e-05
b1378,2.117341565443517e-07,1.881977110178813e-07,5.5642448814299935e-08,1.1243210987337596e-07,1.3244430215224242e-07,1.6076929107661498e-07,6.226745658282549e-08,2.02410030819633e-07,1.6422257647084174e-07,1.6936753487266963e-07,1.1243136514270779e-07,7.595632121756677e-08,1.2719364281054774e-07,1.6076839405307585e-07,1.6076689931358534e-07,1.1675178328675615e-07,8.522968981020398e-08,1.5195952845176354e-07,9.904487812032086e-08
b1380,0.0,0.0,0.0,0.0,0.0,0.0,0.0,0.0,0.0,0.0,0.0,0.0,0.0,0.0,0.0,0.0,0.0,0.0,0.0
b1385,0.0,0.0,0.0,0.0,0.0,0.0,0.0,0.0,0.0,0.0,0.0,0.0,0.0,0.0,0.0,0.0,0.0,0.0,0.0
b1386,0.0,0.0,0.0,0.0,0.0,0.0,0.0,0.0,0.0,0.0,0.0,0.0,0.0,0.0,0.0,0.0,0.0,0.0,0.0
b1387,0.0,0.0,0.0,0.0,0.0,0.0,0.0,0.0,0.0,0.0,0.0,0.0,0.0,0.0,0.0,0.0,0.0,0.0,0.0
b1388,0.0,0.0,0.0,0.0,0.0,0.0,0.0,0.0,0.0,0.0,0.0,0.0,0.0,0.0,0.0,0.0,0.0,0.0,0.0
b1389,0.0,0.0,0.0,0.0,0.0,0.0,0.0,0.0,0.0,0.0,0.0,0.0,0.0,0.0,0.0,0.0,0.0,0.0,0.0
b1390,0.0,0.0,0.0,0.0,0.0,0.0,0.0,0.0,0.0,0.0,0.0,0.0,0.0,0.0,0.0,0.0,0.0,0.0,0.0
b1391,0.0,0.0,0.0,0.0,0.0,0.0,0.0,0.0,0.0,0.0,0.0,0.0,0.0,0.0,0.0,0.0,0.0,0.0,0.0
b1392,0.0,0.0,0.0,0.0,0.0,0.0,0.0,0.0,0.0,0.0,0.0,0.0,0.0,0.0,0.0,0.0,0.0,0.0,0.0
b1393,0.0,0.0,0.0,0.0,0.0,0.0,0.0,0.0,0.0,0.0,0.0,0.0,0.0,0.0,0.0,0.0,0.0,0.0,0.0
b1394,0.0,0.0,0.0,0.0,0.0,0.0,0.0,0.0,0.0,0.0,0.0,0.0,0.0,0.0,0.0,0.0,0.0,0.0,0.0
b1395,0.0,0.0,0.0,0.0,0.0,0.0,0.0,0.0,0.0,0.0,0.0,0.0,0.0,0.0,0.0,0.0,0.0,0.0,0.0
b1397,0.0,0.0,0.0,0.0,0.0,0.0,0.0,0.0,0.0,0.0,0.0,0.0,0.0,0.0,0.0,0.0,0.0,0.0,0.0
b1398,0.0,0.0,0.0,0.0,0.0,0.0,0.0,0.0,0.0,0.0,0.0,0.0,0.0,0.0,0.0,0.0,0.0,0.0,0.0
b1415,3.98751763434098e-09,3.2071436553854844e-09,5.548265592251965e-10,1.3020465744786872e-09,2.7691094682923457e-09,2.3632245793344837e-09,6.279159792046136e-10,3.6773271406138998e-09,2.461681804873768e-09,2.61313513905792e-09,1.3020465744786872e-09,7.876578043142673e-10,1.5675294504863978e-09,2.3632245793344837e-09,2.3632245793344837e-09,1.3753871608497861e-09,9.041990100546438e-10,2.1258723391951395e-09,1.0940808021661191e-09
b1440,0.0,0.0,0.0,0.0,0.0,0.0,0.0,0.0,0.0,0.0,0.0,0.0,0.0,0.0,0.0,0.0,0.0,0.0,0.0
b1441,0.0,0.0,0.0,0.0,0.0,0.0,0.0,0.0,0.0,0.0,0.0,0.0,0.0,0.0,0.0,0.0,0.0,0.0,0.0
b1442,0.0,0.0,0.0,0.0,0.0,0.0,0.0,0.0,0.0,0.0,0.0,0.0,0.0,0.0,0.0,0.0,0.0,0.0,0.0
b1443,0.0,0.0,0.0,0.0,0.0,0.0,0.0,0.0,0.0,0.0,0.0,0.0,0.0,0.0,0.0,0.0,0.0,0.0,0.0
b1444,0.0,0.0,0.0,0.0,0.0,1.3134726831578785e-05,0.0,0.0,0.0,0.0,0.0,2.8154031329086047e-06,0.0,0.0,0.0,0.0,0.0,0.0,0.0
b1453,0.0,0.0,0.0,0.0,0.0,0.0,0.0,0.0,3.605465443429392e-07,0.0,0.0,0.0,0.0,0.0,0.0,0.0,0.0,0.0,0.0
b1463,0.0,0.0,0.0,0.0,0.0,0.0,0.0,0.0,0.0,0.0,0.0,0.0,0.0,0.0,0.0,0.0,0.0,0.0,0.0
b1465,0.0,0.0,0.0,0.0,0.0,0.0,0.0,0.0,0.0,0.0,0.0,0.0,0.0,0.0,0.0,0.0,0.0,0.0,0.0
b1466,0.0,0.0,0.0,0.0,0.0,0.0,0.0,0.0,0.0,0.0,0.0,0.0,0.0,0.0,0.0,0.0,0.0,0.0,0.0
b1467,0.0,0.0,0.0,0.0,0.0,0.0,0.0,0.0,0.0,0.0,0.0,0.0,0.0,0.0,0.0,0.0,0.0,0.0,0.0
b1468,0.0,0.0,0.0,0.0,0.0,0.0,0.0,0.0,0.0,0.0,0.0,0.0,0.0,0.0,0.0,0.0,0.0,0.0,0.0
b1469,0.0,0.0,0.0,0.0,0.0,0.0,0.0,0.0,0.0,0.0,0.0,0.0,0.0,0.0,0.0,0.0,0.0,0.0,0.0
b1473,0.0,0.0,0.0,0.0,0.0,0.0,0.0,0.0,0.0,0.0,0.0,0.0,0.0,0.0,0.0,0.0,0.0,0.0,0.0
b1474,0.0,0.0,0.0,0.0,0.0,0.0,0.0,0.0,0.0,0.0,0.0,0.0,0.0,0.0,0.0,0.0,0.0,0.0,0.0
b1475,0.0,0.0,0.0,0.0,0.0,0.0,0.0,0.0,0.0,0.0,0.0,0.0,0.0,0.0,0.0,0.0,0.0,0.0,0.0
b1476,0.0,0.0,0.0,0.0,0.0,0.0,0.0,0.0,0.0,0.0,0.0,0.0,0.0,0.0,0.0,0.0,0.0,0.0,0.0
b1478,0.0,0.0,0.0,0.0,0.0,0.0,0.0,0.0,0.0,0.0,0.0,0.0,0.0,0.0,0.0,0.0,0.0,0.0,0.0
b1479,0.0,0.0,0.0,0.0,0.0,5.083706204261788e-06,9.068249197809497e-07,0.0,0.0,0.0,0.0,1.345410287022118e-06,0.0,0.0,0.0,0.0,4.4465622583801645e-06,0.0,0.0
b1480,6.881797817058582e-05,4.5619220133336694e-05,4.698087190982779e-06,1.3356481185921399e-05,3.76706684645223e-05,2.962235272701723e-05,5.33709207956277e-06,5.5182966279386625e-05,3.069693626950275e-05,3.5254806173868566e-05,1.2852511830618529e-05,6.811464023703364e-06,1.652995972463623e-05,2.931856067764909e-05,2.8932897136347975e-05,1.3418295030629333e-05,8.08821585901841e-06,2.5679448939823602e-05,1.0228986979587574e-05
b1483,0.0,0.0,0.0,0.0,0.0,0.0,0.0,0.0,0.0,0.0,0.0,0.0,0.0,0.0,0.0,0.0,0.0,0.0,0.0
b1484,0.0,0.0,0.0,0.0,0.0,0.0,0.0,0.0,0.0,0.0,0.0,0.0,0.0,0.0,0.0,0.0,0.0,0.0,0.0
b1485,0.0,0.0,0.0,0.0,0.0,0.0,0.0,0.0,0.0,0.0,0.0,0.0,0.0,0.0,0.0,0.0,0.0,0.0,0.0
b1486,0.0,0.0,0.0,0.0,0.0,0.0,0.0,0.0,0.0,0.0,0.0,0.0,0.0,0.0,0.0,0.0,0.0,0.0,0.0
b1487,0.0,0.0,0.0,0.0,0.0,0.0,0.0,0.0,0.0,0.0,0.0,0.0,0.0,0.0,0.0,0.0,0.0,0.0,0.0
b1488,0.0,0.0,0.0,0.0,0.0,0.0,0.0,0.0,0.0,0.0,0.0,0.0,0.0,0.0,0.0,0.0,0.0,0.0,0.0
b1489,0.0,0.0,0.0,0.0,0.0,0.0,0.0,0.0,0.0,0.0,0.0,0.0,0.0,0.0,0.0,0.0,0.0,0.0,0.0
b1492,0.0,0.0,0.0,0.0,0.0,0.0,0.0,0.0,0.0,0.0,0.0,0.0,0.0,0.0,0.0,0.0,3.1833156578612102e-18,0.0,0.0
b1493,0.0,0.0,0.0,0.0,0.0,0.0,0.0,0.0,0.0,0.0,0.0,0.0,0.0,0.0,0.0,0.0,0.0,0.0,0.0
b1519,0.0,0.0,0.0,0.0,0.0,0.0,0.0,0.0,0.0,0.0,0.0,0.0,0.0,0.0,0.0,0.0,0.0,0.0,0.0
b1521,0.0,0.0,0.0,0.0,0.0,0.0,0.0,0.0,0.0,0.0,0.0,0.0,0.0,0.0,0.0,0.0,0.0,0.0,0.0
b1524,0.0,0.0,0.0,0.0,0.0,0.0,0.0,0.0,0.0,0.0,0.0,0.0,0.0,0.0,0.0,0.0,0.0,0.0,0.0
b1525,0.0,0.0,0.0,0.0,0.0,1.1229493498935703e-05,0.0,0.0,0.0,0.0,0.0,2.407020076113774e-06,0.0,0.0,0.0,0.0,5.992791240233231e-06,0.0,0.0
b1528,0.0,0.0,0.0,0.0,0.0,0.0,0.0,0.0,0.0,0.0,0.0,0.0,0.0,0.0,0.0,0.0,0.0,0.0,0.0
b1533,0.0,0.0,0.0,0.0,0.0,0.0,0.0,0.0,0.0,0.0,0.0,0.0,0.0,0.0,0.0,0.0,0.0,0.0,0.0
b1539,0.0,0.0,0.0,0.0,0.0,0.0,0.0,0.0,0.0,0.0,0.0,0.0,0.0,0.0,0.0,0.0,0.0,0.0,0.0
b1584,0.0,0.0,0.0,0.0,0.0,0.0,0.0,0.0,0.0,0.0,0.0,0.0,0.0,0.0,0.0,0.0,0.0,0.0,0.0
b1587,0.0,0.0,0.0,0.0,0.0,0.0,0.0,0.0,0.0,0.0,0.0,0.0,0.0,0.0,0.0,0.0,0.0,0.0,0.0
b1588,0.0,0.0,0.0,0.0,0.0,0.0,0.0,0.0,0.0,0.0,0.0,0.0,0.0,0.0,0.0,0.0,0.0,0.0,0.0
b1589,0.0,0.0,0.0,0.0,0.0,0.0,0.0,0.0,0.0,0.0,0.0,0.0,0.0,0.0,0.0,0.0,0.0,0.0,0.0
b1590,0.0,0.0,0.0,0.0,0.0,0.0,0.0,0.0,0.0,0.0,0.0,0.0,0.0,0.0,0.0,0.0,0.0,0.0,0.0
b1591,0.0,0.0,0.0,0.0,0.0,0.0,0.0,0.0,0.0,0.0,0.0,0.0,0.0,0.0,0.0,0.0,0.0,0.0,0.0
b1592,0.0,0.0,0.0,0.0,0.0,0.0,0.0,0.0,0.0,0.0,0.0,0.0,0.0,0.0,0.0,0.0,0.0,0.0,0.0
b1599,0.0,0.0,0.0,0.0,0.0,0.0,0.0,0.0,0.0,0.0,0.0,0.0,0.0,0.0,0.0,0.0,0.0,0.0,0.0
b1600,0.0,0.0,0.0,0.0,0.0,0.0,0.0,0.0,0.0,0.0,0.0,0.0,0.0,0.0,0.0,0.0,0.0,0.0,0.0
b1602,0.0,0.0,0.0,0.0,0.0,0.0,0.0,0.0,0.0,0.0,0.0,0.0,0.0,0.0,0.0,0.0,0.0,0.0,0.0
b1603,0.0,0.0,0.0,0.0,0.0,0.0,0.0,0.0,0.0,0.0,0.0,0.0,0.0,0.0,0.0,0.0,0.0,0.0,0.0
b1605,0.0,0.0,0.0,0.0,0.0,0.0,0.0,0.0,0.0,0.0,0.0,0.0,0.0,0.0,0.0,2.146926521121256e-06,0.0,0.0,0.0
b1606,0.0,0.0,0.0,0.0,0.0,0.0,0.0,0.0,0.0,0.0,0.0,0.0,0.0,0.0,0.0,0.0,0.0,0.0,0.0
b1611,0.0,0.0,0.0,0.0,0.0,0.0,0.0,0.0,0.0,0.0,0.0,0.0,0.0,0.0,0.0,0.0,0.0,0.0,0.0
b1612,5.621036445779477e-06,2.458123384540634e-06,4.863074813004198e-07,1.3941659786373766e-06,3.970586755852754e-06,3.192079886395524e-06,5.576057843288264e-07,3.1824886358006765e-06,2.083614353543408e-06,2.9934099895887613e-06,8.586052466103239e-07,7.396852558524329e-07,6.115692490609671e-07,2.4138031524696083e-06,2.2822693449581466e-06,1.159089535091427e-06,1.2303052167233991e-06,2.5013241487886512e-06,4.639769703912144e-07
b1613,0.0,0.0,0.0,0.0,0.0,0.0,0.0,0.0,0.0,0.0,0.0,0.0,0.0,0.0,0.0,0.0,0.0,0.0,0.0
b1621,7.302763787945522e-07,4.708239916569508e-07,3.373189968255023e-08,1.1648365556999627e-07,3.776675877509253e-07,2.910574769073078e-07,3.96998296269872e-08,5.819484143493676e-07,3.017279704160429e-07,3.505316457018416e-07,1.122231623225695e-07,5.371330407097659e-08,1.4909472445023761e-07,2.8903151389670415e-07,2.8354993141164984e-07,1.195448353283915e-07,6.567422641980044e-08,2.482142163496806e-07,8.644638980464951e-08
b1622,7.302763787945522e-07,4.708239916569508e-07,3.373189968255023e-08,1.1648365556999627e-07,3.776675877509253e-07,2.910574769073078e-07,3.96998296269872e-08,5.819484143493676e-07,3.017279704160429e-07,3.505316457018416e-07,1.122231623225695e-07,5.371330407097659e-08,1.4909472445023761e-07,2.8903151389670415e-07,2.8354993141164984e-07,1.195448353283915e-07,6.567422641980044e-08,2.482142163496806e-07,8.644638980464951e-08
b1623,0.0,0.0,0.0,0.0,0.0,0.0,2.063885089950833e-13,7.959887447130498e-06,0.0,0.0,0.0,0.0,8.009443180980761e-13,0.0,0.0,0.0,0.0,0.0,0.0
b1634,0.0,0.0,0.0,0.0,0.0,0.0,0.0,0.0,0.0,0.0,0.0,0.0,0.0,0.0,0.0,0.0,0.0,0.0,0.0
b1636,0.0,0.0,0.0,0.0,0.0,0.0,0.0,0.0,0.0,0.0,0.0,0.0,0.0,0.0,0.0,0.0,0.0,0.0,0.0
b1637,7.252783639278515e-07,4.5695048662406623e-07,3.033735035718369e-08,1.098985677379087e-07,3.6841786676476344e-07,2.7887173896640166e-07,3.5595417784550086e-08,5.660054277052573e-07,2.9050577704444065e-07,3.4168395578899443e-07,1.0545746502754114e-07,4.84018578624521e-08,1.4221593157426086e-07,2.779550335323818e-07,2.729847260981058e-07,1.1094517557598791e-07,5.995378975760943e-08,2.3757539722585508e-07,7.988425621345895e-08
b1638,0.0,0.0,0.0,0.0,0.0,0.0,0.0,0.0,0.0,0.0,0.0,0.0,0.0,0.0,0.0,0.0,0.0,0.0,0.0
b1640,0.0,0.0,0.0,0.0,0.0,0.0,0.0,0.0,0.0,0.0,0.0,0.0,0.0,0.0,0.0,0.0,0.0,0.0,0.0
b1646,0.0,0.0,0.0,0.0,0.0,0.0,0.0,0.0,0.0,0.0,0.0,0.0,0.0,0.0,0.0,0.0,0.0,0.0,0.0
b1651,0.0,0.0,0.0,0.0,0.0,0.0,0.0,0.0,0.0,0.0,0.0,0.0,0.0,0.0,0.0,0.0,0.0,0.0,0.0
b1652,9.696822215479974e-09,5.7736927563707935e-09,2.5092799031097387e-10,1.083705059181634e-09,4.4344902929762805e-09,3.2266149704988117e-09,3.0263721100797017e-10,7.47286529792659e-09,3.415304064059357e-09,4.031874085561336e-09,1.0447347344075014e-09,4.325057643918259e-10,1.473130383038025e-09,3.188297792615251e-09,3.1511747433419846e-09,1.1198559446013504e-09,5.49379307586702e-10,2.652655884250185e-09,7.624416935563986e-10
b1654,8.142676707478329e-10,4.810970750835072e-10,1.9312623975984247e-11,8.763387810883814e-11,3.686366996735701e-10,2.665432714619059e-10,2.3529647224787364e-11,6.243012160904164e-10,2.799316607060569e-10,3.339422424733397e-10,8.361139169316556e-11,3.3803446154681793e-11,1.1901563641987505e-10,2.6418031120027407e-10,2.588953745821192e-10,8.995196973393039e-11,4.332978789420668e-11,2.1831338717572963e-10,6.088307450876893e-11
b1656,0.0,0.0,0.0,0.0,0.0,0.0,0.0,0.0,0.0,0.0,0.0,0.0,0.0,0.0,0.0,0.0,0.0,0.0,0.0
b1661,0.0,0.0,0.0,0.0,0.0,0.0,0.0,0.0,0.0,0.0,0.0,0.0,0.0,0.0,0.0,0.0,0.0,0.0,0.0
b1662,6.701856557817904e-09,4.888681212333912e-09,6.807007477837178e-10,1.7410668336294146e-09,4.251103125909189e-09,3.4440273417715465e-09,7.867966378261731e-10,5.807974712468634e-09,3.513097697665682e-09,3.8560149065098516e-09,1.6955268941123677e-09,9.901933061858054e-10,2.0451231686811365e-09,3.414895599415874e-09,3.386529637667727e-09,1.8068336178846926e-09,1.158657079577238e-09,3.011239639320532e-09,1.3917448751900777e-09
b1676,0.0,0.0,5.739938386812401e-07,7.959806955587411e-07,7.863277576611266e-07,2.2145623864809987e-06,6.825041230103082e-07,0.0,3.110132197946938e-06,1.8273549844828036e-07,1.2725761734217745e-06,1.0643459365539997e-06,2.1892512859608743e-06,0.0,1.3193680215608652e-06,1.5407567654199218e-06,1.061736668637383e-06,1.2529626149302158e-06,9.053691460041041e-07
b1677,0.0028326375,0.0025403812499999994,0.0010566187499999997,0.00161865,0.0023605312499999993,0.0021806812499999997,0.0011240624999999998,0.0027202312499999995,0.00222564375,0.0022930874999999994,0.00161865,0.0012589499999999998,0.00177601875,0.0021806812499999997,0.0021806812499999997,0.0016636125,0.0013488749999999998,0.0020682749999999996,0.0014837625
b1679,0.0,0.0,0.0,0.0,0.0,0.0,0.0,0.0,0.0,0.0,0.0,0.0,0.0,0.0,0.0,0.0,0.0,0.0,0.0
b1680,0.0,0.0,0.0,0.0,0.0,0.0,0.0,0.0,0.0,0.0,0.0,0.0,0.0,0.0,0.0,0.0,0.0,0.0,0.0
b1681,0.0,0.0,0.0,0.0,0.0,0.0,0.0,0.0,0.0,0.0,0.0,0.0,0.0,0.0,0.0,0.0,0.0,0.0,0.0
b1682,0.0,0.0,0.0,0.0,0.0,0.0,0.0,0.0,0.0,0.0,0.0,0.0,0.0,0.0,0.0,0.0,0.0,0.0,0.0
b1683,0.0,0.0,0.0,0.0,0.0,0.0,0.0,0.0,0.0,0.0,0.0,0.0,0.0,0.0,0.0,0.0,0.0,0.0,0.0
b1684,0.0,0.0,0.0,0.0,0.0,0.0,0.0,0.0,0.0,0.0,0.0,0.0,0.0,0.0,0.0,0.0,0.0,0.0,0.0
b1692,2.720500846621547e-06,1.7175814200611575e-06,1.1035602190947965e-07,4.078649451069902e-07,1.3816161598285184e-06,1.0458660992708434e-06,1.3021115718191844e-07,2.1336978531681692e-06,1.085928014265174e-06,1.2755336618964759e-06,3.8925824063804096e-07,1.783562458732194e-07,5.269322027752132e-07,1.0406987373402402e-06,1.0177244055644614e-06,4.130613420369586e-07,2.206676918946024e-07,8.864807579461175e-07,2.9573324792417064e-07
b1693,2.3829980394797265e-05,1.5044998650654437e-05,9.6665356374232e-07,3.572655990052232e-06,1.2102141428382643e-05,9.161169228143366e-06,1.1405728201416855e-06,1.8689932801366904e-05,9.512087938600115e-06,1.1172921410277879e-05,3.4096722500333753e-06,1.5622953573885485e-06,4.615614833244512e-06,9.115906190033299e-06,8.914664614798996e-06,3.61817335760553e-06,1.93291863082631e-06,7.765047788334578e-06,2.59044855982104e-06
b1701,0.0,0.0,0.0,0.0,0.0,0.0,0.0,0.0,0.0,0.0,0.0,0.0,0.0,0.0,0.0,0.0,0.0,0.0,0.0
b1702,0.0,0.0,0.0,0.0,0.0,0.0,0.0,0.0,0.0,0.0,0.0,0.0,0.0,0.0,0.0,0.0,0.0,0.0,0.0
b1704,0.0,0.0,0.0,0.0,0.0,0.0,0.0,0.0,0.0,0.0,0.0,0.0,0.0,0.0,0.0,0.0,0.0,0.0,0.0
b1709,0.0,0.0,0.0,0.0,0.0,0.0,0.0,0.0,0.0,0.0,0.0,0.0,0.0,0.0,0.0,0.0,0.0,0.0,0.0
b1710,0.0,0.0,0.0,0.0,0.0,0.0,0.0,0.0,0.0,0.0,0.0,0.0,0.0,0.0,0.0,0.0,0.0,0.0,0.0
b1711,0.0,0.0,0.0,0.0,0.0,0.0,0.0,0.0,0.0,0.0,0.0,0.0,0.0,0.0,0.0,0.0,0.0,0.0,0.0
b1713,9.286152844295653e-07,5.867206791147902e-07,3.637546464547118e-08,1.369901401634963e-07,4.702867404421236e-07,3.561301258780362e-07,4.301306442450489e-08,7.308723927220426e-07,3.69092034205464e-07,4.3377971476379225e-07,1.3043681859001252e-07,5.941317853502819e-08,1.7735743576278433e-07,3.5323712311637475e-07,3.447902561535763e-07,1.3899304379879487e-07,7.35562428598442e-08,3.002827498077884e-07,9.904234560239394e-08
b1714,9.286152844295653e-07,5.867206791147902e-07,3.637546464547118e-08,1.369901401634963e-07,4.702867404421236e-07,3.561301258780362e-07,4.301306442450489e-08,7.308723927220426e-07,3.69092034205464e-07,4.3377971476379225e-07,1.3043681859001252e-07,5.941317853502819e-08,1.7735743576278433e-07,3.5323712311637475e-07,3.447902561535763e-07,1.3899304379879487e-07,7.35562428598442e-08,3.002827498077884e-07,9.904234560239394e-08
b1716,6.881797817058582e-05,4.5619220133336694e-05,4.698087190982779e-06,1.3356481185921399e-05,3.76706684645223e-05,2.962235272701723e-05,5.33709207956277e-06,5.5182966279386625e-05,3.069693626950275e-05,3.5254806173868566e-05,1.2852511830618529e-05,6.811464023703364e-06,1.652995972463623e-05,2.931856067764909e-05,2.8932897136347975e-05,1.3418295030629333e-05,8.08821585901841e-06,2.5679448939823602e-05,1.0228986979587574e-05
b1717,6.881797817058582e-05,4.5619220133336694e-05,4.698087190982779e-06,1.3356481185921399e-05,3.76706684645223e-05,2.962235272701723e-05,5.33709207956277e-06,5.5182966279386625e-05,3.069693626950275e-05,3.5254806173868566e-05,1.2852511830618529e-05,6.811464023703364e-06,1.652995972463623e-05,2.931856067764909e-05,2.8932897136347975e-05,1.3418295030629333e-05,8.08821585901841e-06,2.5679448939823602e-05,1.0228986979587574e-05
b1718,5.8806161914247175e-08,3.831681810864198e-08,3.093507915450863e-09,9.962252886831738e-09,3.1012249481496637e-08,2.3893722082539903e-08,3.588899070865741e-09,4.7276028360357874e-08,2.4949220492601276e-08,2.8680005029239112e-08,9.64373336260341e-09,4.785389622859068e-09,1.266764293889817e-08,2.364151130330233e-08,2.339838673244509e-08,1.0231736413162009e-08,5.786414840300195e-09,2.0373697557218924e-08,7.528938718050548e-09
b1719,1.3973114799052425e-06,8.944847957277397e-07,6.151441819174679e-08,2.1864921797405036e-07,7.217554776942041e-07,5.474190565670571e-07,7.218830522541542e-08,1.1076460204339831e-06,5.742498281159785e-07,6.681354558060602e-07,2.0989692866878836e-07,9.796367458910206e-08,2.816230686495158e-07,5.427269235946262e-07,5.34853431394882e-07,2.217199321769138e-07,1.2053192545596612e-07,4.6597871588224537e-07,1.6062664313523111e-07
b1723,4.048513788449293e-05,2.5437615969124574e-05,9.071905467719002e-06,1.774666683869616e-05,1.7930338877817412e-05,3.4412092820547474e-05,9.473092533881078e-06,1.4317839240094694e-05,4.2142103779148494e-05,2.9225671151614084e-05,1.8748186095324308e-05,1.3782540226409411e-05,2.8170030215310925e-05,2.0634046193925048e-05,3.474525792520348e-05,2.144101278707094e-05,1.4524456193699455e-05,2.6007272478986223e-05,1.2155107415387018e-05
b1732,0.0,0.0,0.0,0.0,0.0,0.0,0.0,0.0,0.0,0.0,0.0,0.0,0.0,0.0,0.0,0.0,0.0,0.0,0.0
b1734,0.0,0.0,0.0,0.0,0.0,0.0,0.0,0.0,0.0,0.0,0.0,0.0,0.0,0.0,0.0,0.0,0.0,0.0,0.0
b1740,7.948837060918946e-05,6.369319563389225e-05,1.0935580309500577e-05,2.57135970247479e-05,5.492800758132536e-05,4.681140890723625e-05,1.2378043817585118e-05,7.313530294760656e-05,4.8767044616154625e-05,5.1814204040784454e-05,2.5709675356728465e-05,1.5532355812408986e-05,3.0974892802941927e-05,4.680994160125039e-05,4.6803418012750396e-05,2.7160646280195353e-05,1.7835709576166736e-05,4.208144873904313e-05,2.1591457397113305e-05
b1744,0.0,0.0,0.0,0.0,0.0,0.0,0.0,0.0,0.0,0.0,0.0,0.0,0.0,0.0,0.0,2.486302589108589e-06,0.0,0.0,0.0
b1745,0.0,0.0,0.0,0.0,0.0,0.0,0.0,0.0,0.0,0.0,0.0,0.0,0.0,0.0,0.0,1.955730909558964e-06,0.0,0.0,0.0
b1746,0.0,0.0,0.0,0.0,0.0,0.0,0.0,0.0,0.0,0.0,0.0,0.0,0.0,0.0,0.0,1.8515722702440893e-06,0.0,0.0,0.0
b1747,0.0,0.0,0.0,0.0,0.0,0.0,0.0,0.0,0.0,0.0,0.0,0.0,0.0,0.0,0.0,2.3562546725884373e-06,0.0,0.0,0.0
b1748,0.0,0.0,0.0,0.0,0.0,0.0,0.0,0.0,0.0,0.0,0.0,0.0,0.0,0.0,0.0,2.5474067387821558e-06,0.0,0.0,0.0
b1759,0.0,0.0,0.0,0.0,0.0,0.0,0.0,0.0,0.0,0.0,0.0,0.0,0.0,0.0,0.0,0.0,0.0,0.0,0.0
b1761,2.821674680367e-06,1.6829140333332048e-06,1.7477890944432333e-07,5.08771019495937e-07,1.4710680475293526e-06,5.235985639398557e-06,9.750822879175955e-07,2.0485969542364818e-06,4.870239935073588e-07,1.4329963781241135e-06,3.606690311753708e-07,1.158879455394206e-06,0.0,1.058865051891871e-06,2.23232292089635e-07,1.9622070346132334e-07,1.3831599706600976e-06,7.798474832590718e-07,3.7867806445155794e-07
b1764,0.0,0.0,0.0,0.0,0.0,0.0,0.0,0.0,0.0,0.0,8.972769590404994e-11,0.0,0.0,0.0,0.0,0.0,0.0,2.370846684421265e-10,5.5370448444014615e-11
b1767,0.0,0.0,0.0,0.0,0.0,0.0,0.0,0.0,0.0,0.0,0.0,0.0,0.0,0.0,0.0,0.0,0.0,0.0,0.0
b1768,0.0,0.0,0.0,0.0,0.0,0.0,0.0,0.0,0.0,0.0,0.0,0.0,0.0,0.0,0.0,0.0,0.0,0.0,0.0
b1773,0.0,0.0,0.0,0.0,0.0,0.0,0.0,0.0,0.0,0.0,0.0,0.0,0.0,0.0,0.0,0.0,0.0,0.0,0.0
b1778,0.0,0.0,0.0,0.0,0.0,0.0,0.0,0.0,0.0,0.0,0.0,0.0,0.0,0.0,0.0,0.0,0.0,0.0,0.0
b1779,4.645836458727883e-05,3.28525793227565e-05,7.781969349846862e-06,1.7896777028663204e-05,3.134925282259908e-05,2.685472036793868e-05,7.361564719488088e-06,3.2670400131054074e-05,3.3431348484529433e-05,3.1775761625892806e-05,1.71794784103554e-05,1.0742292702885092e-05,2.2823037678763553e-05,2.1799676419237102e-05,2.7235507763517226e-05,1.8503126523080013e-05,1.1247583362638729e-05,2.3402209706885758e-05,1.4123042179156694e-05
b1781,0.0,0.0,0.0,0.0,0.0,0.0,0.0,0.0,0.0,0.0,0.0,0.0,0.0,0.0,0.0,0.0,0.0,0.0,0.0
b1800,0.0,0.0,0.0,0.0,0.0,0.0,0.0,0.0,0.0,0.0,0.0,0.0,0.0,0.0,0.0,0.0,0.0,0.0,0.0
b1801,0.0,0.0,0.0,0.0,0.0,0.0,0.0,0.0,0.0,0.0,0.0,0.0,0.0,0.0,0.0,0.0,0.0,0.0,0.0
b1804,0.0,0.0,0.0,0.0,0.0,0.0,0.0,0.0,0.0,0.0,0.0,0.0,0.0,0.0,0.0,0.0,0.0,0.0,0.0
b1805,0.0,0.0,0.0,0.0,0.0,0.0,0.0,0.0,0.0,0.0,0.0,0.0,0.0,0.0,0.0,0.0,0.0,0.0,0.0
b1812,2.2240047089133554e-09,1.7887576296368494e-09,3.094498867466364e-10,7.262056192370138e-10,1.5444477145231627e-09,1.3180688023535998e-09,3.502149012524179e-10,2.05099854769466e-09,1.3729824988699794e-09,1.4574543330520622e-09,7.262056192370138e-10,4.39309572131033e-10,8.742764794865363e-10,1.3180688023535998e-09,1.3180688023535998e-09,7.671107197032964e-10,5.043094578034818e-10,1.185687569680186e-09,6.102144439422131e-10
b1814,0.0,0.0,0.0,0.0,0.0,0.0,0.0,0.0,0.0,0.0,1.939514111307038e-06,0.0,0.0,0.0,0.0,0.0,0.0,0.0,0.0
b1817,0.0,0.0,0.0,0.0,0.0,0.0,0.0,0.0,0.0,0.0,0.0,0.0,0.0,0.0,0.0,0.0,0.0,0.0,0.0
b1818,0.0,0.0,0.0,0.0,0.0,0.0,0.0,0.0,0.0,0.0,0.0,0.0,0.0,0.0,0.0,0.0,0.0,0.0,0.0
b1819,0.0,0.0,0.0,0.0,0.0,0.0,0.0,0.0,0.0,0.0,0.0,0.0,0.0,0.0,0.0,0.0,0.0,0.0,0.0
b1822,4.631979299943273e-10,2.753724292236667e-10,1.1795411216676836e-11,5.1371081484313024e-11,2.1129381350292933e-10,1.5349189180131777e-10,1.4255053631310804e-11,3.566847713571461e-10,1.623395668098702e-10,1.9209349517812984e-10,4.943273781007122e-11,2.0376174429881838e-11,6.975784285503531e-11,1.5191775564807472e-10,1.49919392212914e-10,5.304240556979539e-11,2.5923768778905137e-11,1.2620242000340647e-10,3.6063736145981805e-11
b1835,2.3159896499716365e-10,1.3768621461183336e-10,5.897705608338418e-12,2.5685540742156512e-11,1.0564690675146466e-10,7.674594590065888e-11,7.127526815655402e-12,1.7834238567857304e-10,8.11697834049351e-11,9.604674758906492e-11,2.471636890503561e-11,1.0188087214940919e-11,3.4878921427517654e-11,7.595887782403736e-11,7.4959696106457e-11,2.6521202784897694e-11,1.2961884389452569e-11,6.310121000170324e-11,1.8031868072990902e-11
b1849,1.1872291436611386e-06,0.0,1.0517932213034185e-07,2.8024807978672553e-07,6.67232284125814e-07,4.9203014877653974e-08,1.2071353403906543e-07,0.0,4.426614248030487e-06,6.263926587399684e-07,2.702432049679026e-06,1.0321333299220863e-08,1.2778812958095655e-05,4.312563162488583e-06,4.351770779929629e-06,9.55800446890134e-07,1.241440593443357e-08,3.5427812098494776e-06,2.121761316132764e-11
b1850,4.0624170771955e-05,4.6201833586810764e-05,2.5632475765923527e-06,1.4774846280703319e-05,4.8225651429694116e-05,0.0,2.4261115293129665e-07,6.803936879235695e-05,4.547306220276151e-07,3.250292127134714e-05,9.323940871932431e-06,0.0,1.3246614437305658e-05,1.982947917566476e-05,0.0,6.311435603459207e-06,0.0,1.1590396602934778e-05,1.5197763405106554e-05
b1851,1.2762657174496587e-06,1.4514958747383955e-06,8.052804390038521e-08,4.641726693820411e-07,1.5150769714636503e-06,0.0,7.62197212332783e-09,2.1375528946561796e-06,1.4286004921214413e-08,1.0211251909226192e-06,2.9292477508464285e-07,0.0,7.116318896182499e-08,6.229711028158162e-07,0.0,1.9828266609559999e-07,0.0,3.6412868385691783e-07,4.774592083302e-07
b1852,3.294225611412883e-06,2.9484829172430624e-06,1.6969583068010732e-07,9.010725657567143e-07,2.7292615344205064e-06,6.596885226319928e-08,1.3730230030839806e-08,3.850590434054582e-06,1.722831063517757e-07,2.0047378274861988e-06,5.91853054460552e-07,1.2033324352986877e-08,2.0828332842663947e-07,1.3870457218081073e-06,1.384575452086392e-07,4.2486174970489605e-07,0.0,7.766304747616326e-07,8.600956097244371e-07
b1854,0.0,0.0,0.0,0.0,0.0,0.0,0.0,0.0,0.0,0.0,0.0,0.0,0.0,0.0,0.0,0.0,0.0,0.0,0.0
b1855,0.0,0.0,0.0,1.9913648889155653e-59,0.0,0.0,0.0,0.0,0.0,0.0,0.0,0.0,0.0,0.0,0.0,0.0,0.0,0.0,0.0
b1857,0.0,0.0,0.0,0.0,0.0,0.0,0.0,0.0,0.0,0.0,0.0,0.0,0.0,0.0,0.0,0.0,0.0,0.0,0.0
b1858,0.0,0.0,0.0,0.0,0.0,0.0,0.0,0.0,0.0,0.0,0.0,0.0,0.0,0.0,0.0,0.0,0.0,0.0,0.0
b1859,0.0,0.0,0.0,0.0,0.0,0.0,0.0,0.0,0.0,0.0,0.0,0.0,0.0,0.0,0.0,0.0,0.0,0.0,0.0
b1865,0.0,0.0,0.0,0.0,0.0,0.0,0.0,0.0,0.0,0.0,0.0,0.0,0.0,0.0,0.0,0.0,0.0,0.0,0.0
b1866,1.5767490148222473e-06,1.0141907971754378e-06,7.590096821088775e-08,2.5696015117447726e-07,8.213866322173738e-07,6.277504300499755e-07,8.820416875668656e-08,1.2504543713563947e-06,6.597080530814337e-07,7.608368088001521e-07,2.48456010756096e-07,1.1867103599928504e-07,3.305713020376352e-07,6.216763628741246e-07,6.167043738711894e-07,2.6133019638363975e-07,1.4508904532720315e-07,5.363795915950162e-07,1.9099678747499402e-07
b1870,2.792807717815758e-10,1.6655960430194106e-10,7.33534780540782e-12,3.144446011251626e-11,1.2806114494800555e-10,9.352514164682607e-11,8.837569255158742e-12,2.1552932263518658e-10,9.878341043792928e-11,1.163428090067638e-10,3.033468875009344e-11,1.2625661326268407e-11,4.270051752509485e-11,9.223404231673985e-11,9.111963874670065e-11,3.249633153986758e-11,1.6028227398012546e-11,7.673270149357744e-11,2.2168944821220053e-11
b1871,2.792807717815758e-10,1.6655960430194106e-10,7.33534780540782e-12,3.144446011251626e-11,1.2806114494800555e-10,9.352514164682607e-11,8.837569255158742e-12,2.1552932263518658e-10,9.878341043792928e-11,1.163428090067638e-10,3.033468875009344e-11,1.2625661326268407e-11,4.270051752509485e-11,9.223404231673985e-11,9.111963874670065e-11,3.249633153986758e-11,1.6028227398012546e-11,7.673270149357744e-11,2.2168944821220053e-11
b1872,0.0,0.0,0.0,0.0,0.0,0.0,0.0,0.0,0.0,0.0,0.0,0.0,0.0,0.0,0.0,0.0,0.0,0.0,0.0
b1873,0.0,0.0,0.0,0.0,0.0,0.0,0.0,0.0,0.0,0.0,0.0,0.0,0.0,0.0,0.0,0.0,0.0,0.0,0.0
b1876,7.629296579269278e-07,4.866017069961044e-07,3.244267767004617e-08,1.1623410645364376e-07,3.8869906820144057e-07,2.9624731911022766e-07,3.845232888284577e-08,6.05276538982916e-07,3.0954148987337986e-07,3.5883122716463964e-07,1.1202772486855903e-07,5.229230487244628e-08,1.5063009752138332e-07,2.928902186239849e-07,2.8979761426723295e-07,1.193502790185892e-07,6.430528929541454e-08,2.5066878875167647e-07,8.548371205246825e-08
b1896,0.0,0.0,0.0,0.0,0.0,0.0,0.0,0.0,0.0,0.0,0.0,0.0,0.0,0.0,0.0,0.0,0.0,0.0,0.0
b1897,0.0,0.0,0.0,0.0,0.0,0.0,0.0,0.0,0.0,0.0,0.0,0.0,0.0,0.0,0.0,0.0,0.0,0.0,0.0
b4460,0.0,0.0,0.0,0.0,0.0,0.0,0.0,0.0,0.0,0.0,0.0,0.0,0.0,0.0,0.0,0.0,0.0,0.0,0.0
b1900,0.0,0.0,0.0,0.0,0.0,0.0,0.0,0.0,0.0,0.0,0.0,0.0,0.0,0.0,0.0,0.0,0.0,0.0,0.0
b1901,0.0,0.0,0.0,0.0,0.0,0.0,0.0,0.0,0.0,0.0,0.0,0.0,0.0,0.0,0.0,0.0,0.0,0.0,0.0
b1907,0.0,0.0,0.0,0.0,0.0,0.0,0.0,0.0,0.0,0.0,0.0,0.0,0.0,0.0,0.0,0.0,0.0,0.0,0.0
b1912,3.0510198547511016e-08,2.450022939998743e-08,4.228587151879001e-09,9.930290477317406e-09,2.1150186614014088e-08,1.8038332955268193e-08,4.785456535144333e-09,2.8102210425188705e-08,1.8792053674826647e-08,1.995803751610342e-08,9.930049338643676e-09,6.003611618811536e-09,1.1958872902756335e-08,1.8041286779455932e-08,1.8040017438604268e-08,1.0488505555629382e-08,6.892871674738572e-09,1.6226325771769613e-08,8.341614648481065e-09
b1919,0.0,0.0,0.0,0.0,0.0,0.0,0.0,0.0,0.0,0.0,0.0,0.0,0.0,0.0,0.0,0.0,0.0,0.0,0.0
b1922,1.2200473989309244e-08,9.33967751651064e-09,1.436165796108586e-09,3.378682262134079e-09,7.851897769079468e-09,6.5316421904939555e-09,1.6158377279082183e-09,1.101195726799728e-08,6.839751558035139e-09,7.340237041396479e-09,3.376957220693976e-09,2.0157373038962518e-09,4.1222153620582225e-09,6.53038910607506e-09,6.527229832737458e-09,3.5791169276180136e-09,2.3146113679158025e-09,5.787478430981174e-09,2.812911054442828e-09
b1927,0.0,0.0,0.0,0.0,0.0,0.0,0.0,0.0,0.0,0.0,0.0,0.0,0.0,0.0,0.0,0.0,0.0,0.0,0.0
b1981,0.0,0.0,0.0,0.0,0.0,0.0,0.0,0.0,0.0,0.0,0.0,0.0,0.0,0.0,0.0,0.0,0.0,0.0,0.0
b1982,0.0,0.0,0.0,0.0,0.0,0.0,0.0,0.0,0.0,0.0,0.0,0.0,0.0,0.0,0.0,0.0,0.0,0.0,0.0
b1991,0.0,0.0,0.0,0.0,0.0,0.0,0.0,0.0,0.0,0.0,0.0,0.0,0.0,0.0,0.0,0.0,0.0,0.0,0.0
b1992,0.0,0.0,0.0,0.0,0.0,0.0,0.0,0.0,0.0,0.0,0.0,0.0,0.0,0.0,0.0,0.0,0.0,0.0,0.0
b1993,0.0,0.0,0.0,0.0,0.0,0.0,0.0,0.0,0.0,0.0,0.0,0.0,0.0,0.0,0.0,0.0,0.0,0.0,0.0
b2010,0.0,0.0,0.0,0.0,0.0,0.0,0.0,0.0,0.0,0.0,0.0,0.0,0.0,0.0,0.0,0.0,0.0,0.0,0.0
b2019,7.79639630522731e-05,4.9118372113339694e-05,2.9866297077057294e-06,1.135571955093998e-05,3.935518889974864e-05,2.968534028739456e-05,3.5460871407432186e-06,6.13547542654573e-05,3.0968483325433596e-05,3.636951867794493e-05,1.0879181727735357e-05,4.858998781484633e-06,1.4748309734140937e-05,2.917939137633431e-05,2.888840241957919e-05,1.142894384736335e-05,6.071684937208129e-06,2.502922013583983e-05,8.208599906015961e-06
b2020,6.472191823647993e-05,4.077570122618183e-05,2.4793557969233626e-06,9.42697014772783e-06,3.267077786236894e-05,2.4643336378560576e-05,2.9437903487375885e-06,5.093375494939605e-05,2.570853978206111e-05,3.0192218584320045e-05,9.031371452862093e-06,4.033706209053915e-06,1.2243334732732271e-05,2.4223322018444965e-05,2.3981757034707596e-05,9.487757423547294e-06,5.040419710324025e-06,2.077805021364229e-05,6.81438335294645e-06
b2021,3.9258280094306224e-05,2.4733257965721492e-05,1.5038992505354554e-06,5.71810361287417e-06,1.9817066353524946e-05,1.4947872812929698e-05,1.7856106431733773e-06,3.089481388286643e-05,1.5593991696786604e-05,1.831365024628818e-05,5.478145886169656e-06,2.4467193261265952e-06,7.426421795314404e-06,1.4693105311558647e-05,1.4546579589655786e-05,5.754975262623038e-06,3.0573600748012148e-06,1.2603311788755983e-05,4.133390629160363e-06
b2022,1.8728381565685007e-05,1.1799138714987464e-05,7.174435286700368e-07,2.727853233426831e-06,9.453842075856534e-06,7.130966129014877e-06,8.518355203734303e-07,1.4738543344466659e-05,7.439200747663432e-06,8.736629033392898e-06,2.6133800610269973e-06,1.1672211063184212e-06,3.542815954144146e-06,7.009427870977301e-06,6.939526957784157e-06,2.7454430596697096e-06,1.4585306826233826e-06,6.012480210648652e-06,1.971857062433293e-06
b2023,4.138549121880462e-05,2.6073430315691604e-05,1.5853880780688806e-06,6.027939234483699e-06,2.0890854708513398e-05,1.5757823764903846e-05,1.8823640112541156e-06,3.256885033130657e-05,1.6438952620521797e-05,1.9305975952877835e-05,5.774979390915457e-06,2.5792948886973187e-06,7.828822690622634e-06,1.5489251678569438e-05,1.5334786455880802e-05,6.066808775717777e-06,3.2230232252777846e-06,1.3286222628919146e-05,4.357358528597774e-06
b2024,3.505661519659475e-05,2.2086151124795805e-05,1.3429426147508463e-06,5.106116659447368e-06,1.7696120864491638e-05,1.3348058650346163e-05,1.5945035049498229e-06,2.7588259069432418e-05,1.3925025879379458e-05,1.635360968404373e-05,4.8918406985972696e-06,2.1848562317056714e-06,6.631600022735084e-06,1.3120557948871005e-05,1.2989714319531858e-05,5.139042076297127e-06,2.7301424158742796e-06,1.1254427104798332e-05,3.691009499030532e-06
b2025,4.138549121880462e-05,2.6073430315691604e-05,1.5853880780688806e-06,6.027939234483699e-06,2.0890854708513398e-05,1.5757823764903846e-05,1.8823640112541156e-06,3.256885033130657e-05,1.6438952620521797e-05,1.9305975952877835e-05,5.774979390915457e-06,2.5792948886973187e-06,7.828822690622634e-06,1.5489251678569438e-05,1.5334786455880802e-05,6.066808775717777e-06,3.2230232252777846e-06,1.3286222628919146e-05,4.357358528597774e-06
b2026,4.6818055569800875e-05,2.9496020790511216e-05,1.7934977924099793e-06,6.819210929728149e-06,2.3633142143288234e-05,1.7826311757033832e-05,2.1294569735937995e-06,3.684407747135305e-05,1.85968506022518e-05,2.1840220530724952e-05,6.533045714230481e-06,2.9178721303920386e-06,8.856491610498164e-06,1.7522484920811855e-05,1.734774345547068e-05,6.863182773190112e-06,3.646100989016427e-06,1.503027005442052e-05,4.929337497792997e-06
b2027,0.0,0.0,0.0,0.0,0.0,0.0,0.0,0.0,0.0,0.0,0.0,0.0,0.0,0.0,0.0,0.0,0.0,0.0,0.0
b2028,0.0,0.0,0.0,0.0,0.0,0.0,0.0,0.0,0.0,0.0,0.0,0.0,0.0,0.0,0.0,0.0,0.0,0.0,0.0
b2029,8.477447056327587e-06,2.8431664941281954e-06,2.0983664759762774e-07,5.529593752450159e-07,0.0,5.619679584252128e-07,0.0,0.0,1.248398820770917e-06,1.4079824673452512e-06,5.467122627717391e-07,1.0250811538658226e-07,6.822604926519518e-07,2.255959439843544e-06,1.1794763943903136e-06,5.765030261762369e-07,0.0,1.0281084289683544e-06,0.0
b2032,0.0,0.0,0.0,0.0,0.0,0.0,0.0,0.0,0.0,0.0,0.0,0.0,0.0,0.0,0.0,0.0,0.0,0.0,0.0
b2033,0.0,0.0,0.0,0.0,0.0,0.0,0.0,0.0,0.0,0.0,0.0,0.0,0.0,0.0,0.0,0.0,0.0,0.0,0.0
b2034,0.0,0.0,0.0,0.0,0.0,0.0,0.0,0.0,0.0,0.0,0.0,0.0,0.0,0.0,0.0,0.0,0.0,0.0,0.0
b2035,0.0,0.0,0.0,0.0,0.0,0.0,0.0,0.0,0.0,0.0,0.0,0.0,0.0,0.0,0.0,0.0,0.0,0.0,0.0
b2036,0.0,0.0,0.0,0.0,0.0,0.0,0.0,0.0,0.0,0.0,0.0,0.0,0.0,0.0,0.0,0.0,0.0,0.0,0.0
b2037,0.0,0.0,0.0,0.0,0.0,0.0,0.0,0.0,0.0,0.0,0.0,0.0,0.0,0.0,0.0,0.0,0.0,0.0,0.0
b2038,0.0,0.0,0.0,0.0,0.0,0.0,0.0,0.0,0.0,0.0,0.0,0.0,0.0,0.0,0.0,0.0,0.0,0.0,0.0
b2039,0.0,0.0,0.0,0.0,0.0,0.0,0.0,0.0,0.0,0.0,0.0,0.0,0.0,0.0,0.0,0.0,0.0,0.0,0.0
b2040,0.0,0.0,0.0,1.9913648889155653e-59,0.0,0.0,0.0,0.0,0.0,0.0,0.0,0.0,0.0,0.0,0.0,0.0,0.0,0.0,0.0
b2041,0.0,0.0,0.0,0.0,0.0,0.0,0.0,0.0,0.0,0.0,0.0,0.0,0.0,0.0,0.0,0.0,0.0,0.0,0.0
b2045,0.0,0.0,0.0,0.0,0.0,0.0,0.0,0.0,0.0,0.0,0.0,0.0,0.0,0.0,0.0,0.0,0.0,0.0,0.0
b2048,0.0,0.0,0.0,0.0,0.0,0.0,0.0,0.0,0.0,0.0,0.0,0.0,0.0,0.0,0.0,0.0,0.0,0.0,0.0
b2049,0.0,0.0,0.0,0.0,0.0,0.0,0.0,0.0,0.0,0.0,0.0,0.0,0.0,0.0,0.0,0.0,0.0,0.0,0.0
b2051,0.0,0.0,0.0,0.0,0.0,0.0,0.0,0.0,0.0,0.0,0.0,0.0,0.0,0.0,0.0,0.0,0.0,0.0,0.0
b2052,0.0,0.0,0.0,0.0,0.0,0.0,0.0,0.0,0.0,0.0,0.0,0.0,0.0,0.0,0.0,0.0,0.0,0.0,0.0
b2053,0.0,0.0,0.0,0.0,0.0,0.0,0.0,0.0,0.0,0.0,0.0,0.0,0.0,0.0,0.0,0.0,0.0,0.0,0.0
b2065,0.0,0.0,0.0,0.0,0.0,0.0,0.0,0.0,0.0,0.0,0.0,0.0,0.0,0.0,0.0,0.0,0.0,0.0,0.0
b2066,0.0,0.0,0.0,4.973562097975108e-07,1.5032762740886934e-06,0.0,0.0,0.0,0.0,0.0,0.0,0.0,0.0,0.0,0.0,0.0,0.0,0.0,0.0
b2091,0.0,0.0,0.0,0.0,0.0,0.0,0.0,0.0,0.0,0.0,0.0,0.0,0.0,0.0,0.0,0.0,0.0,0.0,0.0
b2092,0.0,0.0,0.0,0.0,0.0,0.0,0.0,0.0,0.0,0.0,0.0,0.0,0.0,0.0,0.0,0.0,0.0,0.0,0.0
b2093,0.0,0.0,0.0,0.0,0.0,0.0,0.0,0.0,0.0,0.0,0.0,0.0,0.0,0.0,0.0,0.0,0.0,0.0,0.0
b2094,0.0,0.0,0.0,0.0,0.0,0.0,0.0,0.0,0.0,0.0,0.0,0.0,0.0,0.0,0.0,0.0,0.0,0.0,0.0
b2095,0.0,0.0,0.0,0.0,0.0,0.0,0.0,0.0,0.0,0.0,0.0,0.0,0.0,0.0,0.0,0.0,0.0,0.0,0.0
b2096,0.0,0.0,0.0,0.0,0.0,0.0,0.0,0.0,0.0,0.0,0.0,0.0,0.0,0.0,0.0,0.0,0.0,0.0,0.0
b2097,0.0,0.0,0.0,0.0,0.0,0.0,0.0,0.0,0.0,0.0,0.0,0.0,0.0,0.0,0.0,0.0,0.0,0.0,0.0
b2103,1.034450401557636e-06,7.114939521411428e-07,5.0062173161573335e-08,1.79979526492439e-07,6.221341341229306e-07,4.494115416263411e-07,6.032085747754766e-08,9.209220895615009e-07,4.714735138580465e-07,5.149105604934941e-07,1.8007650933746714e-07,8.519874208112216e-08,2.403275335310095e-07,4.5127019803499085e-07,4.4330321441647066e-07,1.9470117542271485e-07,1.0550033577720187e-07,3.7873264123527727e-07,1.4369589086800987e-07
b2104,0.0,0.0,0.0,0.0,0.0,0.0,0.0,0.0,0.0,0.0,0.0,0.0,0.0,0.0,0.0,0.0,0.0,0.0,0.0
b2114,8.278339300409125e-07,5.326268494234001e-07,3.78499672076424e-08,1.312148097484483e-07,4.271173722897366e-07,3.2881176227599926e-07,4.45433169048585e-08,6.589348359105728e-07,3.411772037044337e-07,3.962549040542994e-07,1.2646405730399727e-07,6.036216520393631e-08,1.6820071480897778e-07,3.263432899322399e-07,3.204174240770494e-07,1.3472107054715909e-07,7.383878017429413e-08,2.8023739878237015e-07,9.724846527184182e-08
b2128,0.0,0.0,0.0,0.0,0.0,0.0,0.0,0.0,0.0,0.0,0.0,0.0,0.0,0.0,0.0,0.0,0.0,0.0,0.0
b2129,0.0,0.0,0.0,0.0,0.0,0.0,0.0,0.0,0.0,0.0,0.0,0.0,0.0,0.0,0.0,0.0,0.0,0.0,0.0
b2130,0.0,0.0,0.0,0.0,0.0,0.0,0.0,0.0,0.0,0.0,0.0,0.0,0.0,0.0,0.0,0.0,0.0,0.0,0.0
b2131,0.0,0.0,0.0,0.0,0.0,0.0,0.0,0.0,0.0,0.0,0.0,0.0,0.0,0.0,0.0,0.0,0.0,0.0,0.0
b2132,0.0,0.0,0.0,0.0,0.0,0.0,0.0,0.0,0.0,0.0,0.0,0.0,0.0,0.0,0.0,0.0,0.0,0.0,0.0
b2133,0.0,0.0,0.0,0.0,0.0,0.0,0.0,0.0,0.0,0.0,0.0,0.0,0.0,0.0,0.0,0.0,0.0,0.0,0.0
b2134,0.0,0.0,0.0,0.0,0.0,0.0,0.0,0.0,0.0,0.0,0.0,0.0,0.0,0.0,0.0,0.0,0.0,0.0,0.0
b2140,3.75729785817918e-09,2.234784919209074e-09,9.639934447702701e-11,4.1805874416258943e-10,1.7152548014638842e-09,1.2459621986094515e-09,1.163680382604281e-10,2.8943367681726787e-09,1.3185077080022525e-09,1.5603779516116457e-09,4.023936173395265e-10,1.662230497653789e-10,5.67121879301983e-10,1.234110045981601e-09,1.2176475315940138e-09,4.3185314876374883e-10,2.1125318768016423e-10,1.0255872366251057e-09,2.9380816239644094e-10
b2143,0.0,0.0,0.0,0.0,1.262620907752281e-05,0.0,0.0,0.0,0.0,0.0,0.0,0.0,0.0,0.0,0.0,0.0,0.0,0.0,0.0
b2146,0.0,0.0,0.0,0.0,0.0,0.0,0.0,0.0,0.0,0.0,0.0,0.0,0.0,0.0,0.0,0.0,0.0,0.0,0.0
b2147,0.0,0.0,0.0,0.0,0.0,0.0,0.0,0.0,0.0,0.0,0.0,0.0,0.0,0.0,0.0,0.0,0.0,0.0,0.0
b2148,0.0,0.0,0.0,0.0,0.0,0.0,0.0,0.0,0.0,0.0,0.0,0.0,0.0,0.0,0.0,0.0,0.0,0.0,0.0
b2149,0.0,0.0,0.0,0.0,0.0,0.0,0.0,0.0,0.0,0.0,0.0,0.0,0.0,0.0,0.0,0.0,0.0,0.0,0.0
b2150,0.0,0.0,0.0,0.0,0.0,0.0,0.0,0.0,0.0,0.0,0.0,0.0,0.0,0.0,0.0,0.0,0.0,0.0,0.0
b2153,0.00013298460555610954,0.00010324330904249475,1.6507759834432718e-05,3.964168342167015e-05,8.816911591383361e-05,7.421120013249811e-05,1.8714128910384494e-05,0.00011991004453300648,7.741454942417951e-05,8.294503425147881e-05,3.9569335785214216e-05,2.356960637155594e-05,4.803106807469661e-05,7.41540114024819e-05,7.409152460683656e-05,4.1819804710632684e-05,2.7155030422957156e-05,6.632337924305345e-05,3.303790804893655e-05
b2154,0.0,0.0,0.0,0.0,0.0,0.0,0.0,0.0,0.0,0.0,0.0,0.0,0.0,0.0,0.0,0.0,0.0,0.0,0.0
b2155,0.0,0.0,0.0,0.0,0.0,0.0,0.0,0.0,0.0,0.0,0.0,0.0,0.0,0.0,0.0,0.0,0.0,0.0,0.0
b2156,0.0,0.0,0.0,0.0,0.0,0.0,0.0,0.0,0.0,0.0,0.0,0.0,0.0,0.0,0.0,0.0,0.0,0.0,0.0
b2162,0.0,0.0,0.0,0.0,0.0,0.0,0.0,0.0,0.0,0.0,0.0,0.0,0.0,0.0,0.0,0.0,0.0,0.0,0.0
b2167,0.0,0.0,0.0,0.0,0.0,0.0,0.0,0.0,0.0,0.0,0.0,0.0,0.0,0.0,0.0,0.0,0.0,0.0,0.0
b2168,0.0,0.0,0.0,0.0,0.0,0.0,0.0,0.0,0.0,0.0,0.0,0.0,0.0,0.0,0.0,0.0,0.0,0.0,0.0
b2169,0.0,0.0,0.0,0.0,0.0,0.0,0.0,0.0,0.0,0.0,0.0,0.0,0.0,0.0,0.0,0.0,0.0,0.0,0.0
b2170,0.0,0.0,0.0,0.0,0.0,0.0,0.0,0.0,0.0,0.0,0.0,0.0,0.0,0.0,0.0,0.0,0.0,0.0,0.0
b2174,0.0,0.0,0.0,0.0,0.0,0.0,0.0,0.0,0.0,0.0,0.0,0.0,0.0,0.0,0.0,0.0,0.0,0.0,0.0
b2183,2.3159896499716365e-10,1.3768621461183336e-10,5.897705608338418e-12,2.5685540742156512e-11,1.0564690675146466e-10,7.674594590065888e-11,7.127526815655402e-12,1.7834238567857304e-10,8.11697834049351e-11,9.604674758906492e-11,2.471636890503561e-11,1.0188087214940919e-11,3.4878921427517654e-11,7.595887782403736e-11,7.4959696106457e-11,2.6521202784897694e-11,1.2961884389452569e-11,6.310121000170324e-11,1.8031868072990902e-11
b2185,6.881797817058582e-05,4.5619220133336694e-05,4.698087190982779e-06,1.3356481185921399e-05,3.76706684645223e-05,2.962235272701723e-05,5.33709207956277e-06,5.5182966279386625e-05,3.069693626950275e-05,3.5254806173868566e-05,1.2852511830618529e-05,6.811464023703364e-06,1.652995972463623e-05,2.931856067764909e-05,2.8932897136347975e-05,1.3418295030629333e-05,8.08821585901841e-06,2.5679448939823602e-05,1.0228986979587574e-05
b2197,0.0,0.0,0.0,0.0,0.0,0.0,0.0,0.0,0.0,0.0,0.0,0.0,0.0,0.0,0.0,0.0,0.0,0.0,0.0
b2198,0.0,0.0,0.0,0.0,0.0,0.0,0.0,0.0,0.0,0.0,0.0,0.0,0.0,0.0,0.0,0.0,0.0,0.0,0.0
b2199,0.0,0.0,0.0,0.0,0.0,0.0,0.0,0.0,0.0,0.0,0.0,0.0,0.0,0.0,0.0,0.0,0.0,0.0,0.0
b2200,0.0,0.0,0.0,0.0,0.0,0.0,0.0,0.0,0.0,0.0,0.0,0.0,0.0,0.0,0.0,0.0,0.0,0.0,0.0
b2201,0.0,0.0,0.0,0.0,0.0,0.0,0.0,0.0,0.0,0.0,0.0,0.0,0.0,0.0,0.0,0.0,0.0,0.0,0.0
b2202,0.0,0.0,0.0,0.0,0.0,0.0,0.0,0.0,0.0,0.0,0.0,0.0,0.0,0.0,0.0,0.0,0.0,0.0,0.0
b2203,0.0,0.0,0.0,0.0,0.0,0.0,0.0,0.0,0.0,0.0,0.0,0.0,0.0,0.0,0.0,0.0,0.0,0.0,0.0
b2204,0.0,0.0,0.0,0.0,0.0,0.0,0.0,0.0,0.0,0.0,0.0,0.0,0.0,0.0,0.0,0.0,0.0,0.0,0.0
b2205,0.0,0.0,0.0,0.0,0.0,0.0,0.0,0.0,0.0,0.0,0.0,0.0,0.0,0.0,0.0,0.0,0.0,0.0,0.0
b2206,0.0,0.0,0.0,0.0,0.0,0.0,0.0,0.0,0.0,0.0,0.0,0.0,0.0,0.0,0.0,0.0,0.0,0.0,0.0
b2207,0.0,0.0,0.0,0.0,0.0,0.0,0.0,0.0,0.0,0.0,0.0,0.0,0.0,0.0,0.0,0.0,0.0,0.0,0.0
b2210,0.0,0.0,0.0,0.0,0.0,0.0,0.0,0.0,0.0,0.0,0.0,0.0,0.0,0.0,0.0,0.0,0.0,0.0,0.0
b2215,0.0,0.0,0.0,0.0,0.0,0.0,0.0,0.0,0.0,0.0,0.0,0.0,0.0,0.0,0.0,0.0,0.0,0.0,0.0
b2221,0.0,0.0,0.0,0.0,0.0,0.0,0.0,0.0,0.0,0.0,0.0,0.0,0.0,0.0,0.0,0.0,0.0,0.0,0.0
b2222,0.0,0.0,0.0,0.0,0.0,0.0,0.0,0.0,0.0,0.0,0.0,0.0,0.0,0.0,0.0,0.0,0.0,0.0,0.0
b2223,0.0,0.0,0.0,0.0,0.0,0.0,0.0,0.0,0.0,0.0,0.0,0.0,0.0,0.0,0.0,0.0,0.0,0.0,0.0
b2224,0.0,0.0,0.0,0.0,0.0,0.0,0.0,0.0,0.0,0.0,0.0,0.0,0.0,0.0,0.0,0.0,0.0,0.0,0.0
b2232,1.0140638932478094e-09,8.156073225548799e-10,1.4109770346336668e-10,3.3112290391765196e-10,7.042110369776451e-10,6.009906255712165e-10,1.59685042398559e-10,9.35179482302921e-10,6.260292402193108e-10,6.645452724458431e-10,3.3112290391765196e-10,2.003089171847524e-10,3.9863773984376274e-10,6.009906255712165e-10,6.009906255712165e-10,3.4977411686980373e-10,2.2994646105392497e-10,5.406296795445613e-10,2.7823521787524925e-10
b2234,0.0,0.0,0.0,0.0,4.986159393622716e-08,0.0,0.0,0.0,0.0,0.0,0.0,0.0,0.0,0.0,0.0,0.0,0.0,0.0,0.0
b2235,0.0,0.0,0.0,0.0,4.986159393622716e-08,0.0,0.0,0.0,0.0,0.0,0.0,0.0,0.0,0.0,0.0,0.0,0.0,0.0,0.0
b2239,0.0,0.0,0.0,0.0,0.0,0.0,0.0,0.0,0.0,0.0,0.0,0.0,0.0,0.0,0.0,0.0,0.0,0.0,0.0
b2240,0.0,0.0,0.0,0.0,0.0,0.0,0.0,0.0,0.0,0.0,0.0,0.0,0.0,0.0,0.0,0.0,0.0,0.0,0.0
b2241,0.0,0.0,0.0,0.0,0.0,0.0,0.0,0.0,0.0,0.0,0.0,0.0,0.0,0.0,0.0,0.0,0.0,0.0,0.0
b2242,0.0,0.0,0.0,0.0,0.0,0.0,0.0,0.0,0.0,0.0,0.0,0.0,0.0,0.0,0.0,0.0,0.0,0.0,0.0
b2243,0.0,0.0,0.0,0.0,0.0,0.0,0.0,0.0,0.0,0.0,0.0,0.0,0.0,0.0,0.0,0.0,0.0,0.0,0.0
b2251,2.3883909913433477e-07,2.128591179994888e-07,6.354938708742607e-08,1.2812733962320661e-07,0.0,1.82431723564696e-07,7.110480961126979e-08,2.2856792600765007e-07,1.8627618832672688e-07,1.919892983816536e-07,1.2812845580743673e-07,8.670330430919e-08,1.4480440106898528e-07,1.8242886960373726e-07,1.824288856397928e-07,1.3301550165977164e-07,9.725701654619652e-08,1.7260442627280203e-07,1.1295506253359381e-07
b2253,0.0,0.0,0.0,0.0,0.0,0.0,0.0,0.0,0.0,0.0,0.0,0.0,0.0,0.0,0.0,0.0,0.0,0.0,0.0
b2254,0.0,0.0,0.0,0.0,0.0,0.0,0.0,0.0,0.0,0.0,0.0,0.0,0.0,0.0,0.0,0.0,0.0,0.0,0.0
b2255,0.0,0.0,0.0,0.0,0.0,0.0,0.0,0.0,0.0,0.0,0.0,0.0,0.0,0.0,0.0,0.0,0.0,0.0,0.0
b2256,0.0,0.0,0.0,0.0,0.0,0.0,0.0,0.0,0.0,0.0,0.0,0.0,0.0,0.0,0.0,0.0,0.0,0.0,0.0
b2257,0.0,0.0,0.0,0.0,0.0,0.0,0.0,0.0,0.0,0.0,0.0,0.0,0.0,0.0,0.0,0.0,0.0,0.0,0.0
b4544,0.0,0.0,0.0,0.0,0.0,0.0,0.0,0.0,0.0,0.0,0.0,0.0,0.0,0.0,0.0,0.0,0.0,0.0,0.0
b2258,0.0,0.0,0.0,0.0,0.0,0.0,0.0,0.0,0.0,0.0,0.0,0.0,0.0,0.0,0.0,0.0,0.0,0.0,0.0
b2260,0.0,0.0,0.0,0.0,0.0,0.0,0.0,0.0,0.0,0.0,0.0,0.0,0.0,0.0,0.0,0.0,0.0,0.0,0.0
b2261,0.0,0.0,0.0,0.0,0.0,0.0,0.0,0.0,0.0,0.0,0.0,0.0,0.0,0.0,0.0,0.0,0.0,0.0,0.0
b2262,0.0,0.0,0.0,0.0,0.0,0.0,0.0,0.0,0.0,0.0,0.0,0.0,0.0,0.0,0.0,0.0,0.0,0.0,0.0
b2263,0.0,0.0,0.0,0.0,0.0,0.0,0.0,0.0,0.0,0.0,0.0,0.0,0.0,0.0,0.0,0.0,0.0,0.0,0.0
b2264,0.0,0.0,0.0,0.0,0.0,0.0,0.0,0.0,0.0,0.0,0.0,0.0,0.0,0.0,0.0,0.0,0.0,0.0,0.0
b2265,0.0,0.0,0.0,0.0,0.0,0.0,0.0,0.0,0.0,0.0,0.0,0.0,0.0,0.0,0.0,0.0,0.0,0.0,0.0
b2268,0.0,0.0,0.0,0.0,0.0,0.0,0.0,0.0,0.0,0.0,0.0,0.0,0.0,0.0,0.0,0.0,0.0,0.0,0.0
b2276,2.3883301513023155e-05,1.6761632444354117e-05,2.200193188406832e-06,5.198975700443219e-06,1.2545938415172634e-05,1.205373562601582e-05,2.5413773919123754e-06,1.963613914449249e-05,1.093912043324853e-05,1.283590496136968e-05,5.410129300651939e-06,3.185432279739283e-06,6.194797388809812e-06,1.2400887249427076e-05,1.1630337811088185e-05,5.624546889639252e-06,3.628889436744605e-06,9.708825666119166e-06,4.239183445547474e-06
b2277,2.3883301513023155e-05,1.6761632444354117e-05,2.200193188406832e-06,5.198975700443219e-06,1.2545938415172634e-05,1.205373562601582e-05,2.5413773919123754e-06,1.963613914449249e-05,1.093912043324853e-05,1.283590496136968e-05,5.410129300651939e-06,3.185432279739283e-06,6.194797388809812e-06,1.2400887249427076e-05,1.1630337811088185e-05,5.624546889639252e-06,3.628889436744605e-06,9.708825666119166e-06,4.239183445547474e-06
b2278,2.3883301513023155e-05,1.6761632444354117e-05,2.200193188406832e-06,5.198975700443219e-06,1.2545938415172634e-05,1.205373562601582e-05,2.5413773919123754e-06,1.963613914449249e-05,1.093912043324853e-05,1.283590496136968e-05,5.410129300651939e-06,3.185432279739283e-06,6.194797388809812e-06,1.2400887249427076e-05,1.1630337811088185e-05,5.624546889639252e-06,3.628889436744605e-06,9.708825666119166e-06,4.239183445547474e-06
b2279,2.3883301513023155e-05,1.6761632444354117e-05,2.200193188406832e-06,5.198975700443219e-06,1.2545938415172634e-05,1.205373562601582e-05,2.5413773919123754e-06,1.963613914449249e-05,1.093912043324853e-05,1.283590496136968e-05,5.410129300651939e-06,3.185432279739283e-06,6.194797388809812e-06,1.2400887249427076e-05,1.1630337811088185e-05,5.624546889639252e-06,3.628889436744605e-06,9.708825666119166e-06,4.239183445547474e-06
b2280,2.3883301513023155e-05,1.6761632444354117e-05,2.200193188406832e-06,5.198975700443219e-06,1.2545938415172634e-05,1.205373562601582e-05,2.5413773919123754e-06,1.963613914449249e-05,1.093912043324853e-05,1.283590496136968e-05,5.410129300651939e-06,3.185432279739283e-06,6.194797388809812e-06,1.2400887249427076e-05,1.1630337811088185e-05,5.624546889639252e-06,3.628889436744605e-06,9.708825666119166e-06,4.239183445547474e-06
b2281,2.3883301513023155e-05,1.6761632444354117e-05,2.200193188406832e-06,5.198975700443219e-06,1.2545938415172634e-05,1.205373562601582e-05,2.5413773919123754e-06,1.963613914449249e-05,1.093912043324853e-05,1.283590496136968e-05,5.410129300651939e-06,3.185432279739283e-06,6.194797388809812e-06,1.2400887249427076e-05,1.1630337811088185e-05,5.624546889639252e-06,3.628889436744605e-06,9.708825666119166e-06,4.239183445547474e-06
b2282,2.3883301513023155e-05,1.6761632444354117e-05,2.200193188406832e-06,5.198975700443219e-06,1.2545938415172634e-05,1.205373562601582e-05,2.5413773919123754e-06,1.963613914449249e-05,1.093912043324853e-05,1.283590496136968e-05,5.410129300651939e-06,3.185432279739283e-06,6.194797388809812e-06,1.2400887249427076e-05,1.1630337811088185e-05,5.624546889639252e-06,3.628889436744605e-06,9.708825666119166e-06,4.239183445547474e-06
b2283,2.3883301513023155e-05,1.6761632444354117e-05,2.200193188406832e-06,5.198975700443219e-06,1.2545938415172634e-05,1.205373562601582e-05,2.5413773919123754e-06,1.963613914449249e-05,1.093912043324853e-05,1.283590496136968e-05,5.410129300651939e-06,3.185432279739283e-06,6.194797388809812e-06,1.2400887249427076e-05,1.1630337811088185e-05,5.624546889639252e-06,3.628889436744605e-06,9.708825666119166e-06,4.239183445547474e-06
b2284,2.3883301513023155e-05,1.6761632444354117e-05,2.200193188406832e-06,5.198975700443219e-06,1.2545938415172634e-05,1.205373562601582e-05,2.5413773919123754e-06,1.963613914449249e-05,1.093912043324853e-05,1.283590496136968e-05,5.410129300651939e-06,3.185432279739283e-06,6.194797388809812e-06,1.2400887249427076e-05,1.1630337811088185e-05,5.624546889639252e-06,3.628889436744605e-06,9.708825666119166e-06,4.239183445547474e-06
b2285,2.3883301513023155e-05,1.6761632444354117e-05,2.200193188406832e-06,5.198975700443219e-06,1.2545938415172634e-05,1.205373562601582e-05,2.5413773919123754e-06,1.963613914449249e-05,1.093912043324853e-05,1.283590496136968e-05,5.410129300651939e-06,3.185432279739283e-06,6.194797388809812e-06,1.2400887249427076e-05,1.1630337811088185e-05,5.624546889639252e-06,3.628889436744605e-06,9.708825666119166e-06,4.239183445547474e-06
b2286,2.3883301513023155e-05,1.6761632444354117e-05,2.200193188406832e-06,5.198975700443219e-06,1.2545938415172634e-05,1.205373562601582e-05,2.5413773919123754e-06,1.963613914449249e-05,1.093912043324853e-05,1.283590496136968e-05,5.410129300651939e-06,3.185432279739283e-06,6.194797388809812e-06,1.2400887249427076e-05,1.1630337811088185e-05,5.624546889639252e-06,3.628889436744605e-06,9.708825666119166e-06,4.239183445547474e-06
b2287,2.3883301513023155e-05,1.6761632444354117e-05,2.200193188406832e-06,5.198975700443219e-06,1.2545938415172634e-05,1.205373562601582e-05,2.5413773919123754e-06,1.963613914449249e-05,1.093912043324853e-05,1.283590496136968e-05,5.410129300651939e-06,3.185432279739283e-06,6.194797388809812e-06,1.2400887249427076e-05,1.1630337811088185e-05,5.624546889639252e-06,3.628889436744605e-06,9.708825666119166e-06,4.239183445547474e-06
b2288,2.3883301513023155e-05,1.6761632444354117e-05,2.200193188406832e-06,5.198975700443219e-06,1.2545938415172634e-05,1.205373562601582e-05,2.5413773919123754e-06,1.963613914449249e-05,1.093912043324853e-05,1.283590496136968e-05,5.410129300651939e-06,3.185432279739283e-06,6.194797388809812e-06,1.2400887249427076e-05,1.1630337811088185e-05,5.624546889639252e-06,3.628889436744605e-06,9.708825666119166e-06,4.239183445547474e-06
b2290,3.446112763265259e-06,2.2752291921699587e-06,1.9530558014413107e-07,6.153751720499945e-07,1.8553632860102657e-06,1.4466115113937763e-06,2.2669078167074498e-07,2.781645654083943e-06,1.5096430723188633e-06,1.7213063202964605e-06,5.982297049193001e-07,3.005711875015626e-07,7.831071106937485e-07,0.0,1.333392255966746e-05,6.316545496519385e-07,3.627139983408279e-07,1.2384991902775466e-06,4.6749933973714435e-07
b2291,0.0,0.0,0.0,0.0,0.0,0.0,0.0,0.0,0.0,0.0,0.0,0.0,0.0,0.0,0.0,0.0,0.0,0.0,0.0
b2296,0.0,0.0,1.281398027125639e-06,0.0,0.0,0.0,0.0,0.0,0.0,0.0,0.0,0.0,0.0,0.0,0.0,0.0,1.8253371493251244e-06,0.0,2.3491890324625858e-06
b2297,0.0,4.596680752847495e-08,9.803222149285508e-08,1.6243474508051044e-08,0.0,0.0,0.0,3.0604042741675225e-08,3.398870674343277e-07,0.0,2.1389437707125714e-07,0.0,9.035705805453348e-07,3.2965910642298e-07,3.318365642379763e-07,7.27704548304095e-08,1.437751424564972e-07,3.0438382329831656e-07,1.856910451913435e-07
b2303,0.0,0.0,0.0,0.0,0.0,0.0,0.0,0.0,0.0,0.0,0.0,0.0,0.0,0.0,0.0,0.0,0.0,0.0,0.0
b2306,0.0,0.0,0.0,0.0,0.0,0.0,0.0,0.0,0.0,0.0,0.0,0.0,0.0,0.0,0.0,0.0,0.0,0.0,0.0
b2307,0.0,0.0,0.0,0.0,0.0,0.0,0.0,0.0,0.0,0.0,0.0,0.0,0.0,0.0,0.0,0.0,0.0,0.0,0.0
b2308,0.0,0.0,0.0,0.0,0.0,0.0,0.0,0.0,0.0,0.0,0.0,0.0,0.0,0.0,0.0,0.0,0.0,0.0,0.0
b2309,0.0,0.0,0.0,0.0,0.0,0.0,0.0,0.0,0.0,0.0,0.0,0.0,0.0,0.0,0.0,0.0,0.0,0.0,0.0
b2310,0.0,0.0,0.0,0.0,0.0,0.0,0.0,0.0,0.0,0.0,0.0,0.0,0.0,0.0,0.0,0.0,0.0,0.0,0.0
b2311,1.0140638932478094e-09,8.156073225548799e-10,1.4109770346336668e-10,3.3112290391765196e-10,7.042110369776451e-10,6.009906255712165e-10,1.59685042398559e-10,9.35179482302921e-10,6.260292402193108e-10,6.645452724458431e-10,3.3112290391765196e-10,2.003089171847524e-10,3.9863773984376274e-10,6.009906255712165e-10,6.009906255712165e-10,3.4977411686980373e-10,2.2994646105392497e-10,5.406296795445613e-10,2.7823521787524925e-10
b2312,2.790659421934245e-06,1.8114301668307333e-10,1.8135459875375183e-07,5.068725615670515e-07,1.451759917862475e-06,1.1362888914693933e-06,2.0813933847826867e-07,2.3446243630213885e-10,1.1817724605355585e-06,1.3501594150121467e-06,4.968787874308543e-07,2.6971357186200725e-07,6.301072434166084e-07,1.126202928032306e-06,1.115272450520391e-06,5.245284496928889e-07,3.1913139432491464e-07,9.73178556716434e-07,3.6584298543172134e-11
b2315,3.1338460894379945e-09,2.520539223736063e-09,4.360459820841853e-10,1.0232966822654674e-09,2.1762820065541615e-09,1.8572913741195565e-09,4.93487983345615e-10,2.8900630256652596e-09,1.934670289908149e-09,2.0536995914911114e-09,1.0232966822654674e-09,6.190313263087394e-10,1.2319434016239934e-09,1.8572913741195565e-09,1.8572913741195565e-09,1.0809360787202353e-09,7.106226960176857e-10,1.6707529164149138e-09,8.598534621813999e-10
b2316,9.72797867382364e-07,7.824144938650436e-07,1.353530358299766e-07,3.176436664289909e-07,6.755502561390278e-07,5.765295848922633e-07,1.5318373146307334e-07,8.971223487390206e-07,6.00549421117448e-07,6.374983391961494e-07,3.176436664289909e-07,1.9215398305694246e-07,3.82410852082622e-07,5.765295848922633e-07,5.765295848922633e-07,3.3553581282850384e-07,2.2058516701237744e-07,5.186247039520826e-07,2.669084831176439e-07
b2318,1.8092995487530951e-09,1.0796384608938716e-09,4.765171783906058e-11,2.039738664424056e-10,8.293396690759152e-10,6.040805259145036e-10,5.750611743770196e-11,1.3962908066441483e-09,6.382769213217591e-10,7.550019094191996e-10,1.96437524291137e-10,8.177639635780078e-11,2.761367536599076e-10,5.984168571847606e-10,5.903600611193317e-10,2.1064413182048497e-10,1.0376118449011519e-10,4.975219767162541e-10,1.4390156059934207e-10
b2320,9.294706828808092e-07,5.279136704220876e-07,1.394922642587969e-08,8.030769891525877e-08,3.9387530748844255e-07,6.086974096887741e-07,1.8181985384376615e-08,7.029402471060932e-07,3.441425973830179e-07,3.5503045293812586e-07,7.696317005906623e-08,7.62028781100482e-08,1.6557013312879485e-07,2.816000089587903e-07,2.7824590600766207e-07,9.854130110394703e-08,7.531022815497292e-08,2.2199514184652119e-07,5.3823604192307785e-08
b2323,4.5455074455455475e-07,3.655926979215924e-07,6.324599138697312e-08,1.4842379975626224e-07,3.1565946748561165e-07,2.693911259144228e-07,7.157765219263077e-08,4.191908274633449e-07,2.806146285361966e-07,2.9787936078262337e-07,1.4842379975626224e-07,8.978706963179884e-08,1.7868705424656777e-07,2.693911259144228e-07,2.693911259144228e-07,1.5678412745402397e-07,1.0307193916010326e-07,2.4233448425867607e-07,1.2471713350600835e-07
b2324,2.1549074828512318e-10,1.273065102881513e-10,5.255117711121586e-12,2.330802983652518e-11,9.734978720831384e-11,7.04825356186675e-11,6.3480170609040525e-12,1.6540139943557165e-10,7.487553436249418e-11,8.868060942408745e-11,2.246729666885964e-11,9.158643353338344e-12,3.1864077499140493e-11,6.956875992998545e-11,6.895942676512237e-11,2.413353046059418e-11,1.165348961732123e-11,5.7827307218085863e-11,1.6309263873613735e-11
b2328,0.0,0.0,0.0,0.0,0.0,0.0,0.0,0.0,0.0,0.0,0.0,0.0,0.0,0.0,0.0,0.0,0.0,0.0,0.0
b2329,4.021366825626489e-05,2.5388799093828107e-05,1.631251267817108e-06,6.0289433896926355e-06,2.042265635676448e-05,1.5459694639970926e-05,1.9247442193156044e-06,3.153971362771851e-05,1.6051878451011954e-05,1.8854575102559853e-05,5.753904386567203e-06,2.63641120049106e-06,7.788961662063059e-06,1.5383312168450877e-05,1.5043712143114422e-05,6.10575504829922e-06,3.2618469381272973e-06,1.3103705944395373e-05,4.3714445959974815e-06
b2341,2.3865692323074557e-05,3.493240975400079e-05,1.1890854262000346e-05,2.357125224284859e-05,3.38072861351041e-05,3.312259907499057e-05,1.329011531414972e-05,3.4319523607396415e-05,3.4385058244895855e-05,3.278827080673296e-05,2.407972352417667e-05,1.6303773870039874e-05,2.722134033595751e-05,3.3475473811388935e-05,3.3932661968239806e-05,2.542314069816496e-05,1.822772037271002e-05,3.159493061741998e-05,2.1206022903113674e-05
b2342,1.7425790278169345e-05,2.5506272269158058e-05,8.682234304912892e-06,1.7210801707209503e-05,2.4684751235764347e-05,2.4184819662265474e-05,9.703919714625083e-06,2.5058766899921517e-05,2.5106617715794016e-05,2.394070630456967e-05,1.7582067446788672e-05,1.1904374713124248e-05,1.9875952533186674e-05,2.4442474921861563e-05,2.4776295740092898e-05,1.8562977852114595e-05,1.3309164811316056e-05,2.3069376213325116e-05,1.548380422999222e-05
b2344,0.0,0.0,0.0,0.0,0.0,0.0,0.0,0.0,0.0,0.0,0.0,0.0,0.0,0.0,0.0,0.0,0.0,0.0,0.0
b2366,0.0,0.0,0.0,0.0,0.0,0.0,0.0,0.0,0.0,0.0,0.0,0.0,0.0,0.0,0.0,0.0,0.0,0.0,0.0
b2373,0.0,0.0,0.0,0.0,0.0,0.0,0.0,0.0,0.0,0.0,0.0,0.0,0.0,0.0,0.0,0.0,0.0,0.0,0.0
b2374,0.0,0.0,0.0,0.0,0.0,0.0,0.0,0.0,0.0,0.0,0.0,0.0,0.0,0.0,0.0,0.0,0.0,0.0,0.0
b2378,0.0,0.0,0.0,0.0,0.0,0.0,0.0,0.0,0.0,0.0,0.0,0.0,0.0,0.0,0.0,0.0,0.0,0.0,0.0
b2379,0.0,0.0,0.0,0.0,0.0,0.0,0.0,0.0,0.0,0.0,0.0,0.0,0.0,0.0,0.0,0.0,0.0,0.0,0.0
b2388,5.583880965413203e-06,0.0,0.0,0.0,0.0,0.0,0.0,1.3162527221389162e-06,0.0,0.0,0.0,0.0,0.0,2.204509014234095e-06,0.0,0.0,0.0,0.0,0.0
b2392,0.0,0.0,0.0,0.0,0.0,0.0,0.0,0.0,0.0,0.0,0.0,0.0,0.0,0.0,0.0,0.0,0.0,0.0,0.0
b2393,0.0,0.0,0.0,0.0,8.872451932781424e-06,0.0,0.0,8.00135521883072e-06,0.0,0.0,0.0,0.0,0.0,0.0,0.0,0.0,0.0,0.0,0.0
b2400,8.109069578181559e-07,5.100333343906736e-07,3.084810488967789e-08,1.1753747568270679e-07,4.0685632251809806e-07,3.0759123199939843e-07,3.659244509533065e-08,6.358475746923116e-07,3.2213889753658004e-07,3.768295337293771e-07,1.1294176871210015e-07,5.068732515344339e-08,1.5376627718870616e-07,3.0316498028833376e-07,3.0039422084119934e-07,1.1960418040417155e-07,6.295644607368352e-08,2.594581598962278e-07,8.486972914250644e-08
b2406,0.0,0.0,0.0,0.0,0.0,0.0,0.0,0.0,0.0,0.0,0.0,0.0,0.0,0.0,0.0,0.0,0.0,0.0,0.0
b2407,0.0,0.0,0.0,0.0,0.0,0.0,0.0,0.0,0.0,0.0,0.0,0.0,0.0,0.0,0.0,0.0,0.0,0.0,0.0
b2411,0.0,0.0,0.0,0.0,0.0,0.0,0.0,0.0,0.0,0.0,0.0,0.0,0.0,0.0,0.0,0.0,0.0,0.0,0.0
b2414,1.3875417979682554e-06,8.954530039445578e-07,0.0,2.2160526806329276e-07,7.193972874380421e-07,5.534088931247213e-07,7.542243268247629e-08,1.107549127306365e-06,5.740662654209806e-07,6.673537905597541e-07,2.1343040317868044e-07,1.0204874542905615e-07,2.8355018955665827e-07,5.4818249590217e-07,5.388060476120755e-07,2.2667192286422074e-07,1.249521348625535e-07,4.7144638997779263e-07,1.6437968877957148e-07
b2415,1.3367365504711459e-05,1.1344846996600146e-05,2.047334178048608e-06,5.278829411015692e-06,8.866796961924486e-06,6.755295026520307e-06,1.8326478291659155e-06,1.0682501627216809e-05,8.273000131424546e-06,9.9519762957933e-06,4.789148359227932e-06,2.613562224930901e-06,5.6909778958812744e-06,6.444992287701154e-06,6.859166110118608e-06,4.920597449229692e-06,2.76246237420353e-06,6.6307643911913695e-06,4.068662112076057e-06
b2416,2.6734731009422918e-05,2.268969399320029e-05,4.094668356097216e-06,1.0557658822031385e-05,1.7733593923848973e-05,1.3510590053040614e-05,3.665295658331831e-06,2.1365003254433618e-05,1.6546000262849093e-05,1.99039525915866e-05,9.578296718455863e-06,5.227124449861802e-06,1.1381955791762549e-05,1.2889984575402308e-05,1.3718332220237216e-05,9.841194898459384e-06,5.52492474840706e-06,1.3261528782382739e-05,8.137324224152114e-06
b2417,1.3367365504711459e-05,1.1344846996600146e-05,2.047334178048608e-06,5.278829411015692e-06,8.866796961924486e-06,6.755295026520307e-06,1.8326478291659155e-06,1.0682501627216809e-05,8.273000131424546e-06,9.9519762957933e-06,4.789148359227932e-06,2.613562224930901e-06,5.6909778958812744e-06,6.444992287701154e-06,6.859166110118608e-06,4.920597449229692e-06,2.76246237420353e-06,6.6307643911913695e-06,4.068662112076057e-06
b2418,0.0,0.0,0.0,0.0,0.0,0.0,0.0,0.0,0.0,0.0,0.0,0.0,0.0,0.0,0.0,0.0,0.0,0.0,0.0
b2421,0.0,0.0,0.0,0.0,0.0,0.0,0.0,0.0,0.0,0.0,0.0,0.0,0.0,0.0,0.0,0.0,0.0,0.0,0.0
b2422,0.0,0.0,0.0,0.0,0.0,0.0,0.0,0.0,0.0,0.0,1.7184481879477036e-14,0.0,0.0,0.0,0.0,0.0,0.0,4.540601592068354e-14,1.0604445576783602e-14
b2423,0.0,0.0,0.0,0.0,0.0,0.0,0.0,0.0,0.0,0.0,8.592240939738518e-15,0.0,0.0,0.0,0.0,0.0,0.0,2.270300796034177e-14,5.302222788391801e-15
b2424,0.0,0.0,0.0,0.0,0.0,0.0,0.0,0.0,0.0,0.0,8.592240939738518e-15,0.0,0.0,0.0,0.0,0.0,0.0,2.270300796034177e-14,5.302222788391801e-15
b2425,0.0,0.0,0.0,0.0,0.0,0.0,0.0,0.0,0.0,0.0,8.592240939738518e-15,0.0,0.0,0.0,0.0,0.0,0.0,2.270300796034177e-14,5.302222788391801e-15
b2428,0.0,0.0,0.0,0.0,0.0,0.0,0.0,0.0,0.0,0.0,0.0,0.0,0.0,0.0,0.0,0.0,0.0,0.0,0.0
b2429,0.0,0.0,0.0,0.0,0.0,0.0,0.0,0.0,0.0,0.0,0.0,0.0,0.0,0.0,0.0,0.0,0.0,0.0,0.0
b2435,0.0,0.0,0.0,0.0,0.0,0.0,0.0,0.0,0.0,0.0,0.0,0.0,0.0,0.0,0.0,0.0,0.0,0.0,0.0
b2436,1.2261181532579174e-11,7.3928002212984e-12,4.1974787480957083e-13,1.5496799851681069e-12,5.595401197285855e-12,4.866506095226969e-12,5.15170047778477e-13,9.372497921675337e-12,4.28907352496909e-12,5.333892781527022e-12,1.514871838915915e-12,7.289318137768438e-13,1.732845692179356e-12,4.786559378136203e-12,4.491378614270104e-12,1.678019419421274e-12,9.505637576496965e-13,3.7009690558522895e-12,1.0596733359171228e-12
b2440,0.0,0.0,0.0,0.0,0.0,0.0,0.0,0.0,0.0,0.0,0.0,0.0,0.0,0.0,0.0,0.0,0.0,0.0,0.0
b2441,0.0,0.0,0.0,0.0,0.0,0.0,0.0,0.0,0.0,0.0,0.0,0.0,0.0,0.0,0.0,0.0,0.0,0.0,0.0
b2458,0.0,0.0,0.0,0.0,0.0,0.0,0.0,0.0,0.0,0.0,0.0,0.0,0.0,0.0,0.0,0.0,0.0,0.0,0.0
b2463,0.0,0.0,0.0,0.0,0.0,0.0,1.080341217682162e-06,0.0,4.795378994775824e-06,0.0,0.0,0.0,2.2973548095313735e-06,0.0,0.0,9.668779990211947e-09,0.0,0.0,0.0
b2464,0.0,0.0,0.0,0.0,0.0,2.343322896234195e-07,8.854649685724973e-08,0.0,0.0,0.0,0.0,7.561189842173135e-08,0.0,0.0,0.0,0.0,1.330649192638679e-07,0.0,0.0
b2465,1.209352004904091e-06,7.6351015777177e-07,4.905235579564885e-08,1.8129812974960402e-07,2.742167904454674e-06,7.386544338013492e-07,1.612946307113276e-07,1.65891978052804e-06,4.827255646517712e-07,5.670012462053317e-07,1.730274117366496e-07,1.6759785484097247e-07,2.342359237024236e-07,4.626107017538411e-07,4.523987121255105e-07,1.8361123166336532e-07,2.535051211209036e-07,3.940544269146851e-07,3.1841274549861315e-07
b2467,0.0,0.0,0.0,0.0,0.0,0.0,0.0,0.0,0.0,0.0,0.0,0.0,0.0,0.0,0.0,0.0,0.0,0.0,0.0
b2470,0.0,0.0,0.0,0.0,0.0,0.0,0.0,0.0,0.0,0.0,0.0,0.0,0.0,0.0,0.0,0.0,0.0,0.0,0.0
b2472,8.988217291424065e-06,5.885359707711174e-06,4.89498867524754e-07,1.5598324662187485e-06,4.774908293155341e-06,3.699478699526085e-06,5.669934692022336e-07,7.229532742825063e-06,3.88527457734431e-06,4.441655925326484e-06,1.5167245721770786e-06,7.556931961247325e-07,1.990838110854712e-06,3.66395738285702e-06,3.636394355617265e-06,1.603732570767502e-06,9.108510827118009e-07,3.1713113307910727e-06,1.1836873222594305e-06
b2474,4.8670244076863726e-11,2.909526444025629e-11,1.2612009909432353e-12,5.443604682434468e-12,2.223434607439064e-11,1.6297910196535794e-11,1.529067037473635e-12,3.7651182560755564e-11,1.7104215466393337e-11,2.0269585915230387e-11,5.242387849787269e-12,2.189182410488828e-12,7.351326067272383e-12,1.618400688280021e-11,1.5868535201139736e-11,5.671753430735819e-12,2.774227750277344e-12,1.345418427711818e-11,3.841097473869025e-12
b2476,1.2718149955442e-07,0.0,8.265252801489293e-09,2.3100299553400775e-08,6.616152512892128e-08,5.17848973397336e-08,9.485936575780725e-09,0.0,5.385770494155878e-08,6.153199148178076e-08,2.2644799224503337e-08,1.2292096575314849e-08,2.8716426176525273e-08,5.1325174737024914e-08,5.082707463810607e-08,2.3904854031958743e-08,1.454424117352252e-08,4.4351426254277525e-08,0.0
b2477,3.051153949317917e-06,1.7387570008531708e-06,1.3931663256007962e-07,4.7122057639012763e-07,1.5189874839559751e-06,1.0560462009277992e-06,1.3609251069455118e-07,2.097066265337242e-06,1.1410428666807932e-06,1.454942330098812e-06,4.6138265590969175e-07,1.873306969092177e-07,6.534352523336921e-07,1.1454921954281197e-06,1.1070547504006478e-06,4.378485680217078e-07,2.4562581965128023e-07,9.965951693888598e-07,3.210769102326428e-07
b2478,2.5015138342719846e-07,1.6379564769260122e-07,1.3623259755212679e-08,4.341175081643555e-08,1.3289063632345348e-07,1.0296031845256839e-07,1.5780014669922786e-08,2.0120537349218764e-07,1.0813120989459491e-07,1.2361587825520808e-07,4.2212013540229986e-08,2.103172323587345e-08,5.5407083681105934e-08,1.0197172347118088e-07,1.0120461591559864e-07,4.4633536130409575e-08,2.5349927694106587e-08,8.826087431516107e-08,3.294324242594266e-08
b2480,0.0,0.0,0.0,0.0,0.0,0.0,0.0,0.0,0.0,0.0,0.0,0.0,0.0,0.0,0.0,0.0,0.0,0.0,0.0
b2481,0.0,0.0,0.0,0.0,0.0,0.0,0.0,0.0,0.0,0.0,0.0,0.0,0.0,0.0,0.0,0.0,0.0,0.0,0.0
b2482,0.0,0.0,0.0,0.0,0.0,0.0,0.0,0.0,0.0,0.0,0.0,0.0,0.0,0.0,0.0,0.0,0.0,0.0,0.0
b2483,0.0,0.0,0.0,0.0,0.0,0.0,0.0,0.0,0.0,0.0,0.0,0.0,0.0,0.0,0.0,0.0,0.0,0.0,0.0
b2484,0.0,0.0,0.0,0.0,0.0,0.0,0.0,0.0,0.0,0.0,0.0,0.0,0.0,0.0,0.0,0.0,0.0,0.0,0.0
b2485,0.0,0.0,0.0,0.0,0.0,0.0,0.0,0.0,0.0,0.0,0.0,0.0,0.0,0.0,0.0,0.0,0.0,0.0,0.0
b2486,0.0,0.0,0.0,0.0,0.0,0.0,0.0,0.0,0.0,0.0,0.0,0.0,0.0,0.0,0.0,0.0,0.0,0.0,0.0
b2487,0.0,0.0,0.0,0.0,0.0,0.0,0.0,0.0,0.0,0.0,0.0,0.0,0.0,0.0,0.0,0.0,0.0,0.0,0.0
b2488,0.0,0.0,0.0,0.0,0.0,0.0,0.0,0.0,0.0,0.0,0.0,0.0,0.0,0.0,0.0,0.0,0.0,0.0,0.0
b2489,0.0,0.0,0.0,0.0,0.0,0.0,0.0,0.0,0.0,0.0,0.0,0.0,0.0,0.0,0.0,0.0,0.0,0.0,0.0
b2490,0.0,0.0,0.0,0.0,0.0,0.0,0.0,0.0,0.0,0.0,0.0,0.0,0.0,0.0,0.0,0.0,0.0,0.0,0.0
b2492,0.0,3.9512958196113086e-07,0.0,0.0,0.0,0.0,0.0,5.122974438263726e-07,0.0,0.0,0.0,0.0,0.0,0.0,0.0,0.0,0.0,5.382650039431451e-08,0.0
b2497,0.0,0.0,0.0,0.0,0.0,0.0,0.0,0.0,0.0,0.0,0.0,0.0,0.0,0.0,0.0,0.0,0.0,0.0,0.0
b2498,0.0,0.0,0.0,0.0,0.0,0.0,0.0,0.0,0.0,0.0,0.0,0.0,0.0,0.0,0.0,0.0,0.0,0.0,0.0
b2499,3.033247995136011e-05,1.9688955515968642e-09,1.971195297981708e-06,5.509343666512595e-06,1.5779596125789552e-05,1.2350650799071494e-05,2.262326338305212e-06,2.548439660025718e-09,1.2845024793967482e-05,1.467527103633824e-05,5.4007184608561795e-06,2.9315943919246293e-06,6.848816870277123e-06,1.2241023561386734e-05,1.2122217057309946e-05,5.701250593022898e-06,3.46873091862306e-06,1.0577757654223112e-05,3.976452638302235e-10
b2500,6.77687119301359e-07,1.6508886848308546e-10,0.0,2.1560414811792577e-08,2.745876197344043e-07,9.582641235619562e-07,0.0,2.1368275200268616e-10,1.9172573985089104e-07,2.461681748083061e-07,4.5284194937376456e-07,2.295904589914089e-07,4.729126656133492e-08,1.766131491254803e-07,1.7174561009912175e-07,1.6647732826085725e-08,2.7133941962006544e-07,8.86928735659789e-07,0.0
b2501,4.441011536444431e-10,2.6416578063750623e-10,1.1826132025554668e-11,5.033207693409727e-11,2.0372279560730607e-10,1.4796420801728257e-10,1.4178630120466084e-11,3.412166653207425e-10,1.5692129549819198e-10,1.8579312981746305e-10,4.852082232359874e-11,2.0154102621254913e-11,6.826998019193435e-11,1.4653246323632492e-10,1.4496807907324545e-10,5.1795644272894656e-11,2.559167122229321e-11,1.2222884127349703e-10,3.5480342942019945e-11
b2502,0.0,0.0,0.0,0.0,0.0,0.0,0.0,0.0,0.0,0.0,0.0,0.0,0.0,0.0,0.0,0.0,0.0,0.0,0.0
b2507,1.4896595455403695e-05,9.591116865730445e-06,9.405609720933318e-07,2.6558623590306196e-06,7.700963412300052e-06,6.011248810724583e-06,1.0805803690584554e-06,1.1944345468901796e-05,6.2526254221944315e-06,7.156360415376193e-06,2.6017151864525534e-06,1.403256139897305e-06,3.3086237263506156e-06,5.956021024085108e-06,5.896808241858973e-06,2.747355923102494e-06,1.6634914750314244e-06,5.138612111018141e-06,0.0
b2508,0.0,0.0,0.0,0.0,0.0,0.0,0.0,0.0,0.0,0.0,0.0,0.0,0.0,0.0,0.0,0.0,0.0,0.0,0.0
b2512,3.051153949317917e-06,1.7387570008531708e-06,1.3931663256007962e-07,4.7122057639012763e-07,1.5189874839559751e-06,1.0560462009277992e-06,1.3609251069455118e-07,2.097066265337242e-06,1.1410428666807932e-06,1.454942330098812e-06,4.6138265590969175e-07,1.873306969092177e-07,6.534352523336921e-07,1.1454921954281197e-06,1.1070547504006478e-06,4.378485680217078e-07,2.4562581965128023e-07,9.965951693888598e-07,3.210769102326428e-07
b2514,5.681187030716575e-07,3.5792261924027507e-07,2.176339079837979e-08,8.274844442425239e-08,2.867788911894392e-07,2.1631528675636913e-07,2.5840123417371387e-08,4.4708839899789537e-07,2.2566547279215855e-07,2.6502249210703867e-07,7.927594200794906e-08,3.540723146812032e-08,1.0747004475697905e-07,2.1262846751426178e-07,2.1050804851235637e-07,8.328202546206451e-08,4.424400244602278e-08,1.823864196453743e-07,5.981557311950872e-08
b2515,1.2583466894614168e-08,1.0028930934411984e-08,1.701350444600674e-09,4.014912238535975e-09,8.634027344564478e-09,7.34574295897482e-09,1.9264167081906897e-09,1.1537176358966506e-08,7.650190380128678e-09,8.141203996346906e-09,4.012862424853015e-09,2.4188392832647073e-09,4.839565003602854e-09,7.344333802327579e-09,7.340781127120415e-09,4.239946213342335e-09,2.779291701255511e-09,6.5953401600990975e-09,3.3666871038505803e-09
b2517,2.3159896499716365e-10,1.3768621461183336e-10,5.897705608338418e-12,2.5685540742156512e-11,1.0564690675146466e-10,7.674594590065888e-11,7.127526815655402e-12,1.7834238567857304e-10,8.11697834049351e-11,9.604674758906492e-11,2.471636890503561e-11,1.0188087214940919e-11,3.4878921427517654e-11,7.595887782403736e-11,7.4959696106457e-11,2.6521202784897694e-11,1.2961884389452569e-11,6.310121000170324e-11,1.8031868072990902e-11
b2518,0.0,0.0,0.0,0.0,0.0,0.0,0.0,0.0,0.0,0.0,0.0,0.0,0.0,0.0,0.0,0.0,0.0,0.0,0.0
b2519,2.7907530771885613e-08,2.2445909575850802e-08,3.883077316395521e-09,9.112663109187138e-09,1.9380229702698334e-08,1.653955385693321e-08,4.39460990990892e-09,2.5736593476390603e-08,1.7228628690806934e-08,1.828860860107696e-08,9.112663109187138e-09,5.51259867098975e-09,1.0970704179096631e-08,1.653955385693321e-08,1.653955385693321e-08,9.6259535466645e-09,6.328238270268846e-09,1.4878391310987639e-08,7.657168307025304e-09
b2521,0.0,0.0,0.0,0.0,0.0,0.0,0.0,0.0,0.0,0.0,0.0,0.0,0.0,0.0,0.0,0.0,0.0,0.0,0.0
b2523,0.0,0.0,0.0,0.0,0.0,0.0,0.0,0.0,0.0,0.0,0.0,0.0,0.0,0.0,0.0,0.0,0.0,0.0,0.0
b2526,5.066425827869939e-10,3.0205845287670257e-10,1.9114568783676017e-11,7.429635517535862e-11,2.6719609966156915e-10,2.113080748356674e-10,2.322469523912237e-11,3.85926436800347e-10,1.8907027663783779e-10,2.329991330067323e-10,7.2348541763545e-11,3.326407427697062e-11,7.164628397636031e-11,1.978547670848397e-10,1.9041378394810184e-10,7.623021528887809e-11,4.586826628211354e-11,2.0266395005490723e-10,4.6487860924545e-11
b2527,5.066425827869939e-10,3.0205845287670257e-10,1.9114568783676017e-11,7.429635517535862e-11,2.6719609966156915e-10,2.113080748356674e-10,2.322469523912237e-11,3.85926436800347e-10,1.8907027663783779e-10,2.329991330067323e-10,7.2348541763545e-11,3.326407427697062e-11,7.164628397636031e-11,1.978547670848397e-10,1.9041378394810184e-10,7.623021528887809e-11,4.586826628211354e-11,2.0266395005490723e-10,4.6487860924545e-11
b2528,0.0,0.0,0.0,0.0,0.0,0.0,0.0,0.0,0.0,0.0,0.0,0.0,0.0,0.0,0.0,0.0,0.0,0.0,0.0
b2529,8.026410381438263e-09,4.816346832827506e-09,3.054725505116845e-10,1.1903070761778224e-09,4.264397572444027e-09,3.3534074919326476e-09,3.7134853092313603e-10,6.148654353563763e-09,3.033249877474316e-09,3.7142688951024744e-09,1.1571419397808616e-09,5.321549324532193e-10,1.1657767636663624e-09,3.1420221252608094e-09,3.0343837183609363e-09,1.222154979797756e-09,7.311531549303327e-10,3.311149564005791e-09,7.505939801679846e-10
b2530,1.2225817013074335e-08,7.331250641557028e-09,3.976587424313528e-10,1.6126766514522082e-09,6.102731724080646e-09,4.6341101601960845e-09,4.825978993057353e-10,9.427131671152805e-09,4.487459589331905e-09,5.40019836569427e-09,1.562696090723398e-09,6.908036949665027e-10,1.8285140353091526e-09,4.448008600804687e-09,4.3335227276440876e-09,1.6619105828423539e-09,9.215077292645588e-10,4.255897563676204e-09,1.0691452406005936e-09
b2532,8.389685530556563e-11,4.976677859575574e-11,2.08987682459078e-12,9.300990267812192e-12,3.843869651180455e-11,2.7781669215464727e-11,2.541477170758027e-12,6.446501941326668e-11,2.912074969085486e-11,3.461077406401746e-11,8.847586299006217e-12,3.6508974641094865e-12,1.2520046780053147e-11,2.7605866361767764e-11,2.7028739705964036e-11,9.596952162119761e-12,4.6411723531318684e-12,2.280420603528069e-11,6.480254255486215e-12
b2533,0.0,0.0,0.0,0.0,0.0,0.0,0.0,0.0,0.0,0.0,0.0,0.0,0.0,0.0,0.0,0.0,0.0,0.0,0.0
b2536,0.0,0.0,0.0,0.0,0.0,0.0,0.0,0.0,0.0,0.0,0.0,0.0,0.0,0.0,0.0,0.0,0.0,0.0,0.0
b2538,0.0,0.0,0.0,0.0,0.0,0.0,0.0,0.0,0.0,0.0,0.0,0.0,0.0,0.0,0.0,0.0,0.0,0.0,0.0
b2539,0.0,0.0,0.0,0.0,0.0,0.0,0.0,0.0,0.0,0.0,0.0,0.0,0.0,0.0,0.0,0.0,0.0,0.0,0.0
b2540,0.0,0.0,0.0,0.0,0.0,0.0,0.0,0.0,0.0,0.0,0.0,0.0,0.0,0.0,0.0,0.0,0.0,0.0,0.0
b2541,0.0,0.0,0.0,0.0,0.0,0.0,0.0,0.0,0.0,0.0,0.0,0.0,0.0,0.0,0.0,0.0,0.0,0.0,0.0
b2542,0.0,0.0,0.0,0.0,0.0,0.0,0.0,0.0,0.0,0.0,0.0,0.0,0.0,0.0,0.0,0.0,0.0,0.0,0.0
b2551,4.048295207601335e-06,1.4002590543787562e-06,2.1716724996308692e-07,6.664921499233884e-07,2.0789959883618357e-06,1.881807861425752e-06,2.437718265978094e-07,1.7386148656085364e-06,1.667897107635599e-06,1.9282881961848503e-06,4.358051510291368e-06,4.1286509857459096e-07,8.459153584303159e-07,1.5865612027035433e-06,1.5666960437326103e-06,6.821104352627525e-07,4.937904590116666e-07,1.6338079246822523e-06,2.4217625939350445e-07
b2552,0.0,0.0,0.0,0.0,0.0,0.0,0.0,0.0,0.0,0.0,0.0,0.0,0.0,0.0,0.0,0.0,0.0,0.0,0.0
b2557,2.61248813903629e-06,1.6957783484226712e-10,1.697759083319003e-07,4.745109864316741e-07,1.3590714568513122e-06,1.0637418626401023e-06,1.9485056068377128e-07,2.194930449321316e-10,1.1063215066383782e-06,1.2639576975260586e-06,4.651552706500161e-07,2.524935511257127e-07,5.898776779452988e-07,1.054299843437386e-06,1.0440672286548594e-06,4.910396240541509e-07,2.987562638116854e-07,9.110454026037885e-07,3.4248552606521495e-11
b2558,0.0,0.0,0.0,0.0,0.0,0.0,0.0,0.0,0.0,0.0,0.0,0.0,0.0,0.0,0.0,0.0,0.0,0.0,0.0
b2559,1.991210521181307e-10,1.1807753341186852e-10,4.925784989088285e-12,2.1618648338712942e-11,9.004195048526267e-11,6.527919401178812e-11,5.990800170033873e-12,1.5365872130028636e-10,6.910124313500337e-11,8.161681407211516e-11,2.084595903503425e-11,8.579696799172587e-12,2.94729702479729e-11,6.460849821387613e-11,6.392920427275928e-11,2.254489629780135e-11,1.0896219418846588e-11,5.357360456229409e-11,1.519418404529043e-11
b2563,0.0,0.0,0.0,0.0,0.0,0.0,0.0,0.0,0.0,0.0,0.0,0.0,0.0,0.0,0.0,0.0,0.0,0.0,0.0
b2564,7.435765463046474e-06,4.223309363376701e-06,1.1159381140703752e-07,6.424615913220702e-07,3.1510024599075404e-06,4.8695792775101925e-06,1.4545588307501292e-07,5.623521976848745e-06,2.753140779064143e-06,2.840243623505007e-06,6.157053604725299e-07,6.096230248803857e-07,1.3245610650303588e-06,2.2528000716703226e-06,2.2259672480612965e-06,7.883304088315762e-07,6.024818252397834e-07,1.7759611347721695e-06,4.305888335384623e-07
b2566,4.631979299943273e-10,2.753724292236667e-10,1.1795411216676836e-11,5.1371081484313024e-11,2.1129381350292933e-10,1.5349189180131777e-10,1.4255053631310804e-11,3.566847713571461e-10,1.623395668098702e-10,1.9209349517812984e-10,4.943273781007122e-11,2.0376174429881838e-11,6.975784285503531e-11,1.5191775564807472e-10,1.49919392212914e-10,5.304240556979539e-11,2.5923768778905137e-11,1.2620242000340647e-10,3.6063736145981805e-11
b2567,9.696822215479974e-09,5.7736927563707935e-09,2.5092799031097387e-10,1.083705059181634e-09,4.4344902929762805e-09,3.2266149704988117e-09,3.0263721100797017e-10,7.47286529792659e-09,3.415304064059357e-09,4.031874085561336e-09,1.0447347344075014e-09,4.325057643918259e-10,1.473130383038025e-09,3.188297792615251e-09,3.1511747433419846e-09,1.1198559446013504e-09,5.49379307586702e-10,2.652655884250185e-09,7.624416935563986e-10
b2573,6.59268479320199e-09,6.532095373143418e-09,1.5730459342545546e-09,3.286230998930787e-09,5.9481094900279885e-09,5.309436704220503e-09,1.7376551692613457e-09,7.035151095802518e-09,5.57169981389562e-09,5.683528856508069e-09,3.3360123228603595e-09,2.1348627434759486e-09,3.9264225684712414e-09,5.405002858653878e-09,5.4338443746076605e-09,3.5040735173489683e-09,2.4136473912340633e-09,4.946289961361045e-09,2.8504748560763946e-09
b2574,8.731467376138507e-09,6.996433006453454e-09,1.2012280787714156e-09,2.8245318381051653e-09,6.033613502918945e-09,5.142038848854707e-09,1.3596767042192045e-09,8.033609279408333e-09,5.356857309230321e-09,5.691575116403141e-09,2.8241010591609075e-09,1.7061647761961504e-09,3.402463327849472e-09,5.141877671386253e-09,5.141161082283639e-09,2.9834841888550025e-09,1.9591786207349586e-09,4.622472369098002e-09,2.3717319202965818e-09
b2575,7.147835976318209e-11,4.242916317022215e-11,1.787877864498046e-12,7.834423095713784e-12,3.248007120565077e-11,2.3691706809956567e-11,2.168676252551899e-12,5.517302125888776e-11,2.4965341585001966e-11,2.945307023211809e-11,7.542477090759938e-12,3.1063286052150524e-12,1.0638658665785651e-11,2.3431895783194733e-11,2.300849114266978e-11,8.087004938119699e-12,3.961557062400745e-12,1.9348697040385336e-11,5.494047750525013e-12
b2578,0.0,0.0,0.0,0.0,0.0,0.0,0.0,0.0,0.0,0.0,0.0,0.0,0.0,0.0,0.0,0.0,0.0,0.0,0.0
b2579,0.0,0.0,0.0,0.0,0.0,0.0,0.0,0.0,0.0,0.0,0.0,0.0,0.0,0.0,0.0,0.0,0.0,0.0,0.0
b2582,0.0,0.0,0.0,0.0,0.0,0.0,0.0,0.0,0.0,0.0,0.0,0.0,0.0,0.0,0.0,0.0,0.0,0.0,0.0
b2585,3.0052394425572555e-07,4.6791526808349274e-07,1.6540110761185886e-07,3.24923923800806e-07,4.5641223389508216e-07,4.5089901034085416e-07,1.847804796176631e-07,4.5409340740790474e-07,4.679949843041562e-07,4.4342798232166424e-07,3.32232155362787e-07,2.2594764880743614e-07,3.745582330090234e-07,4.559701706793813e-07,4.6254173257401215e-07,3.50760464698383e-07,2.523593079622633e-07,4.314704148932224e-07,2.9314410009657974e-07
b2587,0.0,0.0,0.0,0.0,0.0,0.0,0.0,0.0,0.0,0.0,0.0,0.0,0.0,0.0,0.0,0.0,0.0,0.0,0.0
b2594,6.947968949914903e-10,4.1305864383549977e-10,1.7693116825015242e-11,7.705662222646948e-11,3.1694072025439376e-10,2.302378377019765e-10,2.138258044696619e-11,5.350271570357188e-10,2.4350935021480507e-10,2.881402427671946e-10,7.414910671510678e-11,3.0564261644822733e-11,1.046367642825529e-10,2.2787663347211195e-10,2.2487908831937089e-10,7.956360835469303e-11,3.888565316835768e-11,1.8930363000510957e-10,5.409560421897266e-11
b2595,3.051153949317917e-06,1.7387570008531708e-06,1.3931663256007962e-07,4.7122057639012763e-07,1.5189874839559751e-06,1.0560462009277992e-06,1.3609251069455118e-07,2.097066265337242e-06,1.1410428666807932e-06,1.454942330098812e-06,4.6138265590969175e-07,1.873306969092177e-07,6.534352523336921e-07,1.1454921954281197e-06,1.1070547504006478e-06,4.378485680217078e-07,2.4562581965128023e-07,9.965951693888598e-07,3.210769102326428e-07
b2599,2.5132114200717353e-05,1.5875699436080474e-05,9.888824688461227e-07,3.7137083576365874e-06,1.27296561606211e-05,9.63971064846895e-06,1.1684916660465379e-06,1.97684056902481e-05,9.994494942589444e-06,1.1747717438284582e-05,3.5384110613509457e-06,1.612315589989806e-06,4.80861859774901e-06,9.563826522928457e-06,9.339905577824506e-06,3.7664756177241376e-06,1.99633708447948e-06,8.133622682556335e-06,2.6859401802225203e-06
b2600,2.3112722923384922e-06,1.45921599361112e-06,9.375583030927174e-08,3.4651227835956083e-07,1.173787963648073e-06,8.885427621692304e-07,1.1062427718838582e-07,1.8127385383371467e-06,9.225784046206578e-07,1.0836628168476709e-06,3.3070446835861223e-07,1.515271902099244e-07,4.476689657081587e-07,8.841526953660827e-07,8.64634253923842e-07,3.509270126020234e-07,1.8747398028699523e-07,7.531327976157443e-07,2.5124787691179534e-07
b2601,2.3112722923384922e-06,1.45921599361112e-06,9.375583030927174e-08,3.4651227835956083e-07,1.173787963648073e-06,8.885427621692304e-07,1.1062427718838582e-07,1.8127385383371467e-06,9.225784046206578e-07,1.0836628168476709e-06,3.3070446835861223e-07,1.515271902099244e-07,4.476689657081587e-07,8.841526953660827e-07,8.64634253923842e-07,3.509270126020234e-07,1.8747398028699523e-07,7.531327976157443e-07,2.5124787691179534e-07
b2606,6.881797817058582e-05,4.5619220133336694e-05,4.698087190982779e-06,1.3356481185921399e-05,3.76706684645223e-05,2.962235272701723e-05,5.33709207956277e-06,5.5182966279386625e-05,3.069693626950275e-05,3.5254806173868566e-05,1.2852511830618529e-05,6.811464023703364e-06,1.652995972463623e-05,2.931856067764909e-05,2.8932897136347975e-05,1.3418295030629333e-05,8.08821585901841e-06,2.5679448939823602e-05,1.0228986979587574e-05
b2607,1.4766518553819408e-10,8.734007317165873e-11,3.31628715945299e-12,1.5551795310745477e-11,6.672770116137325e-11,4.801624258333521e-11,4.094740378853421e-12,1.1369851552758309e-10,5.062256573489498e-11,6.036228719972302e-11,1.4866779799952817e-11,5.890610751831088e-12,2.1185875164930476e-11,4.754985388204285e-11,4.6773812862407366e-11,1.592077307109082e-11,7.601754074447342e-12,3.918857489263653e-11,1.0733512874358427e-11
b2608,2.3159896499716365e-10,1.3768621461183336e-10,5.897705608338418e-12,2.5685540742156512e-11,1.0564690675146466e-10,7.674594590065888e-11,7.127526815655402e-12,1.7834238567857304e-10,8.11697834049351e-11,9.604674758906492e-11,2.471636890503561e-11,1.0188087214940919e-11,3.4878921427517654e-11,7.595887782403736e-11,7.4959696106457e-11,2.6521202784897694e-11,1.2961884389452569e-11,6.310121000170324e-11,1.8031868072990902e-11
b2609,6.881797817058582e-05,4.5619220133336694e-05,4.698087190982779e-06,1.3356481185921399e-05,3.76706684645223e-05,2.962235272701723e-05,5.33709207956277e-06,5.5182966279386625e-05,3.069693626950275e-05,3.5254806173868566e-05,1.2852511830618529e-05,6.811464023703364e-06,1.652995972463623e-05,2.931856067764909e-05,2.8932897136347975e-05,1.3418295030629333e-05,8.08821585901841e-06,2.5679448939823602e-05,1.0228986979587574e-05
b2610,4.381911068606621e-06,3.2406075420301116e-06,4.1655615496855474e-07,1.0830737532580433e-06,2.6574646647283866e-06,2.251185832606729e-06,4.820440274687975e-07,3.825269954556765e-06,2.2599061005389436e-06,2.507638684154098e-06,1.0717250963220631e-06,6.176723329494052e-07,1.3046925656623425e-06,2.3040636264122087e-06,2.1921447678231047e-06,1.159122820228126e-06,7.228677333265057e-07,1.9763602189633955e-06,8.740389467000679e-07
b2614,2.6440226403822272e-09,1.6240085692583855e-09,1.1907180739610963e-10,4.4168563091522006e-10,1.4244582084647742e-09,1.039943468500829e-09,1.445174356467701e-10,2.007083515496585e-09,1.2337481421270726e-09,1.2609574362602661e-09,4.236208676649601e-10,1.9743986223119078e-10,6.086208325580958e-10,9.746059655304713e-10,1.0675036479858105e-09,4.5881633246843926e-10,2.416771462367705e-10,8.915392650377503e-10,3.134773691486014e-10
b2615,4.205011140976054e-09,3.382063763925492e-09,5.850798680475652e-10,1.3730503601538875e-09,2.9201342904752932e-09,2.4921089138799e-09,6.621550412130167e-10,3.877897548123389e-09,2.595936709925713e-09,2.755651664589643e-09,1.3730503507929974e-09,8.306082116353953e-10,1.6530128432108193e-09,2.492108905210256e-09,2.4921088833529063e-09,1.4503909209154895e-09,9.535050388068693e-10,2.2418099092664678e-09,1.1537423924266246e-09
b2617,3.051153949317917e-06,1.7387570008531708e-06,1.3931663256007962e-07,4.7122057639012763e-07,1.5189874839559751e-06,1.0560462009277992e-06,1.3609251069455118e-07,2.097066265337242e-06,1.1410428666807932e-06,1.454942330098812e-06,4.6138265590969175e-07,1.873306969092177e-07,6.534352523336921e-07,1.1454921954281197e-06,1.1070547504006478e-06,4.378485680217078e-07,2.4562581965128023e-07,9.965951693888598e-07,3.210769102326428e-07
b2661,0.0,0.0,0.0,0.0,0.0,0.0,0.0,0.0,0.0,0.0,0.0,0.0,0.0,0.0,0.0,0.0,0.0,0.0,0.0
b2662,0.0,0.0,0.0,0.0,0.0,0.0,0.0,0.0,0.0,0.0,0.0,0.0,0.0,0.0,0.0,0.0,4.936443993278415e-06,0.0,0.0
b2663,0.0,0.0,0.0,0.0,0.0,0.0,0.0,0.0,0.0,0.0,0.0,0.0,0.0,0.0,0.0,0.0,4.936443993278415e-06,0.0,0.0
b2675,0.0,0.0,0.0,0.0,0.0,0.0,0.0,0.0,0.0,0.0,0.0,0.0,0.0,0.0,0.0,0.0,0.0,0.0,0.0
b2676,0.0,0.0,0.0,0.0,0.0,0.0,0.0,0.0,0.0,0.0,0.0,0.0,0.0,0.0,0.0,0.0,0.0,0.0,0.0
b2677,0.0,0.0,0.0,0.0,0.0,0.0,0.0,0.0,0.0,0.0,0.0,0.0,0.0,0.0,0.0,0.0,0.0,0.0,0.0
b2678,0.0,0.0,0.0,0.0,0.0,0.0,0.0,0.0,0.0,0.0,0.0,0.0,0.0,0.0,0.0,0.0,0.0,0.0,0.0
b2679,0.0,0.0,0.0,0.0,0.0,0.0,0.0,0.0,0.0,0.0,0.0,0.0,0.0,0.0,0.0,0.0,0.0,0.0,0.0
b2682,0.0,0.0,0.0,0.0,0.0,0.0,0.0,0.0,0.0,0.0,0.0,0.0,0.0,0.0,0.0,0.0,0.0,0.0,0.0
b2683,0.0,0.0,0.0,0.0,0.0,0.0,0.0,0.0,0.0,0.0,0.0,0.0,0.0,0.0,0.0,0.0,0.0,0.0,0.0
b2687,7.417674089946113e-05,4.4090863917924435e-05,1.8828253242678818e-06,8.217548892038256e-06,3.382710459807489e-05,2.4570315244682443e-05,2.2784868428075504e-06,5.7119588354265094e-05,2.598445142934733e-05,3.07487775267055e-05,7.90712252309156e-06,3.25768835073735e-06,1.1159966159496426e-05,2.4317119290973978e-05,2.399621409552327e-05,8.48481431115789e-06,4.145043530985188e-06,2.0197831807440354e-05,5.767900768993352e-06
b2688,0.0,0.0,0.0,0.0,0.0,0.0,0.0,0.0,0.0,0.0,0.0,0.0,0.0,0.0,0.0,0.0,0.0,0.0,0.0
b2690,1.1947625564390715e-06,9.60942497050296e-07,1.6624026752166213e-07,3.901265490413295e-07,8.296962197493548e-07,7.080826967457307e-07,1.881397323694683e-07,1.101821528648554e-06,7.375830067812635e-07,7.829623102287791e-07,3.901265490413295e-07,2.36002480284261e-07,4.6967202788714064e-07,7.080826967457307e-07,7.080826967457307e-07,4.1210126978208335e-07,2.7092121461203435e-07,6.369658779100718e-07,3.278146696805616e-07
b2697,5.846335730998705e-06,3.7530922801612425e-06,2.703085441823401e-07,9.344495833208927e-07,3.032223071894451e-06,2.326366891770592e-06,3.1673554328240083e-07,4.633913582900153e-06,2.428215885287759e-06,2.8047264741026592e-06,9.01709026959876e-07,4.283059115880422e-07,1.2054411572140101e-06,2.2948511216845893e-06,2.268950844768866e-06,9.519927846039463e-07,5.254978683877668e-07,1.97302592413413e-06,6.903662970145353e-07
b2701,0.0,0.0,0.0,0.0,0.0,0.0,0.0,0.0,0.0,0.0,0.0,0.0,0.0,0.0,0.0,0.0,0.0,0.0,0.0
b2702,0.0,0.0,0.0,0.0,0.0,0.0,0.0,0.0,0.0,0.0,0.0,0.0,0.0,0.0,0.0,0.0,0.0,0.0,0.0
b2703,0.0,0.0,0.0,0.0,0.0,0.0,0.0,0.0,0.0,0.0,0.0,0.0,0.0,0.0,0.0,0.0,0.0,0.0,0.0
b2704,0.0,0.0,0.0,0.0,0.0,0.0,0.0,0.0,0.0,0.0,0.0,0.0,0.0,0.0,0.0,0.0,0.0,0.0,0.0
b2705,0.0,0.0,0.0,0.0,0.0,0.0,0.0,0.0,0.0,0.0,0.0,0.0,0.0,0.0,0.0,0.0,0.0,0.0,0.0
b2708,0.0,0.0,0.0,0.0,0.0,0.0,0.0,0.0,0.0,0.0,0.0,0.0,0.0,0.0,0.0,0.0,0.0,0.0,0.0
b2710,0.0,0.0,0.0,0.0,0.0,0.0,0.0,0.0,0.0,0.0,0.0,0.0,0.0,0.0,0.0,0.0,0.0,0.0,0.0
b2711,0.0,0.0,0.0,0.0,0.0,0.0,0.0,0.0,0.0,0.0,0.0,0.0,0.0,0.0,0.0,0.0,0.0,0.0,0.0
b2715,0.0,0.0,0.0,0.0,0.0,0.0,0.0,0.0,0.0,0.0,0.0,0.0,0.0,0.0,0.0,0.0,0.0,0.0,0.0
b2719,0.0,0.0,0.0,0.0,0.0,0.0,0.0,0.0,0.0,0.0,0.0,0.0,0.0,0.0,0.0,0.0,0.0,0.0,0.0
b2720,0.0,0.0,0.0,0.0,0.0,0.0,0.0,0.0,0.0,0.0,0.0,0.0,0.0,0.0,0.0,0.0,0.0,0.0,0.0
b2721,0.0,0.0,0.0,0.0,0.0,0.0,0.0,0.0,0.0,0.0,0.0,0.0,0.0,0.0,0.0,0.0,0.0,0.0,0.0
b2722,0.0,0.0,0.0,0.0,0.0,0.0,0.0,0.0,0.0,0.0,0.0,0.0,0.0,0.0,0.0,0.0,0.0,0.0,0.0
b2723,0.0,0.0,0.0,0.0,0.0,0.0,0.0,0.0,0.0,0.0,0.0,0.0,0.0,0.0,0.0,0.0,0.0,0.0,0.0
b2724,0.0,0.0,0.0,0.0,0.0,0.0,0.0,0.0,0.0,0.0,0.0,0.0,0.0,0.0,0.0,0.0,0.0,0.0,0.0
b2738,0.0,0.0,0.0,0.0,0.0,0.0,0.0,0.0,0.0,0.0,0.0,0.0,0.0,0.0,0.0,0.0,0.0,0.0,0.0
b2741,1.2872134070534238e-08,8.885455317654027e-09,2.2203622008488745e-09,4.720502533844156e-09,1.0066165409412396e-08,6.604951118667812e-09,2.5364447256718976e-09,9.379193026203425e-09,9.093528607835502e-09,8.431186422714267e-09,4.562004493458851e-09,2.5934873304632362e-09,5.903970088501192e-09,7.033724382557108e-09,8.111120672668486e-09,4.367641881142121e-09,2.8651305939310228e-09,7.455194110702338e-09,3.562573605987263e-09
b2744,6.535409933633695e-05,4.500703440054126e-05,5.829407339461087e-06,1.5051298311487932e-05,3.764635416598764e-05,3.1757841602857115e-05,6.729960857510126e-06,5.3551414326335816e-05,3.249353135495937e-05,3.654692930199446e-05,1.5324852075977478e-05,8.627752885567726e-06,1.908949858485516e-05,3.162159457258273e-05,3.1453371321176625e-05,1.587758140826634e-05,1.0089354050840579e-05,2.788581769711348e-05,1.2012524167411144e-05
b2745,1.1114259307774956e-10,6.508813121505498e-11,2.457526191237748e-12,1.149855356075226e-11,4.9556549339488694e-11,3.567800254510863e-11,2.9949099193895697e-12,8.48394005951856e-11,3.783347562289759e-11,4.507788944156061e-11,1.1048960931302776e-11,4.3694654603175516e-12,1.5824775564652773e-11,3.516459447822015e-11,3.484320962610922e-11,1.1874527343840427e-11,5.610077782617102e-12,2.9152487239494235e-11,7.932744948369503e-12
b2746,2.7129225670409298e-05,2.1621794123292273e-05,3.6680130001198768e-06,8.655918204286763e-06,1.8614462789696598e-05,1.583699628407998e-05,4.1532428264360835e-06,2.487348388667655e-05,1.6493367287590325e-05,1.7551964199966636e-05,8.651498924731054e-06,5.214877372485143e-06,1.0433821794020198e-05,1.5833958223980315e-05,1.582629886203849e-05,9.141078417855884e-06,5.991991904832554e-06,1.4219171320188703e-05,7.258382365285318e-06
b2747,8.524108377460187e-05,6.793651933202946e-05,1.1525039720193018e-05,2.719723215699793e-05,5.848736714245477e-05,4.976045919592048e-05,1.3049650734803346e-05,7.815345522607456e-05,5.182280245544341e-05,5.514895518783883e-05,2.7183346608497282e-05,1.638534783051828e-05,3.278347448756817e-05,4.9750913492750996e-05,4.9726847479187804e-05,2.872162444564541e-05,1.8827071960762752e-05,4.467719014301433e-05,2.280612011503992e-05
b2750,2.2498515104446822e-05,1.4519463820166537e-05,0.0,3.593253535171014e-06,1.1664780665506954e-05,8.9733356927577e-06,1.2229489182996404e-06,1.7958529830313073e-05,9.308287910634025e-06,1.0820913185392902e-05,3.460700900466549e-06,1.6546854615748272e-06,4.597669224776165e-06,8.888591451520721e-06,8.736555553366408e-06,3.675407607743539e-06,2.0260560782056906e-06,7.644341771457726e-06,2.6653603634043945e-06
b2751,1.9091448730341127e-06,1.2320706403417901e-06,0.0,3.049108588871964e-07,9.898322666733876e-07,7.614457110752326e-07,1.0377514456022491e-07,1.523897688074351e-06,7.898685783845333e-07,9.182246398722068e-07,2.93662908443428e-07,1.4041078936917412e-07,3.9014204215874e-07,7.542546127771603e-07,7.413533811122725e-07,3.1188216458104234e-07,1.719239939271139e-07,6.486719604803829e-07,2.2617310737881046e-07
b2752,1.9091448730341127e-06,1.2320706403417901e-06,0.0,3.049108588871964e-07,9.898322666733876e-07,7.614457110752326e-07,1.0377514456022491e-07,1.523897688074351e-06,7.898685783845333e-07,9.182246398722068e-07,2.93662908443428e-07,1.4041078936917412e-07,3.9014204215874e-07,7.542546127771603e-07,7.413533811122725e-07,3.1188216458104234e-07,1.719239939271139e-07,6.486719604803829e-07,2.2617310737881046e-07
b2762,1.6237048214461209e-06,1.047861305520437e-06,0.0,2.5932302921548497e-07,8.418404734609182e-07,6.476004465692707e-07,8.825951605281587e-08,1.2960567102404011e-06,6.717737543895884e-07,7.809390455328165e-07,2.4975678224025746e-07,1.194176926549618e-07,3.318111285579022e-07,6.41484503697153e-07,6.305121608683031e-07,2.6525204111330036e-07,1.462192952481823e-07,5.516877239887104e-07,1.9235751572314747e-07
b2763,1.0528595715872664e-05,6.794651285389005e-06,0.0,1.6815293631964352e-06,5.458749573974183e-06,4.19923818497616e-06,5.723015355531522e-07,8.404025748234134e-06,4.355985262273616e-06,5.063846199478281e-06,1.6194989093910095e-06,7.743406256357849e-07,2.1515642378287583e-06,4.159580551968363e-06,4.088432545153905e-06,1.719974878934388e-06,9.48130365319e-07,3.5773109314991468e-06,1.2473046142431763e-06
b2764,2.105719143174533e-05,1.358930257077801e-05,0.0,3.3630587263928704e-06,1.0917499147948366e-05,8.39847636995232e-06,1.1446030711063044e-06,1.680805149646827e-05,8.711970524547232e-06,1.0127692398956561e-05,3.238997818782019e-06,1.5486812512715697e-06,4.3031284756575165e-06,8.319161103936726e-06,8.17686509030781e-06,3.439949757868776e-06,1.896260730638e-06,7.1546218629982935e-06,2.4946092284863526e-06
b2765,1.1809975455607535e-09,7.024956724246938e-10,3.144921552453221e-11,1.338480182596744e-10,5.417597311166408e-10,3.93481001040489e-10,3.7705210252821284e-11,9.073969768852553e-10,4.173005706216934e-10,4.940793972180212e-10,1.2903135153446937e-10,5.359577549698947e-11,1.8155025804483085e-10,3.896735642475322e-10,3.8551339974052863e-10,1.3774008073395128e-10,6.805589369066082e-11,3.250429780605934e-10,9.435282386977801e-11
b2779,2.970365301624238e-05,2.119990940076573e-05,5.110169164069643e-06,1.1676337352353668e-05,2.0038622123125202e-05,1.7080612655516938e-05,4.743220780666742e-06,2.0802965256928652e-05,2.1757620040277444e-05,2.0460616877851986e-05,1.2131117069386902e-05,6.977523573530874e-06,1.4956348251513019e-05,1.3616685476848809e-05,1.7458057821978316e-05,1.2052202064094367e-05,7.242427843153214e-06,1.652670099188225e-05,9.268438456015954e-06
b2780,2.197691807024382e-05,1.391652445781836e-05,1.2096212232001709e-06,3.5997278116576125e-06,0.0,8.531265299192386e-06,1.3964703717839748e-06,1.74691118338586e-05,8.899418478720661e-06,1.0248340130264908e-05,3.518014965096359e-06,1.8331893636278358e-06,4.544351336901987e-06,8.446522523213066e-06,8.36066572562542e-06,3.72176939262427e-06,2.1918913428368875e-06,7.237266094011032e-06,2.7792863181097767e-06
b2781,0.0,0.0,0.0,0.0,0.0,0.0,0.0,0.0,0.0,0.0,0.0,0.0,0.0,0.0,0.0,0.0,0.0,0.0,0.0
b2784,0.0,0.0,0.0,0.0,0.0,0.0,0.0,0.0,0.0,0.0,0.0,0.0,0.0,0.0,0.0,0.0,0.0,0.0,0.0
b2785,2.3159896499716365e-10,1.3768621461183336e-10,5.897705608338418e-12,2.5685540742156512e-11,1.0564690675146466e-10,7.674594590065888e-11,7.127526815655402e-12,1.7834238567857304e-10,8.11697834049351e-11,9.604674758906492e-11,2.471636890503561e-11,1.0188087214940919e-11,3.4878921427517654e-11,7.595887782403736e-11,7.4959696106457e-11,2.6521202784897694e-11,1.2961884389452569e-11,6.310121000170324e-11,1.8031868072990902e-11
b2787,0.0,0.0,0.0,0.0,0.0,0.0,0.0,0.0,0.0,0.0,0.0,0.0,0.0,0.0,0.0,0.0,0.0,0.0,0.0
b2788,0.0,0.0,0.0,0.0,0.0,0.0,0.0,0.0,0.0,0.0,0.0,0.0,0.0,0.0,0.0,0.0,0.0,0.0,0.0
b2789,0.0,0.0,0.0,0.0,0.0,0.0,0.0,0.0,0.0,0.0,0.0,0.0,0.0,0.0,0.0,0.0,0.0,0.0,0.0
b2791,2.52651256464105e-10,1.5009086309710238e-10,6.4124403410717375e-12,2.7968215158904063e-11,1.15108620895315e-10,8.352656702162576e-11,7.729996094277715e-12,1.944579740144201e-10,8.855654437772555e-11,1.0472889746814788e-10,2.6928003330139294e-11,1.10563778218652e-11,3.7993076018030955e-11,8.249992837263518e-11,8.169331046632943e-11,2.883469259095743e-11,1.4092444716820866e-11,6.880180079890738e-11,1.9629006756785554e-11
b2794,3.54778048622189e-06,2.1103349855822734e-06,9.447514396987559e-08,4.020866843340242e-07,1.627475526516716e-06,1.1820382035829466e-06,1.1326849041022958e-07,2.7258695836846156e-06,1.2535934785858904e-06,1.484241225295753e-06,3.8761715704283677e-07,1.6100460764451855e-07,5.453867920226473e-07,1.1706004575797052e-06,1.1581030984506374e-06,4.1377865045986373e-07,2.0444358459142726e-07,9.764466819440147e-07,2.834409847873044e-07
b2796,0.0,0.0,0.0,0.0,0.0,0.0,0.0,0.0,0.0,0.0,0.0,0.0,0.0,0.0,0.0,0.0,0.0,1.6160017087668575e-05,0.0
b2797,0.0,0.0,0.0,0.0,0.0,0.0,0.0,0.0,0.0,0.0,0.0,0.0,0.0,0.0,0.0,0.0,0.0,1.2888964073180007e-05,0.0
b2799,0.0,0.0,0.0,0.0,0.0,0.0,0.0,0.0,0.0,0.0,0.0,0.0,0.0,0.0,0.0,0.0,0.0,0.0,0.0
b2800,0.0,0.0,0.0,0.0,0.0,0.0,0.0,0.0,0.0,0.0,0.0,0.0,0.0,0.0,0.0,0.0,0.0,0.0,0.0
b2801,0.0,0.0,0.0,0.0,0.0,0.0,0.0,0.0,0.0,0.0,0.0,0.0,0.0,0.0,0.0,0.0,0.0,0.0,0.0
b2802,0.0,0.0,0.0,0.0,0.0,0.0,0.0,0.0,0.0,0.0,0.0,0.0,0.0,0.0,0.0,0.0,0.0,0.0,0.0
b2803,0.0,0.0,0.0,0.0,0.0,0.0,0.0,0.0,0.0,0.0,0.0,0.0,0.0,0.0,0.0,0.0,0.0,0.0,0.0
b2806,2.3159896499716365e-10,1.3768621461183336e-10,5.897705608338418e-12,2.5685540742156512e-11,1.0564690675146466e-10,7.674594590065888e-11,7.127526815655402e-12,1.7834238567857304e-10,8.11697834049351e-11,9.604674758906492e-11,2.471636890503561e-11,1.0188087214940919e-11,3.4878921427517654e-11,7.595887782403736e-11,7.4959696106457e-11,2.6521202784897694e-11,1.2961884389452569e-11,6.310121000170324e-11,1.8031868072990902e-11
b2810,0.0,0.0,0.0,0.0,0.0,0.0,0.0,0.0,0.0,0.0,0.0,0.0,0.0,0.0,0.0,0.0,0.0,0.0,0.0
b2811,0.0,0.0,0.0,0.0,0.0,0.0,0.0,0.0,0.0,0.0,0.0,0.0,0.0,0.0,0.0,0.0,0.0,0.0,0.0
b2813,0.0,0.0,0.0,0.0,0.0,0.0,0.0,0.0,0.0,0.0,0.0,0.0,0.0,0.0,0.0,0.0,0.0,0.0,0.0
b2817,0.0,0.0,0.0,0.0,0.0,0.0,0.0,0.0,0.0,0.0,0.0,0.0,0.0,0.0,0.0,0.0,0.0,0.0,0.0
b2818,9.480024663594628e-06,6.046423986458976e-06,4.0312679061500816e-07,1.4443037893238713e-06,4.829903668024451e-06,3.68111511003513e-06,4.778016195785956e-07,7.5210557857259495e-06,3.846306049209227e-06,4.458771327401356e-06,1.3920360595839522e-06,0.0,1.871702095659188e-06,3.6394003922009526e-06,3.6009722549904884e-06,0.0,7.990457864445815e-07,3.1147646117420808e-06,1.062205001697074e-06
b2827,9.453625795456425e-07,8.42501336457199e-07,2.515310461661338e-07,5.071354061338442e-07,7.823727252765971e-07,7.220690020702604e-07,2.81435977092686e-07,9.046771636682146e-07,7.372974807086407e-07,7.599118101626064e-07,5.071354061338442e-07,3.431736936724657e-07,5.731449595869004e-07,7.220690020702604e-07,7.220690020702604e-07,5.264832111080723e-07,3.849455320030372e-07,6.831723309762707e-07,4.4707876288573093e-07
b2828,9.576315466378206e-09,7.689950800141673e-09,1.3272376605615539e-09,3.1168461304989003e-09,6.638464147428218e-09,5.6617385363198975e-09,1.5020237039696957e-09,8.820513964046408e-09,5.898310821249395e-09,6.264281205721925e-09,3.116770443675454e-09,1.884369212144736e-09,3.753562578781031e-09,5.662665660809433e-09,5.66226724949097e-09,3.29205455071551e-09,2.163483581523402e-09,5.092999123185483e-09,2.618204311205077e-09
b2835,1.805076731824385e-08,1.4495085617161553e-08,2.501761587838312e-09,5.875063793160799e-09,1.2513097766718695e-08,1.0672029894447169e-08,2.831222559661338e-09,1.662612784126867e-08,1.1117954142055804e-08,1.1807785871041264e-08,5.874921128140637e-09,3.551920392504723e-09,7.075235246993049e-09,1.067377746724742e-08,1.0673026486347532e-08,6.205320919362515e-09,4.078033860103147e-09,9.599990982691623e-09,4.9351545465596355e-09
b2836,1.7112975573171606e-06,2.4623272859901556e-06,8.294856329253468e-07,1.6475599632292275e-06,2.3776067464088188e-06,2.3237980073967373e-06,9.272218272544473e-07,2.4276382738924823e-06,2.4125045217118143e-06,2.3047685509009872e-06,1.6826475330356253e-06,1.1377587266654292e-06,1.9037225255896422e-06,2.348147630411626e-06,2.3796954094732598e-06,1.7765332265636277e-06,1.2724027876658292e-06,2.2145453164191066e-06,1.4809873958132016e-06
b2838,2.3189028710981744e-05,1.4845439916136984e-05,1.0712018601853109e-06,3.677980181439061e-06,1.194954995079019e-05,9.134584199323651e-06,1.249159597945513e-06,1.83849252171733e-05,9.604825813711696e-06,1.1094395448764886e-05,3.5559087594031706e-06,1.69283640694727e-06,4.747787134963016e-06,9.033996180939166e-06,8.955944167367858e-06,3.7606636277456687e-06,2.066053173243079e-06,7.773669902888036e-06,2.7308760414092467e-06
b2841,0.0,0.0,0.0,0.0,0.0,0.0,0.0,0.0,0.0,0.0,0.0,0.0,0.0,0.0,0.0,0.0,0.0,0.0,0.0
b2866,3.6542428214427763e-07,5.088784474508721e-06,2.3072642273805735e-08,6.515022838125875e-08,1.8891021342318054e-07,1.4746028970350018e-07,2.650741955398585e-08,6.214801385592027e-06,1.533814329094662e-07,1.7555070723263464e-07,6.38219589972429e-08,3.4422890057104415e-08,8.116293778043217e-08,1.461055120734326e-07,1.4465297961368174e-07,6.739463181369929e-08,4.080665142154861e-08,1.260538790563409e-07,5.252118316171441e-07
b2867,3.6542428214427763e-07,5.088784474508721e-06,2.3072642273805735e-08,6.515022838125875e-08,1.8891021342318054e-07,1.4746028970350018e-07,2.650741955398585e-08,6.214801385592027e-06,1.533814329094662e-07,1.7555070723263464e-07,6.38219589972429e-08,3.4422890057104415e-08,8.116293778043217e-08,1.461055120734326e-07,1.4465297961368174e-07,6.739463181369929e-08,4.080665142154861e-08,1.260538790563409e-07,5.252118316171441e-07
b2868,3.6542428214427763e-07,5.088784474508721e-06,2.3072642273805735e-08,6.515022838125875e-08,1.8891021342318054e-07,1.4746028970350018e-07,2.650741955398585e-08,6.214801385592027e-06,1.533814329094662e-07,1.7555070723263464e-07,6.38219589972429e-08,3.4422890057104415e-08,8.116293778043217e-08,1.461055120734326e-07,1.4465297961368174e-07,6.739463181369929e-08,4.080665142154861e-08,1.260538790563409e-07,5.252118316171441e-07
b2871,0.0,0.0,0.0,0.0,0.0,0.0,0.0,0.0,0.0,0.0,0.0,0.0,0.0,0.0,0.0,0.0,0.0,0.0,0.0
b2874,4.0661470310173734e-06,2.589511298400771e-06,2.0782222113965458e-07,2.605963043904998e-07,8.714614305889978e-07,1.58841215602418e-06,2.418982399850593e-07,3.233844891504132e-06,1.6575167841656978e-06,1.911957319132345e-06,6.378749073576605e-07,3.209022285397544e-07,8.349706015991726e-07,1.5718465564468893e-06,1.5558068483875162e-06,4.088685916324779e-07,3.8699043502891113e-07,1.347878844277815e-06,4.984082862263837e-07
b2877,0.0,0.0,0.0,0.0,0.0,0.0,0.0,0.0,0.0,0.0,0.0,0.0,0.0,0.0,0.0,0.0,0.0,0.0,0.0
b2882,0.0,0.0,0.0,0.0,0.0,0.0,0.0,0.0,0.0,0.0,0.0,0.0,0.0,0.0,0.0,0.0,0.0,0.0,0.0
b2883,0.0,0.0,0.0,0.0,0.0,0.0,0.0,0.0,0.0,0.0,0.0,0.0,0.0,0.0,0.0,0.0,0.0,0.0,1.0702322038831061e-06
b2889,0.0,0.0,0.0,0.0,0.0,0.0,0.0,0.0,0.0,0.0,0.0,0.0,0.0,0.0,0.0,0.0,0.0,0.0,0.0
b2890,2.119719340814006e-09,1.3830244252114691e-09,1.1272532943143954e-10,3.6203735665139695e-10,1.1224730262249603e-09,8.634908187306221e-10,1.3072606748768202e-10,1.7048766442523802e-09,9.039032081893371e-10,1.0367206903309433e-09,3.5042165286404553e-10,1.7412204746664457e-10,4.609733496835592e-10,8.535181712753874e-10,8.459090616542117e-10,3.714061317025844e-10,2.1007208093885102e-10,7.378778580133975e-10,2.740060784975823e-10
b2891,2.119719340814006e-09,1.3830244252114691e-09,1.1272532943143954e-10,3.6203735665139695e-10,1.1224730262249603e-09,8.634908187306221e-10,1.3072606748768202e-10,1.7048766442523802e-09,9.039032081893371e-10,1.0367206903309433e-09,3.5042165286404553e-10,1.7412204746664457e-10,4.609733496835592e-10,8.535181712753874e-10,8.459090616542117e-10,3.714061317025844e-10,2.1007208093885102e-10,7.378778580133975e-10,2.740060784975823e-10
b2893,0.0,0.0,0.0,0.0,0.0,0.0,0.0,0.0,0.0,0.0,0.0,0.0,0.0,0.0,0.0,0.0,0.0,0.0,0.0
b2895,1.0477288928326725e-06,9.312665741002913e-07,2.7533745941195815e-07,5.563516014972335e-07,6.553775937629856e-07,7.955412110216884e-07,3.0812019253613807e-07,1.0015940953175412e-06,8.12627670125951e-07,8.380864840390398e-07,5.563485036100383e-07,3.758575426710495e-07,6.293965484159764e-07,7.955352706013165e-07,7.95527882558746e-07,5.777267791321488e-07,4.217453264036393e-07,7.519474546931452e-07,4.901075892004824e-07
b2901,0.0,0.0,0.0,0.0,0.0,0.0,0.0,0.0,0.0,0.0,0.0,0.0,0.0,0.0,0.0,0.0,0.0,0.0,0.0
b2903,0.0,0.0,2.430546774509865e-09,0.0,0.0,9.911756399475478e-08,0.0,0.0,0.0,0.0,1.8746758167660405e-06,3.14376185353051e-08,0.0,0.0,0.0,0.0,3.606260746622209e-08,9.548106856093802e-08,0.0
b2904,0.0,0.0,1.2152733872549326e-09,0.0,0.0,4.955878199737739e-08,0.0,0.0,0.0,0.0,9.373379083830202e-07,1.571880926765255e-08,0.0,0.0,0.0,0.0,1.8031303733111044e-08,4.774053428046901e-08,0.0
b2905,0.0,0.0,1.2152733872549326e-09,0.0,0.0,4.955878199737739e-08,0.0,0.0,0.0,0.0,9.373379083830202e-07,1.571880926765255e-08,0.0,0.0,0.0,0.0,1.8031303733111044e-08,4.774053428046901e-08,0.0
b2907,3.020557065047655e-40,0.0,0.0,0.0,0.0,0.0,0.0,0.0,0.0,0.0,0.0,0.0,0.0,0.0,0.0,0.0,0.0,0.0,0.0
b2912,0.0,0.0,0.0,0.0,0.0,0.0,0.0,0.0,0.0,0.0,0.0,0.0,0.0,0.0,0.0,0.0,0.0,0.0,0.0
b2913,7.998264135328814e-07,5.15067311511388e-07,9.89317341741668e-08,2.471872072783322e-07,5.4033458300921e-07,4.846594476348832e-07,1.1697975278019499e-07,5.845774602183171e-07,4.760174186064828e-07,5.091345411546023e-07,0.0,1.5631899542437292e-07,2.982809929131784e-07,4.5749986548777165e-07,4.566270707650566e-07,2.6063614613687934e-07,1.7994430576358883e-07,0.0,1.81104992284606e-07
b2914,0.0,0.0,0.0,0.0,0.0,0.0,0.0,0.0,0.0,0.0,0.0,0.0,0.0,0.0,0.0,0.0,0.0,0.0,0.0
b2917,0.0,0.0,0.0,0.0,0.0,0.0,0.0,0.0,0.0,0.0,0.0,0.0,0.0,0.0,0.0,0.0,0.0,0.0,0.0
b2919,0.0,0.0,0.0,0.0,0.0,0.0,0.0,0.0,0.0,0.0,0.0,0.0,0.0,0.0,0.0,0.0,0.0,0.0,0.0
b2920,0.0,0.0,0.0,0.0,0.0,0.0,0.0,0.0,0.0,0.0,0.0,0.0,0.0,0.0,0.0,0.0,0.0,0.0,0.0
b2923,0.0,0.0,0.0,0.0,0.0,0.0,0.0,0.0,0.0,0.0,0.0,0.0,0.0,0.0,0.0,0.0,0.0,0.0,0.0
b2925,2.0903464839805228e-05,1.2085187599819046e-05,4.169453500157869e-06,8.156379321856179e-06,1.1427503019775926e-05,1.581581966092345e-05,4.35383932992425e-06,9.056130585125949e-06,1.9368537594579504e-05,1.3432136976202297e-05,8.616678206680613e-06,6.334464219512888e-06,1.2946963733112295e-05,9.922652419678458e-06,1.5968942554088663e-05,9.854303060155255e-06,6.675449268094778e-06,1.1952958907356561e-05,6.013627020863188e-06
b2926,7.927393164100914e-05,5.605788946147836e-05,1.3278825132289456e-05,3.053826942036835e-05,5.349277994087606e-05,4.582332306957563e-05,1.256146042406881e-05,5.5746888267973754e-05,5.704562255302581e-05,5.422058785694851e-05,2.9314302856446506e-05,1.833015146020304e-05,3.894417308449644e-05,3.7197859532783324e-05,4.647334379707565e-05,3.157290516815956e-05,1.919235960402132e-05,3.993240419068751e-05,2.409894257497377e-05
b2927,0.0,0.0,0.0,0.0,0.0,0.0,0.0,0.0,0.0,0.0,0.0,0.0,0.0,0.0,0.0,0.0,0.0,0.0,0.0
b2930,0.0,0.0,0.0,0.0,0.0,0.0,0.0,0.0,0.0,0.0,0.0,0.0,0.0,0.0,0.0,0.0,0.0,0.0,0.0
b2935,0.0,0.0,0.0,0.0,0.0,0.0,0.0,0.0,0.0,0.0,0.0,0.0,0.0,0.0,0.0,0.0,0.0,0.0,0.0
b2937,0.0,0.0,0.0,0.0,0.0,0.0,0.0,0.0,0.0,0.0,0.0,0.0,0.0,0.0,0.0,0.0,0.0,0.0,0.0
b2938,0.0,0.0,0.0,0.0,0.0,0.0,0.0,0.0,0.0,0.0,0.0,0.0,0.0,0.0,0.0,0.0,0.0,0.0,0.0
b2942,1.081616340425384e-09,6.434977506534096e-10,2.763546923025241e-11,1.203220598802195e-10,4.943743993413382e-10,3.589308620560926e-10,3.3427831169010844e-11,8.336286535881197e-10,3.7967572637401065e-10,4.490283484111978e-10,1.161000343940438e-10,4.777642829947595e-11,1.6336175754096769e-10,3.554358010317379e-10,3.5070917039425247e-10,1.242920526120272e-10,6.076748504502965e-11,2.952551183647758e-10,8.455494636514387e-11
b2943,4.184706003830903e-06,0.0,0.0,0.0,0.0,0.0,0.0,9.864341133006035e-07,0.0,0.0,0.0,0.0,0.0,1.6521165412561942e-06,0.0,0.0,0.0,0.0,0.0
b2946,4.631979299943273e-10,2.753724292236667e-10,1.1795411216676836e-11,5.1371081484313024e-11,2.1129381350292933e-10,1.5349189180131777e-10,1.4255053631310804e-11,3.566847713571461e-10,1.623395668098702e-10,1.9209349517812984e-10,4.943273781007122e-11,2.0376174429881838e-11,6.975784285503531e-11,1.5191775564807472e-10,1.49919392212914e-10,5.304240556979539e-11,2.5923768778905137e-11,1.2620242000340647e-10,3.6063736145981805e-11
b2947,0.0,0.0,0.0,0.0,0.0,0.0,0.0,0.0,0.0,0.0,0.0,0.0,0.0,0.0,0.0,0.0,0.0,0.0,0.0
b2954,0.0,0.0,0.0,0.0,0.0,0.0,0.0,0.0,0.0,0.0,0.0,0.0,0.0,0.0,0.0,0.0,0.0,0.0,0.0
b2957,0.0,0.0,0.0,0.0,0.0,0.0,0.0,0.0,1.6757580111217248e-05,0.0,0.0,0.0,0.0,0.0,0.0,0.0,0.0,0.0,0.0
b2960,1.3124740236230784e-09,7.796024266796008e-10,3.336411014773138e-11,1.4534320320741823e-10,5.983606055043937e-10,4.344229661425695e-10,4.0280287431314415e-11,1.010249792704871e-09,4.5981161064778274e-10,5.441675106819831e-10,1.3988666690399818e-10,5.7639807819643575e-11,1.9741132675711187e-10,4.299731234855264e-10,4.243371434749957e-10,1.5013084093820412e-10,7.332071904996744e-11,3.5727509514860093e-10,1.0199529559336523e-10
b2963,0.0,0.0,0.0,0.0,0.0,0.0,0.0,0.0,0.0,0.0,0.0,0.0,0.0,0.0,0.0,0.0,0.0,0.0,0.0
b2964,0.0,0.0,0.0,0.0,0.0,0.0,0.0,0.0,0.0,0.0,0.0,0.0,0.0,0.0,0.0,0.0,0.0,0.0,1.35231353674006e-06
b2965,0.0,0.0,0.0,0.0,0.0,0.0,0.0,0.0,0.0,0.0,0.0,0.0,0.0,0.0,0.0,0.0,0.0,0.0,0.0
b2975,0.0,0.0,0.0,0.0,0.0,0.0,0.0,0.0,0.0,0.0,0.0,0.0,0.0,0.0,0.0,0.0,0.0,0.0,0.0
b2976,1.366681791068286e-09,1.0992164140936594e-09,1.9016125450175373e-10,4.46263441981481e-10,9.490845771307536e-10,0.0,0.0,1.260367101475861e-09,0.0,8.95625935643389e-10,4.46263441981481e-10,0.0,0.0,8.09971590587144e-10,8.09971590587144e-10,0.0,0.0,7.286214839759365e-10,3.749852533316612e-10
b4467,1.366681791068286e-09,1.0992164140936594e-09,1.9016125450175373e-10,4.46263441981481e-10,9.490845771307536e-10,8.09971590587144e-10,0.0,1.260367101475861e-09,0.0,8.95625935643389e-10,4.46263441981481e-10,2.699618352727478e-10,0.0,8.09971590587144e-10,8.09971590587144e-10,0.0,0.0,7.286214839759365e-10,3.749852533316612e-10
b4468,1.366681791068286e-09,1.0992164140936594e-09,1.9016125450175373e-10,4.46263441981481e-10,9.490845771307536e-10,8.09971590587144e-10,0.0,1.260367101475861e-09,0.0,8.95625935643389e-10,4.46263441981481e-10,2.699618352727478e-10,0.0,8.09971590587144e-10,8.09971590587144e-10,0.0,0.0,7.286214839759365e-10,3.749852533316612e-10
b2979,1.366681791068286e-09,1.0992164140936594e-09,1.9016125450175373e-10,4.46263441981481e-10,9.490845771307536e-10,8.09971590587144e-10,0.0,1.260367101475861e-09,0.0,8.95625935643389e-10,4.46263441981481e-10,2.699618352727478e-10,0.0,8.09971590587144e-10,8.09971590587144e-10,0.0,0.0,7.286214839759365e-10,3.749852533316612e-10
b2987,0.0,0.0,0.0,0.0,0.0,0.0,0.0,0.0,0.0,0.0,0.0,0.0,0.0,0.0,0.0,0.0,0.0,0.0,0.0
b2988,0.0,0.0,0.0,0.0,0.0,0.0,0.0,0.0,0.0,0.0,0.0,0.0,0.0,0.0,0.0,0.0,0.0,0.0,0.0
b2994,0.0,0.0,0.0,0.0,0.0,0.0,0.0,0.0,0.0,0.0,0.0,0.0,0.0,0.0,0.0,0.0,0.0,0.0,0.0
b2995,0.0,0.0,0.0,0.0,0.0,0.0,0.0,0.0,0.0,0.0,0.0,0.0,0.0,0.0,0.0,0.0,0.0,0.0,0.0
b2996,0.0,0.0,0.0,0.0,0.0,0.0,0.0,0.0,0.0,0.0,0.0,0.0,0.0,0.0,0.0,0.0,0.0,0.0,0.0
b2997,0.0,0.0,0.0,0.0,0.0,0.0,0.0,0.0,0.0,0.0,0.0,0.0,0.0,0.0,0.0,0.0,0.0,0.0,0.0
b3001,0.0,0.0,0.0,0.0,0.0,0.0,0.0,0.0,0.0,0.0,0.0,0.0,0.0,0.0,0.0,0.0,0.0,0.0,0.0
b3005,0.0,0.0,0.0,0.0,0.0,0.0,0.0,0.0,0.0,0.0,0.0,0.0,0.0,0.0,0.0,0.0,0.0,0.0,0.0
b3006,0.0,0.0,0.0,0.0,0.0,0.0,0.0,0.0,0.0,0.0,0.0,0.0,0.0,0.0,0.0,0.0,0.0,0.0,0.0
b3008,0.0,0.0,4.314880065618939e-06,0.0,0.0,0.0,0.0,0.0,0.0,0.0,0.0,0.0,0.0,0.0,0.0,0.0,0.0,0.0,0.0
b3012,0.0,0.0,0.0,0.0,0.0,0.0,0.0,0.0,0.0,0.0,0.0,0.0,0.0,0.0,0.0,0.0,0.0,0.0,0.0
b3018,6.11990651251358e-08,7.670137899630967e-08,2.3483419766372184e-08,4.753965023507512e-08,7.259583662947018e-08,6.941119724490981e-08,2.628462439414873e-08,7.793049195514742e-08,7.209933196468865e-08,7.005355150679135e-08,4.842827268125273e-08,3.2329859942504e-08,5.5215035263714506e-08,7.003033424699012e-08,7.082853224980897e-08,5.113284558953097e-08,3.6260458082993164e-08,6.558436757504986e-08,4.239111249611721e-08
b3028,0.0,0.0,0.0,0.0,0.0,0.0,0.0,0.0,0.0,0.0,0.0,0.0,0.0,0.0,0.0,0.0,0.0,0.0,0.0
b3029,0.0,0.0,0.0,0.0,0.0,0.0,0.0,0.0,0.0,0.0,0.0,0.0,0.0,0.0,0.0,0.0,0.0,0.0,0.0
b3034,0.0,0.0,0.0,0.0,0.0,0.0,0.0,0.0,0.0,0.0,0.0,0.0,0.0,0.0,0.0,0.0,0.0,0.0,0.0
b3035,0.0,0.0,0.0,0.0,0.0,0.0,0.0,0.0,0.0,0.0,0.0,0.0,0.0,0.0,0.0,0.0,0.0,0.0,0.0
b3040,7.2808028303659334e-09,4.5687032928340375e-09,2.617600347368316e-10,1.0671472334693537e-09,3.8252350058995985e-09,2.920152626713219e-09,3.2271402265895686e-10,5.807661163249296e-09,2.832888037305217e-09,3.4104582976045785e-09,1.0161686058402541e-09,4.542515244588246e-10,1.199289021129415e-09,2.8011488311790665e-09,2.7412642257979317e-09,1.068189696407543e-09,6.121457809228644e-10,2.6991446312489066e-09,7.172949533502345e-10
b3041,2.2643829141781634e-05,1.6517581530687064e-05,2.299910673485993e-06,5.882611715874091e-06,1.4363371107203125e-05,1.1636472075148556e-05,2.6583810743429204e-06,1.9623635020285885e-05,1.186984283206283e-05,1.3028470836087474e-05,5.728744112075834e-06,3.345605482476586e-06,6.909938940948158e-06,1.1538043499303442e-05,1.1442202296835735e-05,6.10482056397958e-06,3.914800729845094e-06,1.0174195062141904e-05,4.70234372981198e-06
b3052,0.0,0.0,0.0,0.0,0.0,0.0,0.0,0.0,0.0,0.0,0.0,0.0,0.0,-8.96831017167883e-44,0.0,0.0,0.0,0.0,0.0
b3057,0.0,0.0,0.0,0.0,0.0,0.0,0.0,0.0,0.0,0.0,0.0,0.0,0.0,0.0,0.0,0.0,0.0,0.0,0.0
b3058,1.3015037475609799e-08,1.0467939879444536e-08,1.8109232667940306e-09,4.2498081553011574e-09,9.038220469173467e-09,7.713434593601193e-09,2.0494830995858203e-09,1.20025928244144e-08,8.034793543616252e-09,8.52912886723635e-09,4.2498081553011574e-09,2.570871600120453e-09,5.1163296098060435e-09,7.713434593601193e-09,7.713434593601193e-09,4.489187781332782e-09,2.951255663403582e-09,6.938729981957754e-09,3.5710193527183344e-09
b3059,0.0,0.0,0.0,0.0,0.0,0.0,0.0,0.0,0.0,0.0,0.0,0.0,0.0,0.0,0.0,0.0,0.0,0.0,0.0
b3061,0.0,0.0,0.0,0.0,0.0,0.0,0.0,0.0,0.0,0.0,0.0,0.0,0.0,0.0,0.0,0.0,0.0,0.0,0.0
b3062,0.0,0.0,0.0,0.0,0.0,0.0,0.0,0.0,0.0,0.0,0.0,0.0,0.0,0.0,0.0,0.0,0.0,0.0,0.0
b3063,0.0,0.0,0.0,0.0,0.0,0.0,0.0,0.0,0.0,0.0,0.0,0.0,0.0,0.0,0.0,0.0,0.0,0.0,0.0
b3065,6.881797817058582e-05,4.5619220133336694e-05,4.698087190982779e-06,1.3356481185921399e-05,3.76706684645223e-05,2.962235272701723e-05,5.33709207956277e-06,5.5182966279386625e-05,3.069693626950275e-05,3.5254806173868566e-05,1.2852511830618529e-05,6.811464023703364e-06,1.652995972463623e-05,2.931856067764909e-05,2.8932897136347975e-05,1.3418295030629333e-05,8.08821585901841e-06,2.5679448939823602e-05,1.0228986979587574e-05
b3067,3.7022414097798176e-06,2.3426011974705325e-06,1.9820076342091458e-07,5.907076367326011e-07,1.8694650634320548e-06,1.4393385170916932e-06,2.2532125063155554e-07,2.919706484379591e-06,1.4938817843606279e-06,1.743242655559078e-06,5.704235918244646e-07,2.913999465863809e-07,7.46795716039604e-07,1.422390478061748e-06,1.4024046986757222e-06,5.995170746344607e-07,3.5030780861059504e-07,1.2186845563770927e-06,4.455462050762278e-07
b3073,0.0,0.0,0.0,0.0,0.0,9.450180593220953e-06,0.0,0.0,0.0,0.0,0.0,2.0256278177586084e-06,0.0,0.0,0.0,0.0,0.0,0.0,0.0
b3084,2.3159896499716365e-10,1.3768621461183336e-10,5.897705608338418e-12,2.5685540742156512e-11,1.0564690675146466e-10,7.674594590065888e-11,7.127526815655402e-12,1.7834238567857304e-10,8.11697834049351e-11,9.604674758906492e-11,2.471636890503561e-11,1.0188087214940919e-11,3.4878921427517654e-11,7.595887782403736e-11,7.4959696106457e-11,2.6521202784897694e-11,1.2961884389452569e-11,6.310121000170324e-11,1.8031868072990902e-11
b3089,0.0,0.0,0.0,0.0,0.0,0.0,0.0,0.0,0.0,0.0,0.0,0.0,0.0,0.0,0.0,0.0,0.0,2.269293855307787e-17,0.0
b3091,0.0,0.0,0.0,0.0,0.0,0.0,0.0,0.0,0.0,0.0,0.0,0.0,0.0,0.0,0.0,0.0,0.0,0.0,0.0
b3092,0.0,0.0,0.0,0.0,0.0,0.0,0.0,0.0,0.0,0.0,0.0,0.0,0.0,0.0,0.0,0.0,0.0,0.0,0.0
b3093,0.0,0.0,0.0,0.0,0.0,0.0,0.0,0.0,0.0,0.0,0.0,0.0,0.0,0.0,0.0,0.0,0.0,0.0,0.0
b4471,0.0,0.0,0.0,0.0,0.0,0.0,0.0,0.0,0.0,0.0,0.0,0.0,0.0,0.0,0.0,0.0,0.0,0.0,0.0
b3114,6.295226831330925e-07,0.0,5.797881145133912e-08,1.526962174021909e-07,3.555862619579057e-07,0.0,7.405854861974745e-08,0.0,3.0158610855941603e-07,3.3436423635829435e-07,0.0,0.0,1.8190093059521762e-07,2.89801871963078e-07,2.881735108974013e-07,1.6020560742540922e-07,0.0,0.0,0.0
b3115,0.0,6.407078469587312e-07,9.893546167278559e-08,2.2640949282230275e-07,0.0,0.0,0.0,4.2657411701051993e-07,9.731208317080189e-07,0.0,3.48076010969587e-07,0.0,4.69316251324789e-07,9.196587665086938e-07,9.086459503755389e-07,3.690663770354709e-07,1.9848921910567755e-07,7.905139333616469e-07,2.6456927181771644e-07
b3116,0.0,0.0,0.0,0.0,0.0,0.0,0.0,0.0,0.0,0.0,0.0,0.0,0.0,0.0,0.0,0.0,0.0,7.905139333616469e-07,0.0
b3117,2.409041473049227e-06,1.532186887632046e-06,9.893546167278559e-08,3.62757015980735e-07,1.2219965909657239e-06,9.319422127759924e-07,1.1709505839198953e-07,1.9026462512552252e-06,9.731208317080189e-07,1.1329571587326924e-06,3.48076010969587e-07,1.6000237678549843e-07,4.69316251324789e-07,9.196587665086938e-07,9.086459503755389e-07,3.690663770354709e-07,1.9848921910567755e-07,7.905139333616469e-07,2.6456927181771644e-07
b3124,0.0,0.0,0.0,0.0,0.0,1.048856042061386e-09,5.938063208950088e-12,0.0,7.004008520813344e-11,0.0,0.0,3.3617410973690765e-10,2.980630084472931e-11,0.0,0.0,2.2574991206737805e-11,1.0900909258527108e-11,0.0,0.0
b3125,0.0,0.0,0.0,0.0,0.0,1.3303936398496069e-09,7.531978850677951e-12,0.0,8.88404892174628e-11,0.0,0.0,4.2641113702990905e-10,3.7807012097996776e-11,0.0,0.0,2.8634649100249942e-11,1.3826969349978132e-11,0.0,0.0
b3126,0.0,0.0,0.0,0.0,0.0,0.0,0.0,0.0,0.0,0.0,0.0,0.0,0.0,0.0,0.0,0.0,0.0,0.0,0.0
b3127,0.0,0.0,0.0,0.0,0.0,0.0,0.0,0.0,0.0,0.0,0.0,0.0,0.0,0.0,0.0,0.0,0.0,0.0,0.0
b3128,0.0,0.0,0.0,0.0,0.0,0.0,0.0,0.0,0.0,0.0,0.0,0.0,0.0,0.0,0.0,0.0,0.0,0.0,0.0
b3132,0.0,0.0,0.0,0.0,0.0,0.0,0.0,0.0,0.0,0.0,0.0,0.0,0.0,0.0,0.0,0.0,0.0,0.0,0.0
b3137,0.0,0.0,0.0,0.0,0.0,0.0,0.0,0.0,0.0,0.0,0.0,0.0,0.0,0.0,0.0,0.0,0.0,0.0,0.0
b3146,2.3159896499716365e-10,1.3768621461183336e-10,5.897705608338418e-12,2.5685540742156512e-11,1.0564690675146466e-10,7.674594590065888e-11,7.127526815655402e-12,1.7834238567857304e-10,8.11697834049351e-11,9.604674758906492e-11,2.471636890503561e-11,1.0188087214940919e-11,3.4878921427517654e-11,7.595887782403736e-11,7.4959696106457e-11,2.6521202784897694e-11,1.2961884389452569e-11,6.310121000170324e-11,1.8031868072990902e-11
b3161,0.0,0.0,0.0,0.0,0.0,0.0,0.0,0.0,0.0,0.0,0.0,0.0,0.0,0.0,0.0,0.0,0.0,0.0,0.0
b3164,1.7971880260331942e-08,1.082332011980256e-08,5.512084311453047e-10,2.1614695413250242e-09,8.379114429862995e-09,6.153296103048797e-09,6.541213274688403e-10,1.3914263675075656e-08,6.494157004040608e-09,7.639810976001323e-09,2.0838676388733845e-09,9.094741519046497e-10,2.8908881136352675e-09,6.084680637304005e-09,6.010677704256769e-09,2.2263580802889547e-09,1.1369249563817172e-09,5.092593795037876e-09,1.5476144034946027e-09
b3165,6.881797817058582e-05,4.5619220133336694e-05,4.698087190982779e-06,1.3356481185921399e-05,3.76706684645223e-05,2.962235272701723e-05,5.33709207956277e-06,5.5182966279386625e-05,3.069693626950275e-05,3.5254806173868566e-05,1.2852511830618529e-05,6.811464023703364e-06,1.652995972463623e-05,2.931856067764909e-05,2.8932897136347975e-05,1.3418295030629333e-05,8.08821585901841e-06,2.5679448939823602e-05,1.0228986979587574e-05
b3166,1.87823955480104e-09,1.1166174507044682e-09,4.78293411644893e-11,2.0830584669233492e-10,8.567821017468152e-10,6.223997035170468e-10,5.78031138234891e-11,1.4463344985433257e-09,6.582755968070012e-10,7.789261982941204e-10,2.0044603252822686e-10,8.262381947000659e-11,2.828625838447757e-10,6.160166518069592e-10,6.079131497733918e-10,2.1508305744010956e-10,1.0511895003412113e-10,5.117420964987142e-10,1.4623561625374503e-10
b3167,2.3159896499716365e-10,1.3768621461183336e-10,5.897705608338418e-12,2.5685540742156512e-11,1.0564690675146466e-10,7.674594590065888e-11,7.127526815655402e-12,1.7834238567857304e-10,8.11697834049351e-11,9.604674758906492e-11,2.471636890503561e-11,1.0188087214940919e-11,3.4878921427517654e-11,7.595887782403736e-11,7.4959696106457e-11,2.6521202784897694e-11,1.2961884389452569e-11,6.310121000170324e-11,1.8031868072990902e-11
b3168,6.12875381649109e-08,3.993362898969272e-08,3.224041125284105e-09,1.0382618659937931e-08,3.232083784771682e-08,2.4901938102521474e-08,3.740335733803572e-09,4.927088077344617e-08,2.6001974169897718e-08,2.9890182347939936e-08,1.0050658932216212e-08,4.987313227015562e-09,1.3202164956953132e-08,2.463908507394489e-08,2.4385701654075237e-08,1.0663473273930003e-08,6.030577558862693e-09,2.1233383134563845e-08,7.84662872058661e-09
b3169,1.5463931055173857e-09,9.605664114043319e-10,6.75512224226214e-11,2.2141415462957117e-10,7.580982249118307e-10,5.696267031625556e-10,7.804155483006387e-11,1.2135632119748488e-09,5.988545269607244e-10,6.957162417731172e-10,2.1410612800167386e-10,1.0373486944255759e-10,2.8756870775229443e-10,5.635316017010104e-10,5.570266684918526e-10,2.2756516507191755e-10,1.255203490273811e-10,4.790696024097427e-10,1.6505731539369845e-10
b3172,6.612057035366713e-08,4.217214793966242e-08,2.811698731404004e-09,1.0073622559315803e-08,3.368725257745822e-08,2.5674767656219756e-08,3.332535169846637e-09,5.24573000451861e-08,2.6826929122359613e-08,3.109870635426879e-08,9.709069488608459e-09,4.5319997556120155e-09,1.3054608451853235e-08,2.5383818947412048e-08,2.5115793236493546e-08,0.0,5.573125072269265e-09,2.1724628358478655e-08,7.408588377880589e-09
b3175,1.2259718677998129e-05,7.722553419605051e-06,7.730283243265424e-07,2.2930299370501308e-06,6.572697039137145e-06,4.967368942226527e-06,8.303841593052834e-07,9.193010087514582e-06,5.449864953710486e-06,6.254520234842549e-06,2.2565586275536297e-06,1.097477225436731e-06,2.9854930024565256e-06,5.250684234340282e-06,5.041183212364282e-06,2.283401345193619e-06,1.3522580574454302e-06,4.540724029356619e-06,1.6980939564312035e-06
b3176,9.668570980263668e-06,7.776390957860086e-06,1.345293102507082e-06,3.1570844017187484e-06,6.714285402960877e-06,5.730132549338677e-06,1.522513696816526e-06,8.916449214036302e-06,5.968862696999508e-06,6.336093000671653e-06,3.1570844017187484e-06,1.90984118128665e-06,3.800803192732776e-06,5.730132549338677e-06,5.730132549338677e-06,3.334914001506919e-06,2.1924197234157975e-06,5.15462237194203e-06,2.652827865333115e-06
b3177,5.009425006954754e-09,4.029059455392116e-09,6.970156110080023e-10,1.6357306145158376e-09,3.478767365940799e-09,2.968863686724443e-09,7.88836137401542e-10,4.61973995507839e-09,3.0925531930690055e-09,3.282820469410257e-09,1.6357306145158376e-09,9.895160507564942e-10,1.9692505334092097e-09,2.968863686724443e-09,2.968863686724443e-09,1.7278666753643376e-09,1.1359240378582205e-09,2.67068362678666e-09,1.3744680858084468e-09
b3179,2.3159896499716365e-10,1.3768621461183336e-10,5.897705608338418e-12,2.5685540742156512e-11,1.0564690675146466e-10,7.674594590065888e-11,7.127526815655402e-12,1.7834238567857304e-10,8.11697834049351e-11,9.604674758906492e-11,2.471636890503561e-11,1.0188087214940919e-11,3.4878921427517654e-11,7.595887782403736e-11,7.4959696106457e-11,2.6521202784897694e-11,1.2961884389452569e-11,6.310121000170324e-11,1.8031868072990902e-11
b3181,1.5463931055173857e-09,9.605664114043319e-10,6.75512224226214e-11,2.2141415462957117e-10,7.580982249118307e-10,5.696267031625556e-10,7.804155483006387e-11,1.2135632119748488e-09,5.988545269607244e-10,6.957162417731172e-10,2.1410612800167386e-10,1.0373486944255759e-10,2.8756870775229443e-10,5.635316017010104e-10,5.570266684918526e-10,2.2756516507191755e-10,1.255203490273811e-10,4.790696024097427e-10,1.6505731539369845e-10
b3182,0.0,0.0,0.0,0.0,0.0,0.0,0.0,0.0,0.0,0.0,0.0,0.0,0.0,0.0,0.0,0.0,0.0,0.0,0.0
b3185,6.881797817058582e-05,4.5619220133336694e-05,4.698087190982779e-06,1.3356481185921399e-05,3.76706684645223e-05,2.962235272701723e-05,5.33709207956277e-06,5.5182966279386625e-05,3.069693626950275e-05,3.5254806173868566e-05,1.2852511830618529e-05,6.811464023703364e-06,1.652995972463623e-05,2.931856067764909e-05,2.8932897136347975e-05,1.3418295030629333e-05,8.08821585901841e-06,2.5679448939823602e-05,1.0228986979587574e-05
b3186,6.881797817058582e-05,4.5619220133336694e-05,4.698087190982779e-06,1.3356481185921399e-05,3.76706684645223e-05,2.962235272701723e-05,5.33709207956277e-06,5.5182966279386625e-05,3.069693626950275e-05,3.5254806173868566e-05,1.2852511830618529e-05,6.811464023703364e-06,1.652995972463623e-05,2.931856067764909e-05,2.8932897136347975e-05,1.3418295030629333e-05,8.08821585901841e-06,2.5679448939823602e-05,1.0228986979587574e-05
b3187,1.5035880196785932e-09,1.209329517717054e-09,2.0921050236016696e-10,4.909675166297445e-10,1.0441583469990224e-09,8.911098310125898e-10,2.3677060022653575e-10,1.386623343166684e-09,9.282354611281109e-10,9.85344529902751e-10,4.909675166297445e-10,2.970050409241664e-10,5.91074126405524e-10,8.911098310125898e-10,8.911098310125898e-10,5.18622322736204e-10,3.409496643262115e-10,8.016105441269594e-10,4.12549093834716e-10
b3189,4.669248543446991e-06,3.755456957122361e-06,6.496831716096245e-07,1.5246525856153436e-06,3.2425337107270753e-06,2.76725620718649e-06,7.352684151308564e-07,4.306025946372346e-06,2.882546294679009e-06,3.0598930364085713e-06,1.5246525856153436e-06,9.223206999401461e-07,1.83552407153267e-06,2.76725620718649e-06,2.76725620718649e-06,1.6105319365026278e-06,1.058786517788433e-06,2.489324746267027e-06,1.281131686524004e-06
b3196,1.2186037165412174e-16,6.589417796632048e-17,1.5561304275237857e-18,8.801043168439966e-18,4.634257498236803e-17,3.723476667090625e-17,2.0317966509307198e-18,8.945412127114705e-17,3.3493329080736105e-17,4.2914502686623666e-17,8.603358484691739e-18,3.219842013914118e-18,1.0798081800036275e-17,3.662307579890688e-17,3.4364579322538753e-17,9.794636726053383e-18,4.4987528314982815e-18,2.6857334738619567e-17,5.516651797695538e-18
b3197,3.1194247478694094e-07,2.508940199391816e-07,4.340393844824592e-08,1.0185876727736846e-07,2.166267186020422e-07,1.8487444855570208e-07,4.9121704898422284e-08,2.8767635256712026e-07,1.9257673188377474e-07,2.0442488710527414e-07,1.0185876727736846e-07,6.161826662458091e-08,1.2262742410842141e-07,1.8487444855570208e-07,1.8487444855570208e-07,1.0759618240950418e-07,7.073525505372808e-08,1.6630644410409845e-07,8.558965861501101e-08
b3198,4.170389565505166e-06,3.3542267801672612e-06,5.802715136180969e-07,1.3617598581241355e-06,2.8961038649341415e-06,2.4716046499016183e-06,6.567128945428894e-07,3.845973395600977e-06,2.574577231765944e-06,2.7329763819296882e-06,1.3617598581241355e-06,8.237806549146004e-07,1.6394180699368694e-06,2.4716046499016183e-06,2.4716046499016183e-06,1.4384639242067451e-06,9.456665681417608e-07,2.223367175764406e-06,1.1442565474515306e-06
b3199,2.7999292077351833e-06,2.2519712807741583e-06,3.895845061657229e-07,9.142625984441414e-07,1.9443952831494318e-06,1.6593936706714746e-06,4.409059598978305e-07,2.5821216635456545e-06,1.728527725183455e-06,1.834874242710811e-06,9.142625984441414e-07,5.530724360958385e-07,1.100677638288944e-06,1.6593936706714746e-06,1.6593936706714746e-06,9.65760414560208e-07,6.349045822528759e-07,1.4927312178300948e-06,7.682345445259799e-07
b3200,2.7999292077351833e-06,2.2519712807741583e-06,3.895845061657229e-07,9.142625984441414e-07,1.9443952831494318e-06,1.6593936706714746e-06,4.409059598978305e-07,2.5821216635456545e-06,1.728527725183455e-06,1.834874242710811e-06,9.142625984441414e-07,5.530724360958385e-07,1.100677638288944e-06,1.6593936706714746e-06,1.6593936706714746e-06,9.65760414560208e-07,6.349045822528759e-07,1.4927312178300948e-06,7.682345445259799e-07
b3201,5.599858415470367e-06,4.5039425615483165e-06,7.791690123314458e-07,1.8285251968882829e-06,3.8887905662988635e-06,3.3187873413429493e-06,8.81811919795661e-07,5.164243327091309e-06,3.45705545036691e-06,3.669748485421622e-06,1.8285251968882829e-06,1.106144872191677e-06,2.201355276577888e-06,3.3187873413429493e-06,3.3187873413429493e-06,1.931520829120416e-06,1.2698091645057518e-06,2.9854624356601896e-06,1.5364690890519598e-06
b3202,7.291346269724678e-11,1.251139845787279e-09,4.006266160956898e-12,1.6807194634701083e-09,5.2461837387338995e-09,1.406124510737167e-09,4.573469310434119e-12,1.5874743559723566e-09,2.821797728073585e-11,3.257039657213122e-11,1.1055289760341839e-11,2.891250509846299e-10,1.4223561860096558e-11,2.6732285269003738e-11,2.6466229918952716e-11,1.6650970755988634e-10,6.990719037600197e-12,5.841111262692294e-11,9.014149383586191e-11
b3212,0.0,0.0,0.0,0.0,0.0,0.0,0.0,0.0,0.0,0.0,0.0,0.0,0.0,0.0,0.0,0.0,0.0,0.0,0.0
b3213,0.0,0.0,0.0,0.0,0.0,0.0,0.0,0.0,0.0,0.0,0.0,0.0,0.0,0.0,0.0,0.0,0.0,0.0,0.0
b3222,0.0,0.0,0.0,0.0,0.0,0.0,0.0,0.0,0.0,0.0,0.0,0.0,0.0,0.0,0.0,0.0,0.0,0.0,0.0
b3223,0.0,0.0,0.0,0.0,0.0,0.0,0.0,0.0,0.0,0.0,0.0,0.0,0.0,0.0,0.0,0.0,0.0,0.0,0.0
b3224,0.0,0.0,0.0,0.0,0.0,0.0,0.0,0.0,0.0,0.0,0.0,0.0,0.0,0.0,0.0,0.0,0.0,0.0,0.0
b3225,0.0,0.0,0.0,0.0,0.0,0.0,0.0,0.0,0.0,0.0,0.0,0.0,0.0,0.0,0.0,0.0,0.0,0.0,0.0
b3230,6.881797817058582e-05,4.5619220133336694e-05,4.698087190982779e-06,1.3356481185921399e-05,3.76706684645223e-05,2.962235272701723e-05,5.33709207956277e-06,5.5182966279386625e-05,3.069693626950275e-05,3.5254806173868566e-05,1.2852511830618529e-05,6.811464023703364e-06,1.652995972463623e-05,2.931856067764909e-05,2.8932897136347975e-05,1.3418295030629333e-05,8.08821585901841e-06,2.5679448939823602e-05,1.0228986979587574e-05
b3231,6.88190959970331e-05,4.5619886245406636e-05,4.698116101517474e-06,1.335660635021791e-05,3.7671180112522626e-05,2.96227249914994e-05,5.33712699073418e-06,5.518382794283939e-05,3.069732992188581e-05,3.5255271365154265e-05,1.2852632337803325e-05,6.811513891599038e-06,1.6530129622743294e-05,2.9318929353722803e-05,2.893326082543979e-05,1.3418424369110716e-05,8.088279231582734e-06,2.567975515766699e-05,1.0229075016111258e-05
b3236,2.0769314645033038e-05,1.7268038607692633e-05,1.7969785761026465e-06,5.151488186227336e-06,1.467092183011008e-05,8.259583014518512e-06,6.01714266330449e-07,2.174597338527534e-05,4.022284965869118e-06,1.1060688685094406e-05,3.1728865242754733e-06,1.7976119908297584e-06,0.0,8.919185631918539e-06,8.433240178749021e-06,4.2747835493075675e-06,1.4547526096970998e-06,9.242368292051e-06,3.4861616420832127e-06
b3247,9.696822215479974e-09,5.7736927563707935e-09,2.5092799031097387e-10,1.083705059181634e-09,4.4344902929762805e-09,3.2266149704988117e-09,3.0263721100797017e-10,7.47286529792659e-09,3.415304064059357e-09,4.031874085561336e-09,1.0447347344075014e-09,4.325057643918259e-10,1.473130383038025e-09,3.188297792615251e-09,3.1511747433419846e-09,1.1198559446013504e-09,5.49379307586702e-10,2.652655884250185e-09,7.624416935563986e-10
b3255,9.72797867382364e-07,7.824144938650436e-07,1.353530358299766e-07,3.176436664289909e-07,6.755502561390278e-07,5.765295848922633e-07,1.5318373146307334e-07,8.971223487390206e-07,6.00549421117448e-07,6.374983391961494e-07,3.176436664289909e-07,1.9215398305694246e-07,3.82410852082622e-07,5.765295848922633e-07,5.765295848922633e-07,3.3553581282850384e-07,2.2058516701237744e-07,5.186247039520826e-07,2.669084831176439e-07
b3256,9.72797867382364e-07,7.824144938650436e-07,1.353530358299766e-07,3.176436664289909e-07,6.755502561390278e-07,5.765295848922633e-07,1.5318373146307334e-07,8.971223487390206e-07,6.00549421117448e-07,6.374983391961494e-07,3.176436664289909e-07,1.9215398305694246e-07,3.82410852082622e-07,5.765295848922633e-07,5.765295848922633e-07,3.3553581282850384e-07,2.2058516701237744e-07,5.186247039520826e-07,2.669084831176439e-07
b3258,0.0,0.0,0.0,0.0,0.0,0.0,0.0,0.0,0.0,0.0,0.0,0.0,0.0,0.0,0.0,0.0,0.0,0.0,0.0
b3260,0.0,0.0,0.0,0.0,0.0,0.0,0.0,0.0,0.0,0.0,0.0,0.0,0.0,0.0,0.0,0.0,0.0,0.0,0.0
b3265,0.0,0.0,0.0,0.0,0.0,0.0,0.0,0.0,0.0,0.0,0.0,0.0,0.0,0.0,0.0,0.0,0.0,0.0,0.0
b3266,0.0,0.0,0.0,0.0,0.0,0.0,0.0,0.0,0.0,0.0,0.0,0.0,0.0,0.0,0.0,0.0,0.0,0.0,0.0
b3281,0.0,0.0,0.0,0.0,0.0,0.0,0.0,0.0,0.0,0.0,0.0,0.0,0.0,0.0,0.0,0.0,0.0,0.0,0.0
b3282,4.710641323282143e-10,2.808304006461505e-10,1.2274641884961602e-11,5.2843226005985934e-11,2.155464165105138e-10,1.5677699460388877e-10,1.4791657681459414e-11,3.6333484076324677e-10,1.6614938166691823e-10,1.9644638059670722e-10,5.086836315663584e-11,2.1110683711142235e-11,7.166836478359253e-11,1.5516694596344438e-10,1.5323005652858886e-10,5.4617694547159407e-11,2.6801379230546496e-11,1.2930704184510265e-10,3.7236578481656066e-11
b3287,3.748935141738862e-09,2.4427247290271126e-09,1.9721335584513536e-10,6.351007908456027e-10,1.9770532223322694e-09,1.5232419778185495e-09,2.287948985098252e-10,3.0138808300469865e-09,1.5905307610467218e-09,1.8283709601070344e-09,6.147949419542773e-10,3.0507203225079764e-10,8.075713535919424e-10,1.5071633591393052e-09,1.491663992783174e-09,6.52280559582295e-10,3.6888811024793396e-10,1.2988378811525952e-09,4.799752614574179e-10
b3288,2.4813762506636954e-09,1.6168108810507124e-09,1.3053320983324023e-10,4.203657731061868e-10,1.3085883662201658e-09,1.0082160199815552e-09,1.514366629378291e-10,1.9948524130882674e-09,1.0527536772964265e-09,1.2101773187008087e-09,4.0692556961279435e-10,2.0192360415649143e-10,5.345220180549506e-10,9.975737706425472e-10,9.87314921630131e-10,4.31736860767989e-10,2.4416271856249527e-10,8.596855773449123e-10,3.1769000253605755e-10
b3289,2.3159896499716365e-10,1.3768621461183336e-10,5.897705608338418e-12,2.5685540742156512e-11,1.0564690675146466e-10,7.674594590065888e-11,7.127526815655402e-12,1.7834238567857304e-10,8.11697834049351e-11,9.604674758906492e-11,2.471636890503561e-11,1.0188087214940919e-11,3.4878921427517654e-11,7.595887782403736e-11,7.4959696106457e-11,2.6521202784897694e-11,1.2961884389452569e-11,6.310121000170324e-11,1.8031868072990902e-11
b3290,0.0,0.0,0.0,0.0,0.0,0.0,0.0,0.0,0.0,0.0,0.0,0.0,0.0,0.0,0.0,0.0,0.0,0.0,0.0
b3294,6.881797817058582e-05,4.5619220133336694e-05,4.698087190982779e-06,1.3356481185921399e-05,3.76706684645223e-05,2.962235272701723e-05,5.33709207956277e-06,5.5182966279386625e-05,3.069693626950275e-05,3.5254806173868566e-05,1.2852511830618529e-05,6.811464023703364e-06,1.652995972463623e-05,2.931856067764909e-05,2.8932897136347975e-05,1.3418295030629333e-05,8.08821585901841e-06,2.5679448939823602e-05,1.0228986979587574e-05
b3295,7.4738377527216645e-06,4.740905426615924e-06,4.071506444530988e-07,1.2084327840582272e-06,3.8000707717171106e-06,2.9205991231794854e-06,4.627549183411869e-07,5.902066269731763e-06,3.0331464346833954e-06,3.5321585309488797e-06,1.1645486688418599e-06,5.972895835935848e-07,1.5226592879789497e-06,2.8849727816805416e-06,2.8471722037405394e-06,1.223171886854335e-06,7.163261483234647e-07,2.4757449223167475e-06,9.103874876227199e-07
b3296,6.88190959970331e-05,4.5619886245406636e-05,4.698116101517474e-06,1.335660635021791e-05,3.7671180112522626e-05,2.96227249914994e-05,5.33712699073418e-06,5.518382794283939e-05,3.069732992188581e-05,3.5255271365154265e-05,1.2852632337803325e-05,6.811513891599038e-06,1.6530129622743294e-05,2.9318929353722803e-05,2.893326082543979e-05,1.3418424369110716e-05,8.088279231582734e-06,2.567975515766699e-05,1.0229075016111258e-05
b3297,6.881797817058582e-05,4.5619220133336694e-05,4.698087190982779e-06,1.3356481185921399e-05,3.76706684645223e-05,2.962235272701723e-05,5.33709207956277e-06,5.5182966279386625e-05,3.069693626950275e-05,3.5254806173868566e-05,1.2852511830618529e-05,6.811464023703364e-06,1.652995972463623e-05,2.931856067764909e-05,2.8932897136347975e-05,1.3418295030629333e-05,8.08821585901841e-06,2.5679448939823602e-05,1.0228986979587574e-05
b3298,6.881797817058582e-05,4.5619220133336694e-05,4.698087190982779e-06,1.3356481185921399e-05,3.76706684645223e-05,2.962235272701723e-05,5.33709207956277e-06,5.5182966279386625e-05,3.069693626950275e-05,3.5254806173868566e-05,1.2852511830618529e-05,6.811464023703364e-06,1.652995972463623e-05,2.931856067764909e-05,2.8932897136347975e-05,1.3418295030629333e-05,8.08821585901841e-06,2.5679448939823602e-05,1.0228986979587574e-05
b3299,6.881797817058582e-05,4.5619220133336694e-05,4.698087190982779e-06,1.3356481185921399e-05,3.76706684645223e-05,2.962235272701723e-05,5.33709207956277e-06,5.5182966279386625e-05,3.069693626950275e-05,3.5254806173868566e-05,1.2852511830618529e-05,6.811464023703364e-06,1.652995972463623e-05,2.931856067764909e-05,2.8932897136347975e-05,1.3418295030629333e-05,8.08821585901841e-06,2.5679448939823602e-05,1.0228986979587574e-05
b3300,1.2259718677998129e-05,7.722553419605051e-06,7.730283243265424e-07,2.2930299370501308e-06,6.572697039137145e-06,4.967368942226527e-06,8.303841593052834e-07,9.193010087514582e-06,5.449864953710486e-06,6.254520234842549e-06,2.2565586275536297e-06,1.097477225436731e-06,2.9854930024565256e-06,5.250684234340282e-06,5.041183212364282e-06,2.283401345193619e-06,1.3522580574454302e-06,4.540724029356619e-06,1.6980939564312035e-06
b3301,6.881797817058582e-05,4.5619220133336694e-05,4.698087190982779e-06,1.3356481185921399e-05,3.76706684645223e-05,2.962235272701723e-05,5.33709207956277e-06,5.5182966279386625e-05,3.069693626950275e-05,3.5254806173868566e-05,1.2852511830618529e-05,6.811464023703364e-06,1.652995972463623e-05,2.931856067764909e-05,2.8932897136347975e-05,1.3418295030629333e-05,8.08821585901841e-06,2.5679448939823602e-05,1.0228986979587574e-05
b3302,6.881797817058582e-05,4.5619220133336694e-05,4.698087190982779e-06,1.3356481185921399e-05,3.76706684645223e-05,2.962235272701723e-05,5.33709207956277e-06,5.5182966279386625e-05,3.069693626950275e-05,3.5254806173868566e-05,1.2852511830618529e-05,6.811464023703364e-06,1.652995972463623e-05,2.931856067764909e-05,2.8932897136347975e-05,1.3418295030629333e-05,8.08821585901841e-06,2.5679448939823602e-05,1.0228986979587574e-05
b3303,6.881797817058582e-05,4.5619220133336694e-05,4.698087190982779e-06,1.3356481185921399e-05,3.76706684645223e-05,2.962235272701723e-05,5.33709207956277e-06,5.5182966279386625e-05,3.069693626950275e-05,3.5254806173868566e-05,1.2852511830618529e-05,6.811464023703364e-06,1.652995972463623e-05,2.931856067764909e-05,2.8932897136347975e-05,1.3418295030629333e-05,8.08821585901841e-06,2.5679448939823602e-05,1.0228986979587574e-05
b3304,6.881797817058582e-05,4.5619220133336694e-05,4.698087190982779e-06,1.3356481185921399e-05,3.76706684645223e-05,2.962235272701723e-05,5.33709207956277e-06,5.5182966279386625e-05,3.069693626950275e-05,3.5254806173868566e-05,1.2852511830618529e-05,6.811464023703364e-06,1.652995972463623e-05,2.931856067764909e-05,2.8932897136347975e-05,1.3418295030629333e-05,8.08821585901841e-06,2.5679448939823602e-05,1.0228986979587574e-05
b3305,6.881797817058582e-05,4.5619220133336694e-05,4.698087190982779e-06,1.3356481185921399e-05,3.76706684645223e-05,2.962235272701723e-05,5.33709207956277e-06,5.5182966279386625e-05,3.069693626950275e-05,3.5254806173868566e-05,1.2852511830618529e-05,6.811464023703364e-06,1.652995972463623e-05,2.931856067764909e-05,2.8932897136347975e-05,1.3418295030629333e-05,8.08821585901841e-06,2.5679448939823602e-05,1.0228986979587574e-05
b3306,6.881797817058582e-05,4.5619220133336694e-05,4.698087190982779e-06,1.3356481185921399e-05,3.76706684645223e-05,2.962235272701723e-05,5.33709207956277e-06,5.5182966279386625e-05,3.069693626950275e-05,3.5254806173868566e-05,1.2852511830618529e-05,6.811464023703364e-06,1.652995972463623e-05,2.931856067764909e-05,2.8932897136347975e-05,1.3418295030629333e-05,8.08821585901841e-06,2.5679448939823602e-05,1.0228986979587574e-05
b3307,6.881797817058582e-05,4.5619220133336694e-05,4.698087190982779e-06,1.3356481185921399e-05,3.76706684645223e-05,2.962235272701723e-05,5.33709207956277e-06,5.5182966279386625e-05,3.069693626950275e-05,3.5254806173868566e-05,1.2852511830618529e-05,6.811464023703364e-06,1.652995972463623e-05,2.931856067764909e-05,2.8932897136347975e-05,1.3418295030629333e-05,8.08821585901841e-06,2.5679448939823602e-05,1.0228986979587574e-05
b3308,6.881797817058582e-05,4.5619220133336694e-05,4.698087190982779e-06,1.3356481185921399e-05,3.76706684645223e-05,2.962235272701723e-05,5.33709207956277e-06,5.5182966279386625e-05,3.069693626950275e-05,3.5254806173868566e-05,1.2852511830618529e-05,6.811464023703364e-06,1.652995972463623e-05,2.931856067764909e-05,2.8932897136347975e-05,1.3418295030629333e-05,8.08821585901841e-06,2.5679448939823602e-05,1.0228986979587574e-05
b3309,6.881797817058582e-05,4.5619220133336694e-05,4.698087190982779e-06,1.3356481185921399e-05,3.76706684645223e-05,2.962235272701723e-05,5.33709207956277e-06,5.5182966279386625e-05,3.069693626950275e-05,3.5254806173868566e-05,1.2852511830618529e-05,6.811464023703364e-06,1.652995972463623e-05,2.931856067764909e-05,2.8932897136347975e-05,1.3418295030629333e-05,8.08821585901841e-06,2.5679448939823602e-05,1.0228986979587574e-05
b3310,6.881797817058582e-05,4.5619220133336694e-05,4.698087190982779e-06,1.3356481185921399e-05,3.76706684645223e-05,2.962235272701723e-05,5.33709207956277e-06,5.5182966279386625e-05,3.069693626950275e-05,3.5254806173868566e-05,1.2852511830618529e-05,6.811464023703364e-06,1.652995972463623e-05,2.931856067764909e-05,2.8932897136347975e-05,1.3418295030629333e-05,8.08821585901841e-06,2.5679448939823602e-05,1.0228986979587574e-05
b3311,6.881797817058582e-05,4.5619220133336694e-05,4.698087190982779e-06,1.3356481185921399e-05,3.76706684645223e-05,2.962235272701723e-05,5.33709207956277e-06,5.5182966279386625e-05,3.069693626950275e-05,3.5254806173868566e-05,1.2852511830618529e-05,6.811464023703364e-06,1.652995972463623e-05,2.931856067764909e-05,2.8932897136347975e-05,1.3418295030629333e-05,8.08821585901841e-06,2.5679448939823602e-05,1.0228986979587574e-05
b3312,6.881797817058582e-05,4.5619220133336694e-05,4.698087190982779e-06,1.3356481185921399e-05,3.76706684645223e-05,2.962235272701723e-05,5.33709207956277e-06,5.5182966279386625e-05,3.069693626950275e-05,3.5254806173868566e-05,1.2852511830618529e-05,6.811464023703364e-06,1.652995972463623e-05,2.931856067764909e-05,2.8932897136347975e-05,1.3418295030629333e-05,8.08821585901841e-06,2.5679448939823602e-05,1.0228986979587574e-05
b3313,6.881797817058582e-05,4.5619220133336694e-05,4.698087190982779e-06,1.3356481185921399e-05,3.76706684645223e-05,2.962235272701723e-05,5.33709207956277e-06,5.5182966279386625e-05,3.069693626950275e-05,3.5254806173868566e-05,1.2852511830618529e-05,6.811464023703364e-06,1.652995972463623e-05,2.931856067764909e-05,2.8932897136347975e-05,1.3418295030629333e-05,8.08821585901841e-06,2.5679448939823602e-05,1.0228986979587574e-05
b3314,6.881797817058582e-05,4.5619220133336694e-05,4.698087190982779e-06,1.3356481185921399e-05,3.76706684645223e-05,2.962235272701723e-05,5.33709207956277e-06,5.5182966279386625e-05,3.069693626950275e-05,3.5254806173868566e-05,1.2852511830618529e-05,6.811464023703364e-06,1.652995972463623e-05,2.931856067764909e-05,2.8932897136347975e-05,1.3418295030629333e-05,8.08821585901841e-06,2.5679448939823602e-05,1.0228986979587574e-05
b3315,6.881797817058582e-05,4.5619220133336694e-05,4.698087190982779e-06,1.3356481185921399e-05,3.76706684645223e-05,2.962235272701723e-05,5.33709207956277e-06,5.5182966279386625e-05,3.069693626950275e-05,3.5254806173868566e-05,1.2852511830618529e-05,6.811464023703364e-06,1.652995972463623e-05,2.931856067764909e-05,2.8932897136347975e-05,1.3418295030629333e-05,8.08821585901841e-06,2.5679448939823602e-05,1.0228986979587574e-05
b3316,6.881797817058582e-05,4.5619220133336694e-05,4.698087190982779e-06,1.3356481185921399e-05,3.76706684645223e-05,2.962235272701723e-05,5.33709207956277e-06,5.5182966279386625e-05,3.069693626950275e-05,3.5254806173868566e-05,1.2852511830618529e-05,6.811464023703364e-06,1.652995972463623e-05,2.931856067764909e-05,2.8932897136347975e-05,1.3418295030629333e-05,8.08821585901841e-06,2.5679448939823602e-05,1.0228986979587574e-05
b3317,6.881797817058582e-05,4.5619220133336694e-05,4.698087190982779e-06,1.3356481185921399e-05,3.76706684645223e-05,2.962235272701723e-05,5.33709207956277e-06,5.5182966279386625e-05,3.069693626950275e-05,3.5254806173868566e-05,1.2852511830618529e-05,6.811464023703364e-06,1.652995972463623e-05,2.931856067764909e-05,2.8932897136347975e-05,1.3418295030629333e-05,8.08821585901841e-06,2.5679448939823602e-05,1.0228986979587574e-05
b3318,6.881797817058582e-05,4.5619220133336694e-05,4.698087190982779e-06,1.3356481185921399e-05,3.76706684645223e-05,2.962235272701723e-05,5.33709207956277e-06,5.5182966279386625e-05,3.069693626950275e-05,3.5254806173868566e-05,1.2852511830618529e-05,6.811464023703364e-06,1.652995972463623e-05,2.931856067764909e-05,2.8932897136347975e-05,1.3418295030629333e-05,8.08821585901841e-06,2.5679448939823602e-05,1.0228986979587574e-05
b3319,6.88190959970331e-05,4.5619886245406636e-05,4.698116101517474e-06,1.335660635021791e-05,3.7671180112522626e-05,2.96227249914994e-05,5.33712699073418e-06,5.518382794283939e-05,3.069732992188581e-05,3.5255271365154265e-05,1.2852632337803325e-05,6.811513891599038e-06,1.6530129622743294e-05,2.9318929353722803e-05,2.893326082543979e-05,1.3418424369110716e-05,8.088279231582734e-06,2.567975515766699e-05,1.0229075016111258e-05
b3320,6.88190959970331e-05,4.5619886245406636e-05,4.698116101517474e-06,1.335660635021791e-05,3.7671180112522626e-05,2.96227249914994e-05,5.33712699073418e-06,5.518382794283939e-05,3.069732992188581e-05,3.5255271365154265e-05,1.2852632337803325e-05,6.811513891599038e-06,1.6530129622743294e-05,2.9318929353722803e-05,2.893326082543979e-05,1.3418424369110716e-05,8.088279231582734e-06,2.567975515766699e-05,1.0229075016111258e-05
b3321,6.88190959970331e-05,4.5619886245406636e-05,4.698116101517474e-06,1.335660635021791e-05,3.7671180112522626e-05,2.96227249914994e-05,5.33712699073418e-06,5.518382794283939e-05,3.069732992188581e-05,3.5255271365154265e-05,1.2852632337803325e-05,6.811513891599038e-06,1.6530129622743294e-05,2.9318929353722803e-05,2.893326082543979e-05,1.3418424369110716e-05,8.088279231582734e-06,2.567975515766699e-05,1.0229075016111258e-05
b3339,1.3642942223699968e-05,8.710316075059456e-06,5.97232591732364e-07,2.119097114777822e-06,7.002176864037455e-06,5.3413182573937725e-06,7.025975499710149e-07,1.0791006037866752e-05,5.579316346893033e-06,6.481911799060327e-06,2.0390815368429956e-06,9.53587847939887e-07,2.735544727096896e-06,5.286547534729475e-06,5.2169391295820725e-06,2.1559182505338128e-06,1.1737440525686962e-06,4.533584127380099e-06,1.5568351905135826e-06
b3340,1.3642942223699971e-05,8.710316075059458e-06,5.972325917323641e-07,2.1190971147778224e-06,7.002176864037457e-06,5.341318257393774e-06,7.02597549971015e-07,1.0791006037866754e-05,5.5793163468930335e-06,6.481911799060328e-06,2.0390815506472567e-06,9.535878479398871e-07,2.7355447270968964e-06,5.286547534729476e-06,5.216939129582073e-06,2.155918250533813e-06,1.1737440525686964e-06,4.533584163854664e-06,1.5568351990321133e-06
b3341,6.881797817058582e-05,4.5619220133336694e-05,4.698087190982779e-06,1.3356481185921399e-05,3.76706684645223e-05,2.962235272701723e-05,5.33709207956277e-06,5.5182966279386625e-05,3.069693626950275e-05,3.5254806173868566e-05,1.2852511830618529e-05,6.811464023703364e-06,1.652995972463623e-05,2.931856067764909e-05,2.8932897136347975e-05,1.3418295030629333e-05,8.08821585901841e-06,2.5679448939823602e-05,1.0228986979587574e-05
b3342,6.881797817058582e-05,4.5619220133336694e-05,4.698087190982779e-06,1.3356481185921399e-05,3.76706684645223e-05,2.962235272701723e-05,5.33709207956277e-06,5.5182966279386625e-05,3.069693626950275e-05,3.5254806173868566e-05,1.2852511830618529e-05,6.811464023703364e-06,1.652995972463623e-05,2.931856067764909e-05,2.8932897136347975e-05,1.3418295030629333e-05,8.08821585901841e-06,2.5679448939823602e-05,1.0228986979587574e-05
b3343,4.291011459864398e-10,2.5345507103670136e-10,1.0468132791428611e-11,4.641074352233047e-11,1.938248292784907e-10,1.4030178271206037e-10,1.2642599740334324e-11,3.2930290483472834e-10,1.4907013238268496e-10,1.7651616278429832e-10,4.473446591606858e-11,1.823484560121103e-11,6.34446561110786e-11,1.3851575041251636e-10,1.3728386572046115e-10,4.80446254466391e-11,2.3200324896605013e-11,1.151414013147825e-10,3.247532674640562e-11
b3344,4.291011459864398e-10,2.5345507103670136e-10,1.0468132791428611e-11,4.641074352233047e-11,1.938248292784907e-10,1.4030178271206037e-10,1.2642599740334324e-11,3.2930290483472834e-10,1.4907013238268496e-10,1.7651616278429832e-10,4.473446591606858e-11,1.823484560121103e-11,6.34446561110786e-11,1.3851575041251636e-10,1.3728386572046115e-10,4.80446254466391e-11,2.3200324896605013e-11,1.151414013147825e-10,3.247532674640562e-11
b3345,4.291011459864398e-10,2.5345507103670136e-10,1.0468132791428611e-11,4.641074352233047e-11,1.938248292784907e-10,1.4030178271206037e-10,1.2642599740334324e-11,3.2930290483472834e-10,1.4907013238268496e-10,1.7651616278429832e-10,4.473446591606858e-11,1.823484560121103e-11,6.34446561110786e-11,1.3851575041251636e-10,1.3728386572046115e-10,4.80446254466391e-11,2.3200324896605013e-11,1.151414013147825e-10,3.247532674640562e-11
b3350,0.0,0.0,0.0,0.0,0.0,0.0,0.0,0.0,0.0,0.0,0.0,0.0,0.0,0.0,0.0,0.0,0.0,0.0,0.0
b3359,1.72508079910093e-06,1.1015689984305284e-06,7.427143893083578e-08,2.6444338688668833e-07,8.805648477930416e-07,6.716370034967046e-07,8.791707615822788e-08,1.3694479627998031e-06,7.01945476117212e-07,8.131886250480315e-07,2.5498718472879507e-07,6.44099446055968e-09,3.4243681947162476e-07,6.640805161815305e-07,6.571633597712687e-07,1.366908244973485e-08,1.467086880735955e-07,5.68653181502057e-07,1.9479463242790716e-07
b3360,2.2240047089133554e-09,1.7887576296368494e-09,3.094498867466364e-10,7.262056192370138e-10,1.5444477145231627e-09,1.3180688023535998e-09,3.502149012524179e-10,2.05099854769466e-09,1.3729824988699794e-09,1.4574543330520622e-09,7.262056192370138e-10,4.39309572131033e-10,8.742764794865363e-10,1.3180688023535998e-09,1.3180688023535998e-09,7.671107197032964e-10,5.043094578034818e-10,1.185687569680186e-09,6.102144439422131e-10
b3365,0.0,0.0,0.0,0.0,0.0,0.0,0.0,0.0,0.0,0.0,0.0,0.0,0.0,0.0,0.0,0.0,0.0,0.0,0.0
b3366,0.0,0.0,0.0,0.0,0.0,0.0,0.0,0.0,0.0,0.0,0.0,0.0,0.0,0.0,0.0,0.0,0.0,0.0,0.0
b3367,0.0,0.0,0.0,0.0,0.0,0.0,0.0,0.0,0.0,0.0,0.0,0.0,0.0,0.0,0.0,0.0,0.0,0.0,0.0
b3368,2.3031303128471476e-07,1.3329784639738856e-07,0.0,2.101911703995546e-08,9.950845577557111e-08,7.071633749004996e-08,4.967895273898895e-09,1.7654290200283524e-07,7.486849669532784e-08,8.967227644909462e-08,2.0243736367387638e-08,7.52831163812569e-09,2.9509301178554174e-08,7.004849193418949e-08,6.88503397360988e-08,2.2096899486309865e-08,9.876357972072925e-09,5.713760515588919e-08,1.4292032038203074e-08
b3370,0.0,0.0,0.0,0.0,0.0,0.0,0.0,0.0,0.0,0.0,0.0,0.0,0.0,0.0,0.0,0.0,0.0,0.0,0.0
b3371,0.0,0.0,0.0,0.0,0.0,0.0,0.0,0.0,0.0,0.0,0.0,0.0,0.0,0.0,0.0,0.0,0.0,0.0,0.0
b4474,0.0,0.0,0.0,0.0,0.0,0.0,0.0,0.0,0.0,0.0,0.0,0.0,0.0,0.0,0.0,0.0,0.0,0.0,0.0
b3374,0.0,0.0,0.0,0.0,0.0,0.0,0.0,0.0,0.0,0.0,0.0,0.0,0.0,0.0,0.0,0.0,0.0,0.0,0.0
b3380,0.0,4.978095072220888e-07,0.0,1.7333294303715363e-07,0.0,0.0,0.0,0.0,0.0,0.0,0.0,0.0,0.0,0.0,0.0,0.0,0.0,0.0,0.0
b3384,2.95833509273073e-07,1.8645723119880504e-07,1.1909724759422679e-08,4.458077260913198e-08,1.5057377987326392e-07,1.1355624741372059e-07,1.4191239663190788e-08,2.3163023750562785e-07,1.1762365253431753e-07,1.3779876443307748e-07,4.22066773982219e-08,1.938250507424121e-08,5.711892591081472e-08,1.1365302561166612e-07,1.1056491786091975e-07,4.517545861473272e-08,2.394593573471944e-08,9.647779034531278e-08,3.223109218091302e-08
b3385,0.0,0.0,0.0,0.0,0.0,0.0,0.0,0.0,0.0,0.0,0.0,0.0,0.0,0.0,0.0,0.0,0.0,0.0,0.0
b3386,2.740582802599727e-06,7.897407616664699e-07,1.1116039182588496e-07,4.1085021939055954e-07,6.214185919661504e-06,1.6739077043995632e-06,3.655191286627873e-07,3.7593744443068246e-06,1.0939324328195124e-06,1.2849144484828309e-06,3.921074650398506e-07,3.7980323087668854e-07,5.308156282428572e-07,0.0,1.0252069912992497e-06,4.1609207395383657e-07,5.744826754308042e-07,8.929896186646856e-07,7.21573612069439e-07
b3389,2.2935205196357013e-05,1.4480084562176557e-05,9.30357367942287e-07,3.4385088392994064e-06,1.1647726619023534e-05,8.817182918534549e-06,1.0977462523237512e-06,1.7988157640241333e-05,9.154925228776807e-06,1.0753397230802625e-05,3.281644861273713e-06,1.5036338261883454e-06,4.442306353341532e-06,8.77361943045499e-06,8.579934133800504e-06,3.482317107184546e-06,1.8603408266144325e-06,7.473483462195979e-06,2.493181626077813e-06
b3390,3.252662146239179e-06,2.0535601284794735e-06,1.3194293084682142e-07,4.87648026051866e-07,1.65187619378518e-06,1.2504495543008872e-06,1.5568195926481332e-07,2.5510737286226497e-06,1.2983480412907858e-06,1.5250427374271157e-06,4.654016358816262e-07,2.1324478182669413e-07,6.300062107055799e-07,1.2442713968603323e-06,1.216803021176856e-06,4.938608980720792e-07,2.638328340220478e-07,1.059886604454297e-06,3.5358207739647514e-07
b3396,0.0,0.0,0.0,0.0,0.0,0.0,0.0,0.0,0.0,0.0,0.0,0.0,0.0,0.0,0.0,0.0,0.0,0.0,0.0
b3397,0.0,0.0,0.0,0.0,0.0,0.0,0.0,0.0,0.0,0.0,0.0,0.0,0.0,0.0,0.0,0.0,0.0,0.0,0.0
b3403,0.0,0.0,0.0,0.0,0.0,0.0,0.0,0.0,0.0,0.0,0.0,0.0,0.0,0.0,0.0,0.0,0.0,0.0,0.0
b3406,1.5463931055173857e-09,9.605664114043319e-10,6.75512224226214e-11,2.2141415462957117e-10,7.580982249118307e-10,5.696267031625556e-10,7.804155483006387e-11,1.2135632119748488e-09,5.988545269607244e-10,6.957162417731172e-10,2.1410612800167386e-10,1.0373486944255759e-10,2.8756870775229443e-10,5.635316017010104e-10,5.570266684918526e-10,2.2756516507191755e-10,1.255203490273811e-10,4.790696024097427e-10,1.6505731539369845e-10
b3409,0.0,0.0,0.0,0.0,0.0,0.0,0.0,0.0,0.0,0.0,0.0,0.0,0.0,0.0,0.0,0.0,0.0,0.0,0.0
b3412,4.102508358405748e-12,2.959180791427046e-12,2.1292235556754645e-13,7.654703793470852e-13,2.3741220305241152e-12,1.871756352297926e-12,2.5635281266284843e-13,3.6332334812662646e-12,1.9899398706404434e-12,2.1763827280202917e-12,7.654703793470852e-13,3.6015788372555426e-13,1.0111441507709182e-12,1.871756352297926e-12,1.871756352297926e-12,8.31048398238513e-13,4.429789708769814e-13,1.5969707160455195e-12,5.896060568846812e-13
b3415,0.0,0.0,0.0,0.0,0.0,0.0,0.0,0.0,0.0,0.0,0.0,0.0,0.0,0.0,0.0,0.0,0.0,0.0,0.0
b3416,0.0,0.0,0.0,0.0,0.0,0.0,0.0,0.0,0.0,0.0,0.0,0.0,0.0,0.0,0.0,0.0,0.0,0.0,0.0
b3417,0.0,0.0,0.0,0.0,0.0,0.0,0.0,0.0,0.0,0.0,0.0,0.0,0.0,0.0,0.0,0.0,0.0,0.0,0.0
b3425,0.0,0.0,0.0,0.0,0.0,0.0,0.0,0.0,0.0,0.0,0.0,0.0,0.0,0.0,0.0,0.0,0.0,0.0,0.0
b3426,0.0,0.0,0.0,0.0,0.0,0.0,0.0,0.0,0.0,0.0,0.0,0.0,0.0,0.0,0.0,0.0,0.0,0.0,0.0
b3428,0.0,0.0,0.0,0.0,0.0,0.0,0.0,0.0,0.0,0.0,0.0,0.0,0.0,0.0,0.0,0.0,0.0,0.0,0.0
b3429,3.533125458140941e-08,2.8416779399723902e-08,4.916020494478039e-09,1.153673618984797e-08,2.4535593459312077e-08,2.0939265202600217e-08,5.563626634764645e-09,3.258282302383567e-08,2.1811641858931317e-08,2.3153588603236544e-08,1.153673618984797e-08,6.979013250648771e-09,1.3889037531026463e-08,2.0939265202600217e-08,2.0939265202600217e-08,1.218656778078848e-08,8.01162235406109e-09,1.883621433465918e-08,9.694063048413921e-09
b3430,7.214980985757139e-07,5.802978849025754e-07,1.00389852592199e-07,2.3559121586145757e-07,5.010403462331344e-07,4.2759987462200113e-07,1.1361459098257019e-07,6.65372490630324e-07,4.454146424880683e-07,4.7281848183306407e-07,2.3559121586145757e-07,1.4251814292853604e-07,2.836274649288882e-07,4.2759987462200113e-07,4.2759987462200113e-07,2.488614000882218e-07,1.6360501101490108e-07,3.8465355923058957e-07,1.9796206332803034e-07
b3431,0.0,0.0,0.0,0.0,0.0,0.0,0.0,0.0,0.0,0.0,0.0,0.0,0.0,0.0,0.0,0.0,0.0,0.0,0.0
b3432,0.0,0.0,0.0,0.0,0.0,0.0,0.0,0.0,0.0,0.0,0.0,0.0,0.0,0.0,0.0,0.0,0.0,0.0,0.0
b3433,1.2247777641314662e-07,7.888218079919211e-08,5.713198555413018e-09,1.964269178968351e-08,6.348890822330466e-08,4.866574303412418e-08,6.691330014220537e-09,9.749206432587906e-08,5.091398796637834e-08,5.8909727214627235e-08,1.89440147485837e-08,9.035957129904717e-09,2.5232429290478853e-08,4.818053364397231e-08,4.75903655068061e-08,2.0062913491747884e-08,1.1053216165264262e-08,4.148739686201633e-08,1.4579511714803913e-08
b4476,0.0,0.0,0.0,0.0,0.0,0.0,0.0,0.0,0.0,0.0,0.0,0.0,0.0,0.0,0.0,0.0,0.0,0.0,0.0
b3437,0.0,0.0,0.0,0.0,0.0,0.0,0.0,0.0,0.0,0.0,0.0,0.0,0.0,0.0,0.0,0.0,0.0,0.0,0.0
b3447,0.0,0.0,0.0,0.0,0.0,0.0,0.0,0.0,0.0,0.0,0.0,0.0,0.0,0.0,0.0,0.0,0.0,0.0,0.0
b3449,0.0,0.0,0.0,0.0,0.0,0.0,0.0,0.0,0.0,0.0,0.0,0.0,0.0,0.0,0.0,0.0,0.0,0.0,0.0
b3450,0.0,0.0,0.0,0.0,0.0,0.0,0.0,0.0,0.0,0.0,0.0,0.0,0.0,0.0,0.0,0.0,0.0,0.0,0.0
b3451,0.0,0.0,0.0,0.0,0.0,0.0,0.0,0.0,0.0,0.0,0.0,0.0,0.0,0.0,0.0,0.0,0.0,0.0,0.0
b3452,0.0,0.0,0.0,0.0,0.0,0.0,0.0,0.0,0.0,0.0,0.0,0.0,0.0,0.0,0.0,0.0,0.0,0.0,0.0
b3453,0.0,0.0,0.0,0.0,0.0,0.0,0.0,0.0,0.0,0.0,0.0,0.0,0.0,0.0,0.0,0.0,0.0,0.0,0.0
b3454,0.0,0.0,0.0,0.0,0.0,0.0,0.0,0.0,0.0,0.0,0.0,0.0,0.0,0.0,0.0,0.0,0.0,0.0,0.0
b3455,0.0,0.0,0.0,0.0,0.0,0.0,0.0,0.0,0.0,0.0,0.0,0.0,0.0,0.0,0.0,0.0,0.0,0.0,0.0
b3456,0.0,0.0,0.0,0.0,0.0,0.0,0.0,0.0,0.0,0.0,0.0,0.0,0.0,0.0,0.0,0.0,0.0,0.0,0.0
b3457,0.0,0.0,0.0,0.0,0.0,0.0,0.0,0.0,0.0,0.0,0.0,0.0,0.0,0.0,0.0,0.0,0.0,0.0,0.0
b3458,0.0,0.0,0.0,0.0,0.0,0.0,0.0,0.0,0.0,0.0,0.0,0.0,0.0,0.0,0.0,0.0,0.0,0.0,0.0
b3460,0.0,0.0,0.0,0.0,0.0,0.0,0.0,0.0,0.0,0.0,0.0,0.0,0.0,0.0,0.0,0.0,0.0,0.0,0.0
b3461,2.939260265272278e-09,1.8431477843342136e-09,1.4097860826185342e-10,4.426200381334273e-10,1.4579660192467165e-09,1.108889973929907e-09,1.6169744688600435e-10,2.312874740314846e-09,1.1582350240228015e-09,1.3490871981707297e-09,5.647132696917734e-10,2.1163278159140567e-10,5.670963689801299e-10,1.1000641459677453e-09,1.082742084614997e-09,4.5152675903782525e-10,2.5488547901886165e-10,9.405311656096414e-10,3.314377247898357e-10
b3464,2.6777418795417978e-09,1.713791157798961e-09,9.956900379114679e-11,3.690207184550435e-10,1.2896076010500542e-09,1.0738079561166092e-09,1.2125866394480328e-10,2.1458613107581418e-09,9.944831112820887e-10,1.228033815004065e-09,3.5378729539891604e-10,1.7260438580501287e-10,4.3237379318519565e-10,1.109751906368743e-09,1.0030105627409856e-09,4.0293967397940916e-10,2.1895680081563521e-10,8.681028073995253e-10,2.593451038876908e-10
b3465,2.3159896499716365e-10,1.3768621461183336e-10,5.897705608338418e-12,2.5685540742156512e-11,1.0564690675146466e-10,7.674594590065888e-11,7.127526815655402e-12,1.7834238567857304e-10,8.11697834049351e-11,9.604674758906492e-11,2.471636890503561e-11,1.0188087214940919e-11,3.4878921427517654e-11,7.595887782403736e-11,7.4959696106457e-11,2.6521202784897694e-11,1.2961884389452569e-11,6.310121000170324e-11,1.8031868072990902e-11
b3469,0.0,0.0,0.0,0.0,0.0,0.0,0.0,0.0,0.0,0.0,0.0,0.0,0.0,0.0,0.0,0.0,0.0,0.0,0.0
b3470,2.145505729932199e-10,1.2672753551835068e-10,5.2340663957143054e-12,2.3205371761165234e-11,9.691241463924535e-11,7.015089135603018e-11,6.321299870167162e-12,1.6465145241736417e-10,7.453506619134248e-11,8.825808139214916e-11,2.236723295803429e-11,9.117422800605516e-12,3.17223280555393e-11,6.925787520625818e-11,6.864193286023057e-11,2.402231272331955e-11,1.1600162448302507e-11,5.757070065739125e-11,1.623766337320281e-11
b3475,3.911895250514943e-11,4.574454937454771e-11,6.000398700845946e-12,1.8496245157242593e-11,4.047369604653319e-11,3.5992492743002294e-11,7.141932927062692e-12,4.932572611348323e-11,3.8150388255983994e-11,3.7992640600882823e-11,1.8857089193710115e-11,9.831145420811894e-12,2.3532344955541267e-11,3.632984026363547e-11,3.676693879350839e-11,2.0463132354916335e-11,1.1803084061326764e-11,3.233990229151287e-11,1.515728679974297e-11
b3476,0.0,0.0,0.0,0.0,0.0,0.0,0.0,0.0,0.0,0.0,0.0,0.0,0.0,0.0,0.0,0.0,0.0,0.0,0.0
b3477,0.0,0.0,0.0,0.0,0.0,0.0,0.0,0.0,0.0,0.0,0.0,0.0,0.0,0.0,0.0,0.0,0.0,0.0,0.0
b3478,0.0,0.0,0.0,0.0,0.0,0.0,0.0,0.0,0.0,0.0,0.0,0.0,0.0,0.0,0.0,0.0,0.0,0.0,0.0
b3479,0.0,0.0,0.0,0.0,0.0,0.0,0.0,0.0,0.0,0.0,0.0,0.0,0.0,0.0,0.0,0.0,0.0,0.0,0.0
b3480,0.0,0.0,0.0,0.0,0.0,0.0,0.0,0.0,0.0,0.0,0.0,0.0,0.0,0.0,0.0,0.0,0.0,0.0,0.0
b3493,4.163996907890076e-06,3.5981950241481802e-06,7.469029418196039e-07,1.6433439582141829e-06,3.1570110382372777e-06,2.7783781497074895e-06,8.408068474129894e-07,4.051561205488989e-06,2.8881862224694696e-06,2.9970662367751537e-06,1.6563577477899326e-06,1.047496131273549e-06,1.9486527151992477e-06,2.78366210755568e-06,2.7934726640235153e-06,1.749153842409366e-06,1.1904524436518802e-06,2.5281700895415162e-06,1.4157078153009984e-06
b3496,0.0,0.0,0.0,0.0,0.0,0.0,0.0,0.0,0.0,0.0,0.0,0.0,0.0,0.0,0.0,0.0,0.0,0.0,0.0
b3500,6.245587562962925e-10,3.6901065071001896e-10,1.4813164723419522e-11,6.72168960653471e-11,2.8275142378075886e-10,2.0444382673277492e-10,1.8047704274612982e-11,4.788509124403475e-10,2.147129736090309e-10,2.5614011948412005e-10,6.417392301394539e-11,2.5927908945464566e-11,9.128730906544279e-11,2.026313906669314e-10,1.9857774241563732e-10,6.899491577038627e-11,3.323479890240128e-11,1.6756249397079804e-10,4.6724646521707887e-11
b3502,0.0,0.0,0.0,0.0,0.0,0.0,0.0,0.0,0.0,0.0,0.0,0.0,0.0,0.0,0.0,0.0,0.0,0.0,0.0
b3503,0.0,0.0,0.0,0.0,0.0,0.0,0.0,0.0,0.0,0.0,0.0,0.0,0.0,0.0,0.0,0.0,0.0,0.0,0.0
b3517,0.0,0.0,0.0,0.0,0.0,0.0,0.0,0.0,0.0,0.0,0.0,0.0,0.0,0.0,0.0,0.0,0.0,0.0,0.0
b3519,0.0,0.0,0.0,0.0,0.0,0.0,0.0,0.0,0.0,0.0,0.0,0.0,0.0,0.0,0.0,0.0,0.0,0.0,0.0
b3526,0.0,0.0,0.0,0.0,0.0,0.0,0.0,0.0,0.0,0.0,0.0,0.0,0.0,0.0,0.0,0.0,0.0,0.0,0.0
b3528,0.0,0.0,0.0,0.0,0.0,0.0,0.0,0.0,0.0,0.0,0.0,0.0,0.0,0.0,0.0,0.0,0.0,0.0,0.0
b3540,0.0,0.0,0.0,0.0,0.0,0.0,0.0,0.0,0.0,0.0,0.0,0.0,0.0,0.0,0.0,0.0,0.0,0.0,0.0
b3541,0.0,0.0,0.0,0.0,0.0,0.0,0.0,0.0,0.0,0.0,0.0,0.0,0.0,0.0,0.0,0.0,0.0,0.0,0.0
b3542,0.0,0.0,0.0,0.0,0.0,0.0,0.0,0.0,0.0,0.0,0.0,0.0,0.0,0.0,0.0,0.0,0.0,0.0,0.0
b3543,0.0,0.0,0.0,0.0,0.0,0.0,0.0,0.0,0.0,0.0,0.0,0.0,0.0,0.0,0.0,0.0,0.0,0.0,0.0
b3544,0.0,0.0,0.0,0.0,0.0,0.0,0.0,0.0,0.0,0.0,0.0,0.0,0.0,0.0,0.0,0.0,0.0,0.0,0.0
b3546,0.0,0.0,0.0,0.0,0.0,0.0,0.0,0.0,0.0,0.0,0.0,0.0,0.0,0.0,0.0,0.0,0.0,0.0,0.0
b3551,0.0,0.0,0.0,0.0,0.0,0.0,0.0,0.0,0.0,0.0,0.0,0.0,0.0,0.0,0.0,0.0,0.0,0.0,0.0
b3553,0.0,0.0,0.0,0.0,0.0,0.0,0.0,0.0,0.0,0.0,0.0,0.0,0.0,0.0,0.0,0.0,0.0,0.0,0.0
b3559,2.1054412640584706e-06,1.3301146342673765e-06,8.66612492191676e-08,3.1706885344196913e-07,1.0696584574163854e-06,8.119014637794829e-07,1.0178364459600016e-07,1.651499964017355e-06,8.47496465848821e-07,9.898519352582771e-07,3.04740986599453e-07,1.3928054151146043e-07,4.106657017513636e-07,8.048861285843833e-07,7.928300238040591e-07,3.208942237922953e-07,1.7287446724918448e-07,6.878302486249876e-07,2.3005308298865655e-07
b3560,2.1054412640584706e-06,1.3301146342673765e-06,8.66612492191676e-08,3.1706885344196913e-07,1.0696584574163854e-06,8.119014637794829e-07,1.0178364459600016e-07,1.651499964017355e-06,8.47496465848821e-07,9.898519352582771e-07,3.04740986599453e-07,1.3928054151146043e-07,4.106657017513636e-07,8.048861285843833e-07,7.928300238040591e-07,3.208942237922953e-07,1.7287446724918448e-07,6.878302486249876e-07,2.3005308298865655e-07
b3564,0.0,0.0,0.0,0.0,0.0,0.0,0.0,0.0,0.0,0.0,0.0,0.0,0.0,0.0,0.0,0.0,0.0,0.0,0.0
b3565,0.0,0.0,0.0,0.0,0.0,0.0,0.0,0.0,0.0,0.0,0.0,0.0,0.0,0.0,0.0,0.0,0.0,0.0,0.0
b3566,0.0,0.0,0.0,0.0,0.0,0.0,0.0,0.0,0.0,0.0,0.0,0.0,0.0,0.0,0.0,0.0,0.0,0.0,0.0
b3567,0.0,0.0,0.0,0.0,0.0,0.0,0.0,0.0,0.0,0.0,0.0,0.0,0.0,0.0,0.0,0.0,0.0,0.0,0.0
b3568,0.0,0.0,0.0,0.0,0.0,0.0,0.0,0.0,0.0,0.0,0.0,0.0,0.0,0.0,0.0,0.0,0.0,0.0,0.0
b3571,0.0,0.0,0.0,0.0,0.0,0.0,0.0,0.0,0.0,0.0,0.0,0.0,0.0,0.0,0.0,0.0,0.0,0.0,0.0
b3572,0.0,0.0,0.0,0.0,0.0,0.0,0.0,0.0,0.0,0.0,0.0,0.0,0.0,7.073693246824301e-07,6.961023611761869e-07,0.0,0.0,0.0,0.0
b3575,0.0,0.0,0.0,0.0,0.0,0.0,0.0,0.0,0.0,0.0,0.0,0.0,0.0,0.0,0.0,0.0,0.0,0.0,0.0
b3577,0.0,0.0,0.0,0.0,0.0,0.0,0.0,0.0,0.0,0.0,0.0,0.0,0.0,0.0,0.0,0.0,0.0,0.0,0.0
b3578,0.0,0.0,0.0,0.0,0.0,0.0,0.0,0.0,0.0,0.0,0.0,0.0,0.0,0.0,0.0,0.0,0.0,0.0,0.0
b3579,0.0,0.0,0.0,0.0,0.0,0.0,0.0,0.0,0.0,0.0,0.0,0.0,0.0,0.0,0.0,0.0,0.0,0.0,0.0
b3580,0.0,0.0,0.0,0.0,0.0,0.0,0.0,0.0,0.0,0.0,0.0,0.0,0.0,0.0,0.0,0.0,0.0,0.0,0.0
b3581,0.0,0.0,0.0,0.0,0.0,0.0,0.0,0.0,0.0,0.0,0.0,0.0,0.0,0.0,0.0,0.0,0.0,0.0,0.0
b3583,0.0,0.0,0.0,0.0,0.0,0.0,0.0,0.0,0.0,0.0,0.0,0.0,0.0,0.0,0.0,0.0,0.0,0.0,0.0
b3588,0.0,0.0,0.0,0.0,0.0,0.0,0.0,0.0,0.0,0.0,0.0,0.0,0.0,0.0,0.0,0.0,0.0,0.0,0.0
b3590,0.0,0.0,0.0,0.0,0.0,0.0,0.0,0.0,0.0,0.0,1.3804260908315351e-14,0.0,0.0,0.0,0.0,0.0,0.0,3.6474564375711705e-14,8.518530529848388e-15
b3591,0.0,0.0,0.0,0.0,0.0,0.0,0.0,0.0,0.0,0.0,1.380426090831535e-13,0.0,0.0,0.0,0.0,0.0,0.0,3.64745643757117e-13,8.518530529848388e-14
b3599,0.0,0.0,0.0,0.0,0.0,0.0,0.0,0.0,0.0,0.0,0.0,0.0,0.0,0.0,0.0,0.0,0.0,0.0,0.0
b3600,0.0,0.0,0.0,0.0,0.0,0.0,0.0,0.0,0.0,0.0,0.0,0.0,0.0,0.0,0.0,0.0,0.0,0.0,0.0
b3603,0.0,0.0,0.0,0.0,0.0,0.0,4.044758600619383e-10,0.0,1.5857071617868233e-09,0.0,0.0,0.0,1.009733537058623e-09,0.0,0.0,8.859639238796699e-10,5.824452384891912e-10,0.0,0.0
b3605,0.0,0.0,0.0,0.0,0.0,0.0,0.0,0.0,0.0,0.0,0.0,0.0,0.0,0.0,0.0,0.0,0.0,0.0,0.0
b3607,7.85252600106323e-06,5.067644092957036e-06,0.0,1.2541324030653851e-06,4.0712906183967985e-06,3.1319112179861826e-06,4.2683875510619825e-07,6.267961320057543e-06,3.2488176443781974e-06,3.7767604550378143e-06,1.2078683271610818e-06,5.775252522345126e-07,1.6046977751303801e-06,3.102333427866949e-06,3.0492692217267054e-06,1.2828061616656354e-06,7.071425807375994e-07,2.668060191648878e-06,9.302752407735381e-07
b3608,4.443760646214146e-06,6.822271541116832e-06,2.3871910348874835e-06,4.707678036813283e-06,6.643011064908305e-06,6.550765130296947e-06,2.6671611010589673e-06,6.63892165974084e-06,6.7994328476016415e-06,6.451546455187608e-06,4.812624367172676e-06,3.269865966662312e-06,5.428957438367902e-06,6.623600532363852e-06,6.7179637371630496e-06,5.081039907322722e-06,3.6528775701492205e-06,6.264154679636807e-06,4.244640144517282e-06
b3609,3.178108451082681e-05,1.809974387854788e-05,1.435604444883185e-06,4.87500083145182e-06,1.5786218383533904e-05,1.0970436440535191e-05,1.4047429962500437e-06,2.1687656986736475e-05,1.2857949523620896e-05,1.511055975675262e-05,4.773801694657547e-06,1.9355665589307064e-06,6.765114732969357e-06,1.1893878710936199e-05,1.149704974500128e-05,4.5353995560287215e-06,2.5383015718845965e-06,1.03392591021818e-05,3.321277042118569e-06
b3610,0.0,0.0,0.0,0.0,0.0,0.0,0.0,0.0,0.0,0.0,0.0,0.0,0.0,0.0,0.0,0.0,0.0,0.0,0.0
b3612,0.0,0.0,0.0,0.0,0.0,0.0,0.0,0.0,0.0,0.0,0.0,0.0,0.0,0.0,0.0,0.0,0.0,0.0,0.0
b3616,0.0,0.0,0.0,0.0,0.0,0.0,0.0,0.0,0.0,0.0,0.0,0.0,0.0,0.0,0.0,0.0,0.0,0.0,0.0
b3617,0.0,0.0,0.0,0.0,0.0,0.0,0.0,0.0,0.0,0.0,0.0,0.0,0.0,0.0,0.0,0.0,0.0,0.0,0.0
b3619,0.0,0.0,0.0,0.0,0.0,0.0,0.0,0.0,0.0,0.0,0.0,0.0,0.0,0.0,0.0,0.0,0.0,0.0,0.0
b3620,0.0,0.0,0.0,9.956824444577827e-60,0.0,0.0,0.0,0.0,0.0,0.0,0.0,0.0,0.0,0.0,0.0,0.0,0.0,0.0,0.0
b3621,0.0,0.0,0.0,1.9913648889155653e-59,0.0,0.0,0.0,0.0,0.0,0.0,0.0,0.0,0.0,0.0,0.0,0.0,0.0,0.0,0.0
b3622,0.0,0.0,0.0,0.0,0.0,0.0,0.0,0.0,0.0,0.0,0.0,0.0,0.0,0.0,0.0,0.0,0.0,0.0,0.0
b3623,0.0,0.0,0.0,0.0,0.0,0.0,0.0,0.0,0.0,0.0,0.0,0.0,0.0,0.0,0.0,0.0,0.0,0.0,0.0
b3624,0.0,0.0,0.0,1.9913648889155653e-59,0.0,0.0,0.0,0.0,0.0,0.0,0.0,0.0,0.0,0.0,0.0,0.0,0.0,0.0,0.0
b3625,0.0,0.0,0.0,1.9913648889155653e-59,0.0,0.0,0.0,0.0,0.0,0.0,0.0,0.0,0.0,0.0,0.0,0.0,0.0,0.0,0.0
b3626,0.0,0.0,0.0,0.0,0.0,0.0,0.0,0.0,0.0,0.0,0.0,0.0,0.0,0.0,0.0,0.0,0.0,0.0,0.0
b3627,0.0,0.0,0.0,0.0,0.0,0.0,0.0,0.0,0.0,0.0,0.0,0.0,0.0,0.0,0.0,0.0,0.0,0.0,0.0
b3628,0.0,0.0,0.0,0.0,0.0,0.0,0.0,0.0,0.0,0.0,0.0,0.0,0.0,0.0,0.0,0.0,0.0,0.0,0.0
b3629,0.0,0.0,0.0,1.9913648889155653e-59,0.0,0.0,0.0,0.0,0.0,0.0,0.0,0.0,0.0,0.0,0.0,0.0,0.0,0.0,0.0
b3630,0.0,0.0,0.0,1.9913648889155653e-59,0.0,0.0,0.0,0.0,0.0,0.0,0.0,0.0,0.0,0.0,0.0,0.0,0.0,0.0,0.0
b3631,0.0,0.0,0.0,9.956824444577827e-60,0.0,0.0,0.0,0.0,0.0,0.0,0.0,0.0,0.0,0.0,0.0,0.0,0.0,0.0,0.0
b3632,0.0,0.0,0.0,1.9913648889155653e-59,0.0,0.0,0.0,0.0,0.0,0.0,0.0,0.0,0.0,0.0,0.0,0.0,0.0,0.0,0.0
b3633,1.0732456097743694e-08,8.632069281436709e-09,1.4933229730357652e-09,3.5044754604877366e-09,7.453094512322006e-09,6.360650001490954e-09,1.6900441071024963e-09,9.897574308835059e-09,6.625648917484628e-09,7.0332875561177474e-09,3.5044754604877366e-09,2.119991327949371e-09,4.219026108970672e-09,6.360650001490954e-09,6.360650001490954e-09,3.7018726121973085e-09,2.4336635142275946e-09,5.721813329006211e-09,2.94473285221539e-09
b3634,8.584610830815345e-09,6.930519418834187e-09,1.1954828390376659e-09,2.8135379377033997e-09,5.985719083310516e-09,5.110993885041072e-09,1.3536063605350191e-09,7.940889286310728e-09,5.325125761865039e-09,5.6481984548873585e-09,2.8141936886620584e-09,1.6995490317192351e-09,3.389507214265066e-09,5.111606936491837e-09,5.112401262436082e-09,2.9736975992209152e-09,1.9519530479426312e-09,4.597598932059787e-09,2.363454307798291e-09
b3636,6.881797817058582e-05,4.5619220133336694e-05,4.698087190982779e-06,1.3356481185921399e-05,3.76706684645223e-05,2.962235272701723e-05,5.33709207956277e-06,5.5182966279386625e-05,3.069693626950275e-05,3.5254806173868566e-05,1.2852511830618529e-05,6.811464023703364e-06,1.652995972463623e-05,2.931856067764909e-05,2.8932897136347975e-05,1.3418295030629333e-05,8.08821585901841e-06,2.5679448939823602e-05,1.0228986979587574e-05
b3637,6.881797817058582e-05,4.5619220133336694e-05,4.698087190982779e-06,1.3356481185921399e-05,3.76706684645223e-05,2.962235272701723e-05,5.33709207956277e-06,5.5182966279386625e-05,3.069693626950275e-05,3.5254806173868566e-05,1.2852511830618529e-05,6.811464023703364e-06,1.652995972463623e-05,2.931856067764909e-05,2.8932897136347975e-05,1.3418295030629333e-05,8.08821585901841e-06,2.5679448939823602e-05,1.0228986979587574e-05
b3639,1.046787920902534e-08,8.450917759922538e-09,1.4577445852976897e-09,3.430764173510262e-09,7.298849718188248e-09,6.2322297051170654e-09,1.650556811240238e-09,9.68293979768553e-09,6.49333724575817e-09,6.887284740052557e-09,3.4315637813156386e-09,2.0723914367779457e-09,4.13308801019659e-09,6.232977246113623e-09,6.233945829104841e-09,3.626059222285875e-09,2.3801671537871745e-09,5.606207575489449e-09,2.8819424313650953e-09
b3640,0.0,0.0,0.0,0.0,0.0,0.0,0.0,0.0,0.0,0.0,0.0,0.0,0.0,0.0,0.0,0.0,0.0,0.0,0.0
b3642,2.0542127549446264e-06,1.3067856749549403e-06,1.177992078269286e-07,0.0,0.0,8.059555026028539e-07,1.357651662261316e-07,1.6366449861097194e-06,8.402256246877546e-07,9.657399494701157e-07,3.3722283235678717e-07,1.7760074722578241e-07,4.336254007683837e-07,7.980732093963721e-07,7.901323962882484e-07,3.5654644987898804e-07,2.117452896768451e-07,6.853129716498596e-07,2.674994592700089e-07
b3643,5.464070179837216e-09,3.251573809479761e-09,1.40576151121746e-10,6.090711362209388e-10,2.4969093866945435e-09,1.8159120035405667e-09,1.6968528039763808e-10,4.20896482559093e-09,1.9210896610045027e-09,2.269735272183599e-09,5.867661857260004e-10,2.4252361000260413e-10,8.277937725249168e-10,1.795522700675274e-09,1.7732481395259406e-09,6.291256059563295e-10,3.082375324696521e-10,1.4927157605472655e-09,4.28105768235398e-10
b3648,1.7271509688218932e-06,1.1112461294077496e-06,1.059673187961683e-07,3.0420038840896605e-07,8.939899848148878e-07,6.957039866921644e-07,1.216970039183998e-07,1.3810989643217733e-06,7.23930535678087e-07,8.305038747567685e-07,2.9688976605440345e-07,1.58043048504728e-07,3.800086916747292e-07,6.890818302221835e-07,6.818658754042579e-07,3.1310395715224594e-07,1.8786726785090088e-07,5.948052668939477e-07,2.3646547552409308e-07
b3649,1.5463931055173857e-09,9.605664114043319e-10,6.75512224226214e-11,2.2141415462957117e-10,7.580982249118307e-10,5.696267031625556e-10,7.804155483006387e-11,1.2135632119748488e-09,5.988545269607244e-10,6.957162417731172e-10,2.1410612800167386e-10,1.0373486944255759e-10,2.8756870775229443e-10,5.635316017010104e-10,5.570266684918526e-10,2.2756516507191755e-10,1.255203490273811e-10,4.790696024097427e-10,1.6505731539369845e-10
b3650,0.0,0.0,0.0,0.0,0.0,0.0,0.0,0.0,0.0,0.0,0.0,0.0,0.0,0.0,0.0,0.0,0.0,0.0,0.0
b3651,8.561861592632029e-10,5.117549499730853e-10,2.26425226064874e-11,9.683089019022028e-11,3.9273984944046906e-10,2.8671025844402876e-10,2.7393425116199293e-11,6.61050305166313e-10,3.0230958402521317e-10,3.5708807814817715e-10,9.323431185491974e-11,3.8876431361959935e-11,1.3093979148339792e-10,2.8427609392439746e-10,2.8012083689097077e-10,1.0005217720197452e-10,4.934691271751984e-11,2.3612083622507884e-10,6.835112305713836e-11
b3653,0.0,0.0,0.0,0.0,0.0,0.0,0.0,0.0,0.0,0.0,0.0,0.0,0.0,0.0,0.0,0.0,3.87186545710148e-18,0.0,0.0
b3654,0.0,5.989772028423636e-06,0.0,0.0,0.0,0.0,0.0,0.0,0.0,0.0,0.0,0.0,0.0,0.0,0.0,0.0,0.0,0.0,0.0
b3665,0.0,5.105489407131552e-06,0.0,0.0,0.0,6.749022114237149e-09,6.283331599916563e-10,1.5675288684962373e-08,0.0,0.0,0.0,8.982739903978804e-10,3.070982512628239e-09,0.0,0.0,0.0,1.1425366592790913e-09,0.0,0.0
b3666,0.0,0.0,0.0,0.0,0.0,0.0,0.0,0.0,0.0,0.0,0.0,0.0,0.0,0.0,0.0,0.0,0.0,0.0,0.0
b3670,0.0,0.0,0.0,0.0,0.0,0.0,0.0,0.0,0.0,0.0,0.0,0.0,0.0,0.0,0.0,0.0,0.0,0.0,0.0
b3671,0.0,0.0,0.0,0.0,0.0,0.0,0.0,0.0,0.0,0.0,0.0,0.0,0.0,0.0,0.0,0.0,0.0,0.0,0.0
b3679,0.0,0.0,0.0,0.0,0.0,0.0,0.0,0.0,0.0,0.0,0.0,0.0,0.0,0.0,0.0,0.0,0.0,0.0,0.0
b3691,0.0,0.0,0.0,0.0,0.0,0.0,0.0,0.0,0.0,0.0,0.0,0.0,0.0,0.0,0.0,0.0,0.0,0.0,0.0
b4478,0.0,0.0,0.0,0.0,0.0,0.0,0.0,0.0,0.0,0.0,0.0,0.0,0.0,0.0,0.0,0.0,0.0,0.0,0.0
b4477,0.0,0.0,0.0,0.0,0.0,0.0,0.0,0.0,0.0,0.0,0.0,0.0,0.0,0.0,0.0,0.0,0.0,0.0,0.0
b3693,0.0,0.0,0.0,0.0,0.0,0.0,0.0,0.0,0.0,0.0,0.0,0.0,0.0,0.0,0.0,0.0,0.0,0.0,0.0
b3703,6.881797817058582e-05,4.5619220133336694e-05,4.698087190982779e-06,1.3356481185921399e-05,3.76706684645223e-05,2.962235272701723e-05,5.33709207956277e-06,5.5182966279386625e-05,3.069693626950275e-05,3.5254806173868566e-05,1.2852511830618529e-05,6.811464023703364e-06,1.652995972463623e-05,2.931856067764909e-05,2.8932897136347975e-05,1.3418295030629333e-05,8.08821585901841e-06,2.5679448939823602e-05,1.0228986979587574e-05
b3704,5.464070179837216e-09,3.251573809479761e-09,1.40576151121746e-10,6.090711362209388e-10,2.4969093866945435e-09,1.8159120035405667e-09,1.6968528039763808e-10,4.20896482559093e-09,1.9210896610045027e-09,2.269735272183599e-09,5.867661857260004e-10,2.4252361000260413e-10,8.277937725249168e-10,1.795522700675274e-09,1.7732481395259406e-09,6.291256059563295e-10,3.082375324696521e-10,1.4927157605472655e-09,4.28105768235398e-10
b3705,2.8089723619887824e-06,2.187912221944836e-06,3.49558815222649e-07,8.383122265117559e-07,1.8568416197886652e-06,1.5813483943862805e-06,3.962293244602456e-07,2.5368291444908046e-06,1.6316202861144463e-06,1.758289236593989e-06,8.378069502347076e-07,4.998376339564356e-07,1.0104468115246107e-06,1.5844133383223214e-06,1.5754766430230273e-06,8.868519504601413e-07,5.765043391269662e-07,1.4046500915847113e-06,6.9805035315277e-07
b3706,4.3098149657024635e-10,2.546130205763026e-10,1.0510235422243172e-11,4.661605967305036e-11,1.9469957441662767e-10,1.40965071237335e-10,1.2696034121808105e-11,3.308027988711433e-10,1.4975106872498836e-10,1.773612188481749e-10,4.493459333771928e-11,1.8317286706676687e-11,6.372815499828099e-11,1.391375198599709e-10,1.3791885353024475e-10,4.826706092118836e-11,2.330697923464246e-11,1.1565461443617173e-10,3.261852774722747e-11
b3708,0.0,0.0,0.0,0.0,0.0,0.0,0.0,0.0,0.0,0.0,0.0,0.0,0.0,0.0,0.0,0.0,0.0,0.0,0.0
b3709,0.0,0.0,0.0,0.0,0.0,0.0,0.0,0.0,0.0,0.0,0.0,0.0,0.0,0.0,0.0,0.0,0.0,0.0,0.0
b3714,0.0,0.0,0.0,0.0,0.0,0.0,0.0,0.0,0.0,0.0,0.0,0.0,0.0,0.0,0.0,0.0,0.0,0.0,0.0
b3722,0.0,0.0,0.0,0.0,0.0,0.0,0.0,0.0,0.0,0.0,0.0,0.0,0.0,0.0,0.0,0.0,0.0,0.0,0.0
b3725,0.0,0.0,0.0,0.0,0.0,0.0,0.0,0.0,0.0,0.0,0.0,0.0,0.0,0.0,0.0,0.0,0.0,0.0,0.0
b3726,0.0,0.0,0.0,0.0,0.0,0.0,0.0,0.0,0.0,0.0,0.0,0.0,0.0,0.0,0.0,0.0,0.0,0.0,0.0
b3727,0.0,0.0,0.0,0.0,0.0,0.0,0.0,0.0,0.0,0.0,0.0,0.0,0.0,0.0,0.0,0.0,0.0,0.0,0.0
b3728,0.0,0.0,0.0,0.0,0.0,0.0,0.0,0.0,0.0,0.0,0.0,0.0,0.0,0.0,0.0,0.0,0.0,0.0,0.0
b3729,3.458724889776182e-06,2.781837875885113e-06,4.812498917558316e-07,1.1293795558452838e-06,2.401892284566792e-06,2.049832608207614e-06,5.44646776545758e-07,3.1896693821625768e-06,2.1352332227699897e-06,0.0,1.1293795558452838e-06,6.832049164989988e-07,1.3596562129688304e-06,2.049832608207614e-06,2.049832608207614e-06,1.1929942993458285e-06,7.842913582258916e-07,1.843956126673318e-06,9.489925434533288e-07
b3730,4.826133744817497e-06,3.8816390644730786e-06,6.715123105506326e-07,1.575880406471019e-06,3.3514817672343715e-06,2.860235097315937e-06,7.59973189849064e-07,4.450706989032058e-06,2.9793988934842707e-06,3.1627044268758647e-06,1.575880406471019e-06,9.533103693466658e-07,1.8971970711392036e-06,2.860235097315937e-06,2.860235097315937e-06,1.6646452750453899e-06,1.094361393382652e-06,2.5729652315529905e-06,1.3241772859930094e-06
b3731,4.437477052592494e-05,3.153026424871599e-05,4.283087442148449e-06,1.0122617635531057e-05,2.4722986734412255e-05,2.2578619440871982e-05,4.716764092634213e-06,3.71059985805925e-05,2.053401929307622e-05,2.499200419781215e-05,9.918725102526776e-06,6.048217917065938e-06,1.0992568899258278e-05,2.294009375990933e-05,2.155161199208835e-05,1.0719629959190808e-05,7.1621094937202025e-06,1.8423140331064094e-05,7.866161892173297e-06
b3732,0.00013312431157777482,9.459079274614798e-05,1.2849262326445348e-05,3.036785290659317e-05,7.416896020323676e-05,6.773585832261595e-05,1.4150292277902637e-05,0.00011131799574177752,6.160205787922867e-05,7.497601259343645e-05,2.975617530758033e-05,1.8144653751197814e-05,3.297770669777483e-05,6.882028127972798e-05,6.465483597626505e-05,3.215888987757243e-05,2.1486328481160607e-05,5.526942099319229e-05,2.3598485676519892e-05
b3733,4.437477052592494e-05,3.153026424871599e-05,4.283087442148449e-06,1.0122617635531057e-05,2.4722986734412255e-05,2.2578619440871982e-05,4.716764092634213e-06,3.71059985805925e-05,2.053401929307622e-05,2.499200419781215e-05,9.918725102526776e-06,6.048217917065938e-06,1.0992568899258278e-05,2.294009375990933e-05,2.155161199208835e-05,1.0719629959190808e-05,7.1621094937202025e-06,1.8423140331064094e-05,7.866161892173297e-06
b3734,0.00013312431157777482,9.459079274614798e-05,1.2849262326445348e-05,3.036785290659317e-05,7.416896020323676e-05,6.773585832261595e-05,1.4150292277902637e-05,0.00011131799574177752,6.160205787922867e-05,7.497601259343645e-05,2.975617530758033e-05,1.8144653751197814e-05,3.297770669777483e-05,6.882028127972798e-05,6.465483597626505e-05,3.215888987757243e-05,2.1486328481160607e-05,5.526942099319229e-05,2.3598485676519892e-05
b3735,4.437477052592494e-05,3.153026424871599e-05,4.283087442148449e-06,1.0122617635531057e-05,2.4722986734412255e-05,2.2578619440871982e-05,4.716764092634213e-06,3.71059985805925e-05,2.053401929307622e-05,2.499200419781215e-05,9.918725102526776e-06,6.048217917065938e-06,1.0992568899258278e-05,2.294009375990933e-05,2.155161199208835e-05,1.0719629959190808e-05,7.1621094937202025e-06,1.8423140331064094e-05,7.866161892173297e-06
b3736,8.874954105184988e-05,6.306052849743198e-05,8.566174884296898e-06,2.0245235271062113e-05,4.944597346882451e-05,4.5157238881743964e-05,9.433528185268425e-06,7.4211997161185e-05,4.106803858615244e-05,4.99840083956243e-05,1.9837450205053552e-05,1.2096435834131876e-05,2.1985137798516555e-05,4.588018751981866e-05,4.31032239841767e-05,2.1439259918381617e-05,1.4324218987440405e-05,3.684628066212819e-05,1.5732323784346595e-05
b3737,0.00044374770525924936,0.00031530264248715993,4.283087442148449e-05,0.00010122617635531057,0.00024722986734412254,0.00022578619440871982,4.716764092634213e-05,0.00037105998580592504,0.00020534019293076222,0.0002499200419781215,9.918725102526776e-05,6.048217917065938e-05,0.00010992568899258277,0.00022940093759909327,0.00021551611992088354,0.0001071962995919081,7.162109493720202e-05,0.00018423140331064097,7.866161892173298e-05
b3738,4.437477052592494e-05,3.153026424871599e-05,4.283087442148449e-06,1.0122617635531057e-05,2.4722986734412255e-05,2.2578619440871982e-05,4.716764092634213e-06,3.71059985805925e-05,2.053401929307622e-05,2.499200419781215e-05,9.918725102526776e-06,6.048217917065938e-06,1.0992568899258278e-05,2.294009375990933e-05,2.155161199208835e-05,1.0719629959190808e-05,7.1621094937202025e-06,1.8423140331064094e-05,7.866161892173297e-06
b3739,0.0,0.0,0.0,0.0,0.0,0.0,0.0,0.0,0.0,0.0,0.0,0.0,0.0,0.0,0.0,0.0,0.0,0.0,0.0
b3740,2.3159896499716365e-10,1.3768621461183336e-10,5.897705608338418e-12,2.5685540742156512e-11,1.0564690675146466e-10,7.674594590065888e-11,7.127526815655402e-12,1.7834238567857304e-10,8.11697834049351e-11,9.604674758906492e-11,2.471636890503561e-11,1.0188087214940919e-11,3.4878921427517654e-11,7.595887782403736e-11,7.4959696106457e-11,2.6521202784897694e-11,1.2961884389452569e-11,6.310121000170324e-11,1.8031868072990902e-11
b3741,4.3098149657024635e-10,2.546130205763026e-10,1.0510235422243172e-11,4.661605967305036e-11,1.9469957441662767e-10,1.40965071237335e-10,1.2696034121808105e-11,3.308027988711433e-10,1.4975106872498836e-10,1.773612188481749e-10,4.493459333771928e-11,1.8317286706676687e-11,6.372815499828099e-11,1.391375198599709e-10,1.3791885353024475e-10,4.826706092118836e-11,2.330697923464246e-11,1.1565461443617173e-10,3.261852774722747e-11
b3744,0.0,0.0,0.0,0.0,0.0,0.0,0.0,0.0,0.0,0.0,0.0,0.0,0.0,0.0,0.0,0.0,0.0,0.0,0.0
b3747,1.5633219443094011e-10,5.6460543244207694e-11,4.3679291113158496e-12,1.8295851916431365e-11,7.251929361379408e-11,5.441179092136629e-11,5.347441223048544e-12,7.27530349416421e-11,5.858449666753827e-11,6.51847479467362e-11,1.8244815324783285e-11,7.846742102589674e-12,2.579875062818577e-11,5.2185494327457417e-11,5.2853398040594064e-11,1.9938964338216356e-11,9.845828694494786e-12,4.41482777679138e-11,8.454409997778439e-12
b3748,0.0,0.0,0.0,0.0,0.0,0.0,0.0,0.0,0.0,0.0,0.0,0.0,0.0,0.0,0.0,0.0,0.0,0.0,0.0
b3749,0.0,0.0,0.0,0.0,0.0,0.0,0.0,0.0,0.0,0.0,0.0,0.0,0.0,0.0,0.0,0.0,0.0,0.0,0.0
b3750,0.0,0.0,0.0,0.0,0.0,0.0,0.0,0.0,0.0,0.0,0.0,0.0,0.0,0.0,0.0,0.0,0.0,0.0,0.0
b3751,0.0,0.0,0.0,0.0,0.0,0.0,0.0,0.0,0.0,0.0,0.0,0.0,0.0,0.0,0.0,0.0,0.0,0.0,0.0
b3752,0.0,0.0,0.0,0.0,0.0,0.0,0.0,0.0,0.0,0.0,0.0,0.0,0.0,0.0,0.0,0.0,0.0,0.0,0.0
b3770,4.078554450748541e-05,2.5943947632346544e-05,1.6820485854875074e-06,6.152372433623211e-06,2.070074930127648e-05,1.5787231670678856e-05,1.9898218266537813e-06,3.221652598690173e-05,1.648702659688441e-05,1.9191307452753953e-05,5.905162281911473e-06,2.7182957862502517e-06,7.958684221055552e-06,1.4183186853565132e-05,1.401334469613813e-05,6.260870193007534e-06,3.3691799117126604e-06,1.3389621317353017e-05,4.489388573663103e-06
b3771,1.704935309386388e-05,1.0898135865461107e-05,7.409460458709548e-07,2.6387514045672977e-06,8.73372346768098e-06,6.675321907193506e-06,8.747492549773234e-07,1.350853500409369e-05,6.962756189229321e-06,8.090767179596664e-06,2.5372556147816377e-06,1.1855236977385177e-06,3.401881261630896e-06,6.607521443222171e-06,6.5122473579247785e-06,2.6854028874478426e-06,1.4609978184423744e-06,5.6601281589918435e-06,1.9387569681967053e-06
b3772,0.0,0.0,0.0,0.0,0.0,0.0,0.0,0.0,0.0,0.0,0.0,0.0,0.0,0.0,0.0,0.0,0.0,0.0,0.0
b3774,2.7811352970474585e-07,1.7777325720564212e-07,1.2086506684650108e-08,4.304400660232031e-08,1.4246679317915725e-07,1.0888960579936381e-07,1.4269139806594613e-08,2.2035477419261923e-07,1.1357830937040434e-07,1.319787211836663e-07,4.1388380597506095e-08,1.9338574215190906e-08,5.5492381446960033e-08,1.0778362680726506e-07,1.0622949088166298e-07,4.3804997855093316e-08,2.3832180490424548e-08,9.232949849839121e-08,3.16255133374483e-08
b3779,0.0,0.0,0.0,0.0,0.0,0.0,0.0,0.0,0.0,0.0,0.0,0.0,0.0,0.0,0.0,0.0,0.0,0.0,0.0
b3780,1.198125350688796e-08,7.21554674653504e-09,3.6747228743020315e-10,1.4409796942166828e-09,5.586076286575331e-09,4.102197402032531e-09,4.360808849792269e-10,9.27617578338377e-09,4.3294380026937386e-09,5.093207317334215e-09,1.3892450925822564e-09,6.063161012697664e-10,1.927258742423512e-09,4.0564537582026695e-09,4.007118469504512e-09,1.4842387201926366e-09,7.579499709211448e-10,3.3950625300252505e-09,1.0317429356630685e-09
b3781,1.07521828132175e-06,6.938434487019572e-07,2.500275463379429e-11,1.716765514345103e-07,6.614090587247736e-07,4.2877487830644525e-07,5.842263769312748e-08,8.582200501810432e-07,4.447877137600007e-07,5.17074423382844e-07,1.6534361398748724e-07,7.904984316256781e-08,2.1967378363868563e-07,4.2472502227653716e-07,4.1746256114425665e-07,1.7560261743173314e-07,9.679344751406412e-08,3.65262215753917e-07,1.2733994669532754e-07
b3783,8.023056722331744e-09,4.9356138694269675e-09,3.286796541018149e-10,1.0989712403054883e-09,3.877558517032226e-09,2.9001699295053834e-09,3.7964273283281764e-10,6.272141202313754e-09,3.05605265984858e-09,3.5531902949300006e-09,1.0678213591457458e-09,5.093974517533823e-10,1.4427115579706478e-09,2.86615169182374e-09,2.8411915230811973e-09,1.1331708111867294e-09,6.210928585064969e-10,2.426028782851771e-09,8.140865462032077e-10
b3784,0.0,0.0,0.0,0.0,0.0,0.0,0.0,0.0,0.0,0.0,0.0,0.0,0.0,0.0,0.0,0.0,0.0,0.0,0.0
b3785,0.0,0.0,0.0,0.0,0.0,0.0,0.0,0.0,0.0,0.0,0.0,0.0,0.0,0.0,0.0,0.0,0.0,0.0,0.0
b3786,0.0,0.0,0.0,0.0,0.0,0.0,0.0,0.0,0.0,0.0,0.0,0.0,0.0,0.0,0.0,0.0,0.0,0.0,0.0
b3787,0.0,0.0,0.0,0.0,0.0,0.0,0.0,0.0,0.0,0.0,0.0,0.0,0.0,0.0,0.0,0.0,0.0,0.0,0.0
b3788,0.0,0.0,0.0,0.0,0.0,0.0,0.0,0.0,0.0,0.0,0.0,0.0,0.0,0.0,0.0,0.0,0.0,0.0,0.0
b3789,0.0,0.0,0.0,0.0,0.0,0.0,0.0,0.0,0.0,0.0,0.0,0.0,0.0,0.0,0.0,0.0,0.0,0.0,0.0
b3790,0.0,0.0,0.0,0.0,0.0,0.0,0.0,0.0,0.0,0.0,0.0,0.0,0.0,0.0,0.0,0.0,0.0,0.0,0.0
b3791,0.0,0.0,0.0,0.0,0.0,0.0,0.0,0.0,0.0,0.0,0.0,0.0,0.0,0.0,0.0,0.0,0.0,0.0,0.0
b3792,0.0,0.0,0.0,0.0,0.0,0.0,0.0,0.0,0.0,0.0,0.0,0.0,0.0,0.0,0.0,0.0,0.0,0.0,0.0
b4481,0.0,0.0,0.0,0.0,0.0,0.0,0.0,0.0,0.0,0.0,0.0,0.0,0.0,0.0,0.0,0.0,0.0,0.0,0.0
b3793,0.0,0.0,0.0,0.0,0.0,0.0,0.0,0.0,0.0,0.0,0.0,0.0,0.0,0.0,0.0,0.0,0.0,0.0,0.0
b3794,0.0,0.0,0.0,0.0,0.0,0.0,0.0,0.0,0.0,0.0,0.0,0.0,0.0,0.0,0.0,0.0,0.0,0.0,0.0
b3803,1.632173227543079e-11,9.446498748479912e-12,0.0,1.4895744243320494e-12,7.051925656358667e-12,5.011497272096417e-12,3.5206282588812004e-13,1.2511172144904715e-11,5.305750838798567e-12,6.354859212986597e-12,1.4346250552989506e-12,5.33513394175244e-13,2.0912534162081553e-12,4.9641686589333364e-12,4.879258485621085e-12,1.5659542819650682e-12,6.999138076438891e-13,4.049205071079234e-12,1.0128420406705469e-12
b3804,1.3684979553229706e-12,8.126746223084814e-13,2.9215642409032334e-14,1.5487045103037786e-13,6.120020692913823e-13,4.968765987847945e-13,4.6967775215910344e-14,1.0471828584259972e-12,4.659717755911041e-13,5.718021601378229e-13,1.5071360061952499e-13,6.757245874103466e-14,1.8660722653711518e-13,4.898184733916272e-13,4.665934405334804e-13,1.6621365257023241e-13,8.824997274558814e-14,3.853836788190687e-13,1.0571976936736662e-13
b3805,7.905447467581649e-11,4.694604409094814e-11,1.6877096922059162e-12,8.94645264276178e-12,3.5353726251585566e-11,2.8703235063561397e-11,2.713203028139958e-12,6.049295904344239e-11,2.6917945905456958e-11,3.303148478400502e-11,8.706322488195074e-12,3.9034806062717636e-12,1.077980146570344e-11,2.829550599609546e-11,2.6953857830098704e-11,9.60171912334887e-12,5.0979654068325584e-12,2.2262586625849135e-11,6.107148934843102e-12
b3806,0.0,0.0,0.0,0.0,0.0,0.0,0.0,0.0,0.0,0.0,0.0,0.0,0.0,0.0,0.0,0.0,0.0,0.0,0.0
b3807,1.3630200390168922e-09,8.250409514304907e-10,5.248553965984693e-11,2.0519196007279338e-10,7.313923428220935e-10,5.708001617615004e-10,6.384785748492137e-11,1.0521267575991552e-09,5.238299899943265e-10,6.360449800244765e-10,1.9902885162377915e-10,9.156058516816936e-11,2.0504344630609393e-10,5.353052762799004e-10,5.193844207536556e-10,2.1087900730231877e-10,1.2519713540864924e-10,5.854190915872622e-10,1.307139309300189e-10
b3809,1.0767518941563158e-05,7.050421688309274e-06,5.863997450279079e-07,1.8686158869012522e-06,5.720146033833956e-06,4.4318250971817965e-06,6.792351276601573e-07,8.660686343363484e-06,4.6544010061533e-06,5.3209232439775394e-06,1.8169743821873581e-06,9.052897298162969e-07,2.384943128674364e-06,4.389272003763778e-06,4.356252617575367e-06,1.9212064275990522e-06,1.0911625707358417e-06,3.799102059589458e-06,1.4180092948439674e-06
b3816,0.0,0.0,0.0,0.0,0.0,0.0,0.0,0.0,0.0,0.0,0.0,0.0,0.0,0.0,0.0,0.0,0.0,0.0,0.0
b3821,0.0,0.0,0.0,0.0,0.0,0.0,0.0,0.0,0.0,0.0,0.0,0.0,0.0,0.0,0.0,0.0,0.0,0.0,0.0
b3823,0.0,0.0,0.0,0.0,0.0,0.0,0.0,0.0,0.0,0.0,0.0,0.0,0.0,0.0,0.0,0.0,0.0,0.0,0.0
b3824,0.0,0.0,0.0,0.0,0.0,0.0,0.0,0.0,0.0,0.0,0.0,0.0,0.0,0.0,0.0,0.0,0.0,0.0,0.0
b3825,0.0,0.0,0.0,0.0,0.0,0.0,0.0,0.0,0.0,0.0,0.0,0.0,0.0,0.0,0.0,0.0,0.0,0.0,0.0
b3826,0.0,0.0,0.0,0.0,0.0,0.0,0.0,0.0,0.0,0.0,0.0,0.0,0.0,0.0,0.0,0.0,0.0,0.0,0.0
b3829,4.567763144174797e-07,2.938570599313915e-07,2.0835810059325365e-08,7.22429405331107e-08,2.3545264483759313e-07,1.812011064186606e-07,2.4532788712653987e-08,3.6366031721666166e-07,1.8793160445185233e-07,2.1842467711874628e-07,6.959891052073912e-08,3.3222316558796224e-08,9.257760963815562e-08,1.7992582099524503e-07,1.765373649797013e-07,7.415021997780508e-08,4.064787750286628e-08,1.5439979118301194e-07,5.355755818020072e-08
b3831,8.618005547126837e-12,0.0,2.96068366094727e-13,7.172880770391491e-07,1.760109225230375e-05,0.0,4.0231853555229623e-13,0.0,3.243929214435753e-12,3.705483055453735e-12,0.0,0.0,1.561301773461753e-12,3.0542020305401512e-12,3.037040845073841e-12,1.288054601669795e-12,0.0,0.0,0.0
b3833,4.107485872133422e-40,0.0,0.0,0.0,0.0,0.0,0.0,0.0,0.0,0.0,0.0,0.0,0.0,0.0,0.0,0.0,0.0,0.0,0.0
b3835,8.148492558589075e-10,6.553798279202812e-10,1.1337881117361588e-10,2.6607322640290854e-10,5.658675387909077e-10,4.829249589554332e-10,1.2831463464646436e-10,7.514618263435539e-10,5.03044693667999e-10,5.33994183544726e-10,2.6607322640290854e-10,1.6095787770052488e-10,3.2032465393143365e-10,4.829249589554332e-10,4.829249589554332e-10,2.8106037572961556e-10,1.847730738909087e-10,4.3442202705906974e-10,2.2357541940799956e-10
b3836,0.0,0.0,0.0,0.0,0.0,0.0,0.0,0.0,0.0,0.0,0.0,0.0,0.0,0.0,0.0,0.0,0.0,0.0,0.0
b3838,0.0,0.0,0.0,0.0,0.0,0.0,0.0,0.0,0.0,0.0,1.1485145075718372e-09,0.0,0.0,0.0,0.0,0.0,0.0,3.034683756059213e-09,7.087417400833858e-10
b3839,0.0,0.0,0.0,0.0,0.0,0.0,0.0,0.0,0.0,0.0,1.1485145075718372e-09,0.0,0.0,0.0,0.0,0.0,0.0,3.034683756059213e-09,7.087417400833858e-10
b3843,0.0,0.0,0.0,0.0,0.0,0.0,0.0,0.0,0.0,0.0,0.0,0.0,0.0,0.0,0.0,0.0,0.0,0.0,0.0
b3844,2.4291736649726775e-05,3.467948702942546e-05,1.3199938102771954e-05,2.3113255293638918e-05,3.3450983362624314e-05,3.265690801445355e-05,9.612043295753862e-06,3.424653582399383e-05,3.390436667992051e-05,3.241850978691437e-05,2.360248839621603e-05,1.594933797173822e-05,2.6713669195941164e-05,5.641632527000706e-06,2.327781732687932e-05,2.4919510802744713e-05,1.7839331563873006e-05,3.110800005232958e-05,2.0768198343511183e-05
b3845,0.0,0.0,0.0,0.0,0.0,0.0,0.0,0.0,0.0,0.0,0.0,0.0,0.0,0.0,0.0,0.0,0.0,0.0,0.0
b3846,1.2925009171686326e-06,2.344698340421448e-06,7.651742402305655e-08,1.7305863570823364e-06,2.326826239015044e-06,2.339948435682842e-06,8.659736323478127e-08,2.2128941189910197e-06,2.4276898011118624e-06,2.2691786202990087e-06,1.772753818029397e-06,1.2164639418176692e-06,1.9875749648153197e-06,2.369211034728919e-06,2.4071271299741784e-06,1.8715377007381993e-06,1.3559509820551968e-06,2.254129982050363e-06,1.5702478940243434e-06
b3849,0.0,0.0,0.0,0.0,0.0,0.0,0.0,0.0,0.0,0.0,0.0,0.0,0.0,0.0,0.0,0.0,0.0,0.0,0.0
b3850,6.487908724017995e-11,3.9118426656712866e-11,2.221063191690774e-12,8.2000109601944e-12,2.960762969359227e-11,2.575073802375083e-11,2.725982188954403e-12,4.959384286930694e-11,2.2695298545790363e-11,2.8223878276571237e-11,8.015826364985176e-12,3.8570859270380896e-12,9.169218034815725e-12,2.5327706196115316e-11,2.3765780171318656e-11,8.879109082112105e-12,5.029834098454549e-12,1.9583389546091987e-11,5.607178934948664e-12
b3856,0.0,0.0,0.0,0.0,0.0,0.0,0.0,0.0,0.0,0.0,0.0,0.0,0.0,0.0,0.0,0.0,0.0,0.0,0.0
b3857,0.0,0.0,0.0,0.0,0.0,0.0,0.0,0.0,0.0,0.0,8.509159726587406e-14,0.0,0.0,0.0,0.0,0.0,0.0,2.248348508420814e-13,5.250953846477044e-14
b3860,0.0,0.0,0.0,0.0,0.0,0.0,0.0,0.0,0.0,0.0,0.0,0.0,0.0,0.0,0.0,0.0,0.0,0.0,0.0
b3867,0.0,0.0,0.0,0.0,0.0,0.0,0.0,0.0,0.0,0.0,0.0,0.0,0.0,0.0,0.0,0.0,0.0,0.0,0.0
b3870,0.0,0.0,0.0,0.0,0.0,0.0,0.0,0.0,0.0,0.0,0.0,0.0,0.0,0.0,0.0,0.0,0.0,0.0,0.0
b3875,0.0,0.0,0.0,0.0,0.0,0.0,0.0,0.0,0.0,0.0,0.0,0.0,0.0,0.0,0.0,0.0,0.0,0.0,0.0
b3882,0.0,0.0,0.0,0.0,0.0,0.0,0.0,0.0,0.0,0.0,0.0,0.0,0.0,0.0,0.0,0.0,0.0,0.0,0.0
b3892,0.0,0.0,0.0,0.0,0.0,0.0,0.0,0.0,0.0,0.0,7.178215672323989e-09,0.0,0.0,0.0,0.0,0.0,0.0,1.4843561850289648e-08,4.832330046023089e-09
b3893,0.0,0.0,0.0,0.0,0.0,0.0,0.0,0.0,0.0,0.0,7.178215672323989e-09,0.0,0.0,0.0,0.0,0.0,0.0,1.4843561850289648e-08,4.832330046023089e-09
b3894,0.0,0.0,0.0,0.0,0.0,0.0,0.0,0.0,0.0,0.0,7.178215672323989e-09,0.0,0.0,0.0,0.0,0.0,0.0,1.4843561850289648e-08,4.832330046023089e-09
b3902,0.0,0.0,0.0,0.0,0.0,0.0,0.0,0.0,0.0,0.0,0.0,0.0,0.0,0.0,0.0,0.0,0.0,0.0,0.0
b3903,0.0,0.0,0.0,0.0,0.0,0.0,0.0,0.0,0.0,0.0,0.0,0.0,0.0,0.0,0.0,0.0,0.0,0.0,0.0
b3904,0.0,0.0,0.0,0.0,0.0,0.0,0.0,0.0,0.0,0.0,0.0,0.0,0.0,0.0,0.0,0.0,0.0,0.0,0.0
b3907,0.0,0.0,0.0,0.0,0.0,0.0,0.0,0.0,0.0,0.0,0.0,0.0,0.0,0.0,0.0,0.0,0.0,0.0,0.0
b3908,0.0,0.0,0.0,0.0,0.0,0.0,0.0,0.0,0.0,0.0,0.0,0.0,0.0,0.0,0.0,0.0,0.0,0.0,0.0
b3909,0.0,0.0,0.0,0.0,0.0,0.0,0.0,0.0,0.0,0.0,0.0,0.0,0.0,0.0,0.0,0.0,0.0,0.0,0.0
b3915,0.0,0.0,0.0,0.0,0.0,0.0,0.0,0.0,0.0,0.0,0.0,0.0,0.0,0.0,0.0,0.0,0.0,0.0,0.0
b3916,2.980295667713189e-06,5.113784591005412e-07,0.0,0.0,4.135622293971694e-06,0.0,0.0,3.2128211964061614e-06,0.0,0.0,0.0,0.0,0.0,5.70022898495989e-07,0.0,0.0,0.0,0.0,5.543201551476685e-07
b3917,0.0,0.0,0.0,0.0,0.0,0.0,0.0,0.0,0.0,0.0,0.0,0.0,0.0,0.0,0.0,0.0,0.0,0.0,0.0
b3918,0.0,0.0,0.0,0.0,0.0,0.0,0.0,0.0,0.0,0.0,0.0,0.0,0.0,0.0,0.0,0.0,0.0,0.0,0.0
b3919,4.7525582004269936e-05,2.6647076400447293e-05,9.340958176544486e-06,1.8254855029901866e-05,2.1797541309514487e-05,3.6564751282420875e-05,9.67489274650406e-06,1.6703804631206745e-05,4.533372952235023e-05,3.0649127284033225e-05,1.9358135260744303e-05,1.4353060043804843e-05,2.9903901636596596e-05,2.128135663726999e-05,3.6871905962281526e-05,2.2330447535554644e-05,1.503166555100869e-05,2.7038233544912126e-05,1.2605419174108557e-05
b3924,0.0,0.0,0.0,0.0,0.0,0.0,0.0,0.0,0.0,0.0,0.0,0.0,0.0,0.0,0.0,0.0,0.0,0.0,0.0
b3925,0.0,0.0,0.0,0.0,0.0,0.0,0.0,0.0,0.0,0.0,0.0,0.0,0.0,0.0,0.0,0.0,0.0,0.0,0.0
b3926,0.0,0.0,0.0,0.0,0.0,0.0,0.0,0.0,0.0,0.0,0.0,0.0,0.0,0.0,0.0,0.0,0.0,0.0,0.0
b3927,0.0,0.0,0.0,0.0,0.0,0.0,0.0,0.0,0.0,0.0,0.0,0.0,0.0,0.0,0.0,0.0,0.0,0.0,0.0
b3930,0.0,0.0,0.0,0.0,0.0,0.0,0.0,0.0,0.0,0.0,0.0,0.0,0.0,0.0,0.0,0.0,0.0,0.0,0.0
b3936,6.881797817058582e-05,4.5619220133336694e-05,4.698087190982779e-06,1.3356481185921399e-05,3.76706684645223e-05,2.962235272701723e-05,5.33709207956277e-06,5.5182966279386625e-05,3.069693626950275e-05,3.5254806173868566e-05,1.2852511830618529e-05,6.811464023703364e-06,1.652995972463623e-05,2.931856067764909e-05,2.8932897136347975e-05,1.3418295030629333e-05,8.08821585901841e-06,2.5679448939823602e-05,1.0228986979587574e-05
b3939,1.8013324431640222e-05,1.1613555577295351e-05,8.320461544714172e-07,2.8732380502698406e-06,9.315717970642818e-06,7.179354162379323e-06,9.79253788999998e-07,1.4354600387674422e-05,7.442557337231882e-06,8.646370663127277e-06,2.7681468144949785e-06,1.3249164297535686e-06,3.677637289872818e-06,7.129380850827405e-06,6.994169680687862e-06,2.9487464820536605e-06,1.6199499006795598e-06,6.122563097320174e-06,2.132325391744964e-06
b3940,2.4089289952526405e-06,1.5401908523319634e-06,1.0415231150082056e-07,3.7249439315617426e-07,1.2351841894349294e-06,9.421880810723103e-07,1.2272207612777782e-07,1.9087358740448707e-06,9.83973041975812e-07,1.144792169244186e-06,3.577972359408963e-07,1.6689051794622514e-07,4.800020699931003e-07,9.326347181660642e-07,9.191846796302885e-07,3.792312446076229e-07,2.0573372630097004e-07,8.011629588547993e-07,2.7344566653538343e-07
b3941,0.0001238604135008867,7.968289029976062e-05,5.64988150242673e-06,1.9589545702172345e-05,6.384582787891092e-05,4.9134868116915255e-05,6.652361907500272e-06,9.861088642864986e-05,5.095992393339551e-05,5.922848880907361e-05,1.887258503607751e-05,9.008632314216133e-06,2.5103536783269838e-05,4.878905907452358e-05,4.7870238308280384e-05,2.0106727555138728e-05,1.1022162832280481e-05,4.1867367848893426e-05,1.4522778640038011e-05
b3942,0.0,0.0,0.0,0.0,0.0,0.0,0.0,0.0,0.0,0.0,0.0,0.0,0.0,0.0,0.0,0.0,0.0,0.0,0.0
b3945,0.0,0.0,0.0,0.0,0.0,0.0,0.0,0.0,0.0,0.0,0.0,0.0,0.0,0.0,0.0,0.0,0.0,0.0,0.0
b3946,0.0,0.0,0.0,0.0,0.0,0.0,0.0,0.0,0.0,0.0,0.0,0.0,0.0,0.0,0.0,0.0,0.0,0.0,0.0
b3951,0.0,0.0,0.0,0.0,0.0,0.0,0.0,0.0,0.0,0.0,0.0,0.0,0.0,0.0,0.0,0.0,0.0,0.0,0.0
b3952,0.0,0.0,0.0,0.0,0.0,0.0,0.0,0.0,0.0,0.0,0.0,0.0,0.0,0.0,0.0,0.0,0.0,0.0,0.0
b3956,1.0956061843962834e-05,2.828855412192267e-06,5.20683495211118e-07,1.5117796894646126e-06,4.909141373357293e-06,0.0,0.0,3.580897737903195e-06,0.0,5.238583796275466e-06,1.6984114890027907e-06,0.0,0.0,4.287187983911512e-06,4.240083506578687e-06,0.0,0.0,3.686214513027812e-06,4.0049858424449354e-07
b3957,5.599974567919719e-05,3.5717017362896904e-05,2.381322681322167e-06,8.531691399099094e-06,2.8530872720518112e-05,2.1744828446432827e-05,2.822436663510142e-06,4.442786028364678e-05,2.272063293118081e-05,2.6338545440186135e-05,8.22293908288364e-06,0.0,1.1056389098505925e-05,2.149841415188313e-05,2.127141411896388e-05,0.0,4.720067976064081e-06,1.8399321974124606e-05,6.274583881900215e-06
b3958,0.00013649590605166253,8.705801405492142e-05,5.804326306238741e-06,2.079546850702594e-05,6.95422322940737e-05,5.300167036002089e-05,6.87951427255073e-06,0.00010829015328199569,5.53801332558699e-05,6.419857055309094e-05,2.004290389023638e-05,0.0,2.6949262525328047e-05,5.240105080379428e-05,5.184775230589449e-05,0.0,1.1504872874050165e-05,4.484720587806794e-05,1.5293908957434494e-05
b3959,0.00016257398335483094,0.00010369078851722122,6.91326557398218e-06,2.476852419029727e-05,8.282854806762771e-05,6.312784701122778e-05,8.193872411174502e-06,0.00012897941107842354,6.596072455623992e-05,7.646395882783346e-05,2.3872179156790743e-05,0.0,3.209802465107918e-05,6.241247673704819e-05,6.175346839467513e-05,0.0,1.3702923884159206e-05,5.341544016105594e-05,1.8215870147308138e-05
b3960,3.546994271575157e-05,2.2622969880916415e-05,1.5083171909045727e-06,5.403928205819193e-06,1.8071303873851527e-05,1.3773059323827177e-05,1.7877164540540268e-06,2.814037171296948e-05,1.4391128723178787e-05,1.6682695370287526e-05,5.208366121800908e-06,2.431161299116696e-06,7.003058374830236e-06,1.3616981813009714e-05,1.3473201192821815e-05,0.0,2.9896660903522615e-06,1.1654033219534878e-05,3.974288242863486e-06
b3962,0.0,0.0,0.0,0.0,0.0,0.0,0.0,0.0,0.0,0.0,0.0,0.0,0.0,0.0,0.0,0.0,0.0,0.0,0.0
b3965,1.8339703003664002e-09,1.0900440005507177e-09,4.668651173866695e-11,2.0333007810372611e-10,8.365867532365477e-10,6.075734905566315e-10,5.6397194856845735e-11,1.4121169993061753e-09,6.42642298385998e-10,7.605970035123184e-10,1.9567058376034748e-10,8.065720232204859e-11,2.760930346075378e-10,6.013452443229978e-10,5.93453772665015e-10,2.0996128161928673e-10,1.0259669944238983e-10,4.996037899524695e-10,1.4271691411698158e-10
b3966,0.0,0.0,0.0,0.0,0.0,0.0,0.0,0.0,0.0,0.0,0.0,0.0,0.0,0.0,0.0,0.0,0.0,0.0,0.0
b3967,1.4186819610090977e-06,1.1410399319806728e-06,1.9739660190659457e-07,4.6324308930909306e-07,9.851958062563174e-07,8.407897815025571e-07,2.2340040958193144e-07,1.3083221586756235e-06,8.758189657250042e-07,9.297031445161658e-07,4.6324308930909306e-07,2.802334737795748e-07,5.576967824803337e-07,8.407897815025571e-07,8.407897815025571e-07,4.893362571482627e-07,3.216965897979813e-07,7.56344426680587e-07,3.8925287365555746e-07
b3972,8.564865839116179e-07,6.888685556794813e-07,1.1917226403758901e-07,2.7966908862420176e-07,5.947823499386233e-07,5.076015537934247e-07,1.3487128116522074e-07,7.898601710159986e-07,5.287493706801315e-07,5.612803236971826e-07,2.7966908862420176e-07,1.6918253509365288e-07,3.3669266630085707e-07,5.076015537934247e-07,5.076015537934247e-07,2.9542205426429955e-07,1.942146448779179e-07,4.566202095129713e-07,2.349997203022807e-07
b3974,3.821925712208513e-09,3.0855132384943563e-09,5.322368935608616e-10,1.2526057614380442e-09,2.664881859110302e-09,2.2754483958737215e-09,6.02634534691705e-10,3.5353366086450255e-09,2.370781328486027e-09,2.5146154354372884e-09,1.25289770611662e-09,7.566505076934157e-10,1.5090311056867706e-09,2.275721330448015e-09,2.276074969629804e-09,1.3239099056183656e-09,8.690224507529791e-10,2.0468815557469816e-09,1.0522255424997913e-09
b3980,0.0,0.0,0.0,0.0,0.0,0.0,0.0,0.0,0.0,0.0,0.0,0.0,0.0,0.0,0.0,0.0,0.0,0.0,0.0
b3981,1.2259718677998129e-05,7.722553419605051e-06,7.730283243265424e-07,2.2930299370501308e-06,6.572697039137145e-06,4.967368942226527e-06,8.303841593052834e-07,9.193010087514582e-06,5.449864953710486e-06,6.254520234842549e-06,2.2565586275536297e-06,1.097477225436731e-06,2.9854930024565256e-06,5.250684234340282e-06,5.041183212364282e-06,2.283401345193619e-06,1.3522580574454302e-06,4.540724029356619e-06,1.6980939564312035e-06
b3982,1.5463931055173857e-09,9.605664114043319e-10,6.75512224226214e-11,2.2141415462957117e-10,7.580982249118307e-10,5.696267031625556e-10,7.804155483006387e-11,1.2135632119748488e-09,5.988545269607244e-10,6.957162417731172e-10,2.1410612800167386e-10,1.0373486944255759e-10,2.8756870775229443e-10,5.635316017010104e-10,5.570266684918526e-10,2.2756516507191755e-10,1.255203490273811e-10,4.790696024097427e-10,1.6505731539369845e-10
b3983,6.881797817058582e-05,4.5619220133336694e-05,4.698087190982779e-06,1.3356481185921399e-05,3.76706684645223e-05,2.962235272701723e-05,5.33709207956277e-06,5.5182966279386625e-05,3.069693626950275e-05,3.5254806173868566e-05,1.2852511830618529e-05,6.811464023703364e-06,1.652995972463623e-05,2.931856067764909e-05,2.8932897136347975e-05,1.3418295030629333e-05,8.08821585901841e-06,2.5679448939823602e-05,1.0228986979587574e-05
b3984,6.881797817058582e-05,4.5619220133336694e-05,4.698087190982779e-06,1.3356481185921399e-05,3.76706684645223e-05,2.962235272701723e-05,5.33709207956277e-06,5.5182966279386625e-05,3.069693626950275e-05,3.5254806173868566e-05,1.2852511830618529e-05,6.811464023703364e-06,1.652995972463623e-05,2.931856067764909e-05,2.8932897136347975e-05,1.3418295030629333e-05,8.08821585901841e-06,2.5679448939823602e-05,1.0228986979587574e-05
b3985,6.881797817058582e-05,4.5619220133336694e-05,4.698087190982779e-06,1.3356481185921399e-05,3.76706684645223e-05,2.962235272701723e-05,5.33709207956277e-06,5.5182966279386625e-05,3.069693626950275e-05,3.5254806173868566e-05,1.2852511830618529e-05,6.811464023703364e-06,1.652995972463623e-05,2.931856067764909e-05,2.8932897136347975e-05,1.3418295030629333e-05,8.08821585901841e-06,2.5679448939823602e-05,1.0228986979587574e-05
b3986,0.0002752719126823433,0.00018247688053334678,1.8792348763931115e-05,5.3425924743685595e-05,0.0001506826738580892,0.00011848941090806892,2.134836831825108e-05,0.0002207318651175465,0.000122787745078011,0.00014101922469547426,5.1410047322474116e-05,2.7245856094813455e-05,6.611983889854492e-05,0.00011727424271059636,0.0001157315885453919,5.367318012251733e-05,3.235286343607364e-05,0.00010271779575929441,4.09159479183503e-05
b3987,3.7369188763608323e-06,2.370452713307962e-06,2.035753222265494e-07,6.042163920291136e-07,1.9000353858585553e-06,1.4602995615897427e-06,2.3137745917059346e-07,2.9510331348658815e-06,1.5165732173416977e-06,1.7660792654744399e-06,5.822743344209299e-07,2.986447917967924e-07,7.613296439894749e-07,1.4424863908402708e-06,1.4235861018702697e-06,6.115859434271675e-07,3.5816307416173237e-07,1.2378724611583738e-06,4.5519374381135996e-07
b3988,3.7369188763608323e-06,2.370452713307962e-06,2.035753222265494e-07,6.042163920291136e-07,1.9000353858585553e-06,1.4602995615897427e-06,2.3137745917059346e-07,2.9510331348658815e-06,1.5165732173416977e-06,1.7660792654744399e-06,5.822743344209299e-07,2.986447917967924e-07,7.613296439894749e-07,1.4424863908402708e-06,1.4235861018702697e-06,6.115859434271675e-07,3.5816307416173237e-07,1.2378724611583738e-06,4.5519374381135996e-07
b3990,6.50000591247435e-11,4.4706975691086304e-11,3.145674466862401e-12,1.1309077598729186e-11,3.909201972431008e-11,2.823893415582643e-11,3.790282546743606e-12,5.7866467237718685e-11,2.962520603247706e-11,3.2354588316303277e-11,1.1315171550311033e-11,5.353493279414767e-12,1.5101066097801716e-11,2.835572349272736e-11,2.7855115241747023e-11,1.2234117648441354e-11,6.629151144291315e-12,2.3797800296365082e-11,9.029182441554617e-12
b3991,2.1506309015945084e-10,1.479201784317825e-10,1.0407967017088164e-11,3.741789173711491e-11,1.2934219869476934e-10,9.343302951011369e-11,1.2540755932479004e-11,1.9146046062621195e-10,9.801973170097577e-11,1.0705032945873502e-10,3.7438054550443426e-11,1.7712888623827622e-11,4.996429208568313e-11,9.381944570772645e-11,9.216310325412142e-11,4.047853467023218e-11,2.1933606667792023e-11,7.873882792801176e-11,2.9874494018036847e-11
b4407,6.50000591247435e-11,4.4706975691086304e-11,3.145674466862401e-12,1.1309077598729186e-11,3.909201972431008e-11,2.823893415582643e-11,3.790282546743606e-12,5.7866467237718685e-11,2.962520603247706e-11,3.2354588316303277e-11,1.1315171550311033e-11,5.353493279414767e-12,1.5101066097801716e-11,2.835572349272736e-11,2.7855115241747023e-11,1.2234117648441354e-11,6.629151144291315e-12,2.3797800296365082e-11,9.029182441554617e-12
b3992,6.50000591247435e-11,4.4706975691086304e-11,3.145674466862401e-12,1.1309077598729186e-11,3.909201972431008e-11,2.823893415582643e-11,3.790282546743606e-12,5.7866467237718685e-11,2.962520603247706e-11,3.2354588316303277e-11,1.1315171550311033e-11,5.353493279414767e-12,1.5101066097801716e-11,2.835572349272736e-11,2.7855115241747023e-11,1.2234117648441354e-11,6.629151144291315e-12,2.3797800296365082e-11,9.029182441554617e-12
b3993,2.417373091403364e-10,1.662666795829362e-10,1.1698864451667987e-11,4.205882309013728e-11,1.453844778645494e-10,1.0502150379155606e-10,1.4096182619972294e-11,2.15207251622e-10,1.1017709345887194e-10,1.203277539012144e-10,4.208148669194417e-11,1.9909813580061226e-11,5.616135020165419e-11,1.0545584708937574e-10,1.0359406891324836e-10,4.5499076767988764e-11,2.4654026182193694e-11,8.850478421968815e-11,3.3579819719390126e-11
b3994,1.0397735476594624e-10,7.151552067088922e-11,5.031978653918208e-12,1.809056775320772e-11,6.253355547863892e-11,4.517241544807823e-11,6.063126069925546e-12,9.256610338586403e-11,4.738996547282407e-11,5.175602227090561e-11,1.8100315943810693e-11,8.56371636343515e-12,2.4156422750043597e-11,4.535923752915546e-11,4.455843946201758e-11,1.9570308213705498e-11,1.0604322666910753e-11,3.806815497375992e-11,1.4443533107719797e-11
b3996,0.0,0.0,0.0,0.0,0.0,0.0,0.0,0.0,0.0,0.0,0.0,0.0,0.0,0.0,0.0,0.0,0.0,0.0,0.0
b3997,9.198722144395192e-12,5.546310110820323e-12,3.149079932316619e-13,1.1626184277930091e-12,4.1978451068101755e-12,3.651005187799542e-12,3.864966939798797e-13,7.031541287544846e-12,3.2177972007215736e-12,4.001653308442724e-12,1.1365042670259895e-12,5.468674612904731e-13,1.3000350740355643e-12,3.591026658412266e-12,3.3695728105950884e-12,1.2589026882231234e-12,7.131426823685932e-13,2.776582821103419e-12,7.950001029693195e-13
b4005,1.941400038941299e-05,1.2601719037384893e-09,1.2616438334086811e-06,3.5262003060283733e-06,1.0099572663432077e-05,7.904910505411092e-06,1.447979343702401e-06,1.6311033133944696e-09,8.221329635822353e-06,9.392760436043296e-06,3.456675829681718e-06,1.8763376670054855e-06,4.383516731892416e-06,7.834744688487612e-06,7.758703773926385e-06,3.6490284147743915e-06,2.2201265281606934e-06,6.7701879815796445e-06,2.545088736307573e-10
b4006,1.4882552559631173e-07,2.30732181119451e-08,8.694739384752961e-09,2.571388364320478e-08,7.685606755702528e-08,5.963032227060857e-08,1.0034455638515697e-08,2.882122445151687e-08,6.206174923062957e-08,7.136928616127265e-08,2.5088179440578963e-08,1.3126845098313754e-08,3.22622074564348e-08,5.898707731358207e-08,5.8410951767055276e-08,2.6458075294619958e-08,1.5683389973541927e-08,5.0885159592271056e-08,3.855966879117333e-09
b4013,3.046789916445919e-05,1.9643272490465997e-05,1.4073303587472686e-06,4.859820713457146e-06,1.5756689269169026e-05,1.2143224284635615e-05,1.656318677481889e-06,2.4279500367492532e-05,1.2588408504883575e-05,1.462454920536356e-05,4.682068450857979e-06,2.240975580951734e-06,6.220388831418896e-06,1.2058698975437079e-05,1.1830001584605428e-05,4.987536354974984e-06,2.739997850629191e-06,1.0355758360157635e-05,3.6066343704656084e-06
b4014,1.14384019606561e-09,4.314908523116417e-06,1.2381513363864355e-10,3.062500566002462e-10,7.195957470537002e-10,0.0,0.0,5.26461467407914e-06,0.0,6.745105428585329e-10,3.0504855357216257e-10,0.0,0.0,5.948102862919292e-10,5.939394801065047e-10,0.0,0.0,5.28275687916764e-10,9.339248033460549e-07
b4015,0.0,0.0,0.0,0.0,0.0,0.0,0.0,0.0,0.0,0.0,0.0,0.0,0.0,0.0,0.0,0.0,0.0,0.0,0.0
b4019,0.0,0.0,0.0,0.0,0.0,0.0,0.0,0.0,0.0,0.0,0.0,0.0,0.0,0.0,0.0,0.0,0.0,0.0,0.0
b4022,2.3159896499716365e-10,1.3768621461183336e-10,5.897705608338418e-12,2.5685540742156512e-11,1.0564690675146466e-10,7.674594590065888e-11,7.127526815655402e-12,1.7834238567857304e-10,8.11697834049351e-11,9.604674758906492e-11,2.471636890503561e-11,1.0188087214940919e-11,3.4878921427517654e-11,7.595887782403736e-11,7.4959696106457e-11,2.6521202784897694e-11,1.2961884389452569e-11,6.310121000170324e-11,1.8031868072990902e-11
b4024,5.4492668944344526e-06,3.5096167564297075e-06,2.5419096150410797e-07,8.739403442959014e-07,2.824741074478763e-06,2.165230543656747e-06,2.97709871897329e-07,4.337605516359309e-06,2.265259194067464e-06,2.6210046889484114e-06,8.428548871504044e-07,4.020267471334778e-07,1.1226382910067735e-06,2.143642664254819e-06,2.117384972564193e-06,8.926367990850373e-07,4.917784000521506e-07,1.845852405858853e-06,6.486699289551473e-07
b4025,6.596138711445767e-07,4.358312029827262e-07,1.486026277438037e-07,2.9427838575719926e-07,2.5759812196026224e-07,5.837458086435884e-07,1.5916159015747793e-07,2.2700467378958388e-07,6.989215012284625e-07,9.22381115238096e-08,3.1003780032253046e-07,2.2887479699316264e-07,4.6388656132859587e-07,3.4518679576444316e-07,5.790588872716865e-07,3.5375989941354474e-07,2.4408972781279357e-07,4.3634564472966106e-07,1.944854253425419e-07
b4031,0.0,0.0,0.0,0.0,0.0,0.0,0.0,0.0,0.0,0.0,0.0,0.0,0.0,0.0,0.0,0.0,0.0,0.0,0.0
b4032,0.0,0.0,0.0,0.0,0.0,0.0,0.0,0.0,0.0,0.0,0.0,0.0,0.0,0.0,0.0,0.0,0.0,0.0,0.0
b4033,0.0,0.0,0.0,0.0,0.0,0.0,0.0,0.0,0.0,0.0,0.0,0.0,0.0,0.0,0.0,0.0,0.0,0.0,0.0
b4034,0.0,0.0,0.0,0.0,0.0,0.0,0.0,0.0,0.0,0.0,0.0,0.0,0.0,0.0,0.0,0.0,0.0,0.0,0.0
b4035,0.0,0.0,0.0,0.0,0.0,0.0,0.0,0.0,0.0,0.0,0.0,0.0,0.0,0.0,0.0,0.0,0.0,0.0,0.0
b4036,0.0,0.0,0.0,0.0,0.0,0.0,0.0,0.0,0.0,0.0,0.0,0.0,0.0,0.0,0.0,0.0,0.0,0.0,0.0
b4039,2.0260482830840038e-09,1.629542109265535e-09,2.819060630720939e-10,6.61566786313144e-10,1.4069779743638907e-09,1.2007488218403492e-09,3.1904262457231094e-10,1.8684412265452815e-09,1.2507747053732878e-09,1.3277277864201288e-09,6.61566786313144e-10,4.002070682635068e-10,7.96458007982317e-10,1.2007488218403492e-09,1.2007488218403492e-09,6.988309648631899e-10,4.5942137938412774e-10,1.0801507097520157e-09,5.558998690547947e-10
b4040,1.3417520169863088e-09,1.079165501694266e-09,1.8669250475703921e-10,4.38123107587366e-10,9.317722340182693e-10,7.95196820850603e-10,2.112862208658208e-10,1.2373766238785928e-09,8.283265002823639e-10,8.792887367551996e-10,4.38123107587366e-10,2.6503743545408555e-10,5.27454921769435e-10,7.95196820850603e-10,7.95196820850603e-10,4.6280133818449393e-10,3.0425215804678195e-10,7.153306293633228e-10,3.681451112366062e-10
b4041,6.667322831389884e-07,1.030931144580341e-06,3.6216044741952064e-07,7.136789740579558e-07,1.0047308380269496e-06,9.917039095233868e-07,4.046146697187015e-07,1.0018263834560817e-06,1.0293264511442683e-06,9.75963722007084e-07,7.29661459937218e-07,4.960015388221138e-07,8.228577216619723e-07,1.0027951337339225e-06,1.0171662397621677e-06,7.703555083428178e-07,5.540389930001961e-07,9.486503546354269e-07,6.436837674064508e-07
b4042,0.0,0.0,0.0,0.0,0.0,0.0,0.0,0.0,0.0,0.0,0.0,0.0,0.0,0.0,0.0,0.0,0.0,0.0,0.0
b4049,0.0,0.0,0.0,0.0,0.0,0.0,0.0,0.0,0.0,0.0,0.0,0.0,0.0,0.0,0.0,0.0,0.0,0.0,0.0
b4053,2.1817739120584065e-07,1.754791577417094e-07,3.035738581341029e-08,7.124159712843775e-08,1.5151207722627813e-07,1.2930404849179603e-07,3.435648009666172e-08,2.0120529003808972e-07,1.3469114457095263e-07,1.4297792757026742e-07,7.124159712843775e-08,4.3096768633252457e-08,8.576751691330634e-08,2.0245657404748842e-06,7.65129949007244e-06,7.525443400372784e-08,4.9473331339192887e-08,1.1631729901525792e-07,5.98627309204234e-08
b4054,2.9316174513086964e-06,1.8838729832898244e-06,1.3224897229272978e-07,4.6317457606480587e-07,1.5136367639356487e-06,1.160103528754353e-06,1.562613280485059e-07,2.3297501260070844e-06,1.206891697718632e-06,1.4013197883149195e-06,4.454214437766886e-07,2.1001054350254038e-07,5.950223968726188e-07,1.149090333889024e-06,1.1322180824397565e-06,4.7055312222242946e-07,2.585106090762923e-07,9.841977592241955e-07,3.4205441244665274e-07
b4055,0.0,0.0,0.0,0.0,0.0,0.0,0.0,0.0,0.0,0.0,0.0,0.0,0.0,0.0,0.0,0.0,0.0,0.0,0.0
b4067,0.0,0.0,0.0,0.0,0.0,0.0,0.0,0.0,0.0,0.0,0.0,0.0,0.0,0.0,0.0,0.0,0.0,0.0,0.0
b4069,0.0,0.0,0.0,0.0,0.0,0.0,0.0,0.0,0.0,0.0,0.0,0.0,0.0,0.0,0.0,0.0,0.0,0.0,0.0
b4070,0.0,0.0,0.0,0.0,0.0,0.0,0.0,0.0,0.0,0.0,0.0,0.0,0.0,0.0,0.0,0.0,0.0,0.0,0.0
b4071,0.0,0.0,0.0,0.0,0.0,0.0,0.0,0.0,0.0,0.0,0.0,0.0,0.0,0.0,0.0,0.0,0.0,0.0,0.0
b4072,0.0,0.0,0.0,0.0,0.0,0.0,0.0,0.0,0.0,0.0,0.0,0.0,0.0,0.0,0.0,0.0,0.0,0.0,0.0
b4073,0.0,0.0,0.0,0.0,0.0,0.0,0.0,0.0,0.0,0.0,0.0,0.0,0.0,0.0,0.0,0.0,0.0,0.0,0.0
b4077,0.0,0.0,0.0,0.0,0.0,0.0,0.0,0.0,0.0,0.0,0.0,0.0,0.0,0.0,0.0,0.0,0.0,0.0,0.0
b4079,0.0,0.0,0.0,0.0,0.0,0.0,0.0,0.0,0.0,0.0,0.0,0.0,0.0,0.0,0.0,0.0,0.0,0.0,0.0
b4084,0.0,0.0,0.0,0.0,0.0,0.0,0.0,0.0,0.0,0.0,0.0,0.0,0.0,0.0,0.0,0.0,0.0,0.0,0.0
b4085,0.0,0.0,0.0,0.0,0.0,0.0,0.0,0.0,0.0,0.0,0.0,0.0,0.0,0.0,0.0,0.0,0.0,0.0,0.0
b4086,0.0,0.0,0.0,0.0,0.0,0.0,0.0,0.0,0.0,0.0,0.0,0.0,0.0,0.0,0.0,0.0,0.0,0.0,0.0
b4087,0.0,0.0,0.0,0.0,0.0,0.0,0.0,0.0,0.0,0.0,0.0,0.0,0.0,0.0,0.0,0.0,0.0,0.0,0.0
b4088,0.0,0.0,0.0,0.0,0.0,0.0,0.0,0.0,0.0,0.0,0.0,0.0,0.0,0.0,0.0,0.0,0.0,0.0,0.0
b4090,1.534637932769042e-05,7.714810911997278e-06,6.17719470152479e-07,1.8395330564209576e-06,1.0488221745005784e-05,3.797420083477546e-06,5.219955921373334e-07,6.586078421838352e-06,4.482046698359601e-06,5.15803126642909e-06,1.7939954383405482e-06,7.717010122993721e-07,2.3134688130972167e-06,5.119480953955436e-06,4.216467632604882e-06,1.8957245564353517e-06,8.303042541700721e-07,3.666407959096551e-06,1.3104563247895014e-06
b4094,1.4070022472575872e-06,0.0,9.032997037464587e-08,0.0,2.898740373936043e-06,5.706149394654483e-07,1.0371563942738088e-07,4.923141221590829e-06,5.932975509653266e-07,6.785192119928577e-07,2.48407830269114e-07,1.3452578939659864e-07,3.153265055586071e-07,5.653821292602445e-07,5.598051327697811e-07,2.622522562111189e-07,1.5932206153514325e-07,4.882052235797793e-07,9.831669147663478e-07
b4111,0.0,0.0,0.0,0.0,0.0,0.0,3.556931435556553e-06,0.0,0.0,0.0,0.0,0.0,0.0,0.0,0.0,0.0,0.0,0.0,0.0
b4115,0.0,0.0,0.0,0.0,0.0,0.0,0.0,0.0,0.0,0.0,0.0,0.0,0.0,0.0,0.0,0.0,0.0,0.0,0.0
b4117,0.0,0.0,0.0,0.0,0.0,0.0,0.0,0.0,0.0,0.0,0.0,0.0,0.0,0.0,0.0,0.0,0.0,0.0,0.0
b4119,0.0,0.0,0.0,0.0,0.0,0.0,0.0,0.0,0.0,0.0,0.0,0.0,0.0,0.0,0.0,0.0,0.0,0.0,0.0
b4120,0.0,0.0,0.0,0.0,0.0,0.0,0.0,0.0,0.0,0.0,0.0,0.0,0.0,0.0,0.0,0.0,0.0,0.0,0.0
b4122,0.0,0.0,0.0,0.0,0.0,0.0,0.0,0.0,0.0,0.0,0.0,0.0,0.0,0.0,0.0,0.0,0.0,0.0,0.0
b4123,0.0,0.0,0.0,0.0,0.0,0.0,0.0,0.0,0.0,0.0,0.0,0.0,0.0,0.0,0.0,0.0,0.0,0.0,0.0
b4129,1.5068292458631014e-06,9.646349060263866e-07,6.95923331667809e-08,2.389706495387756e-07,7.764552018652201e-07,5.935396474468314e-07,8.115435089021803e-08,1.1946331273097536e-06,6.240986760632879e-07,7.20894665213612e-07,2.3103887719824874e-07,1.0998180421284265e-07,3.084858996026092e-07,5.870041797914868e-07,5.819328441180345e-07,2.443416459279304e-07,1.3423171530408303e-07,5.051083163532884e-07,1.7742896605880434e-07
b4130,0.0,0.0,0.0,0.0,0.0,0.0,0.0,0.0,0.0,0.0,0.0,0.0,0.0,0.0,0.0,0.0,0.0,0.0,0.0
b4131,0.0,0.0,0.0,0.0,0.0,0.0,0.0,0.0,0.0,0.0,0.0,0.0,0.0,0.0,0.0,0.0,0.0,0.0,0.0
b4132,0.0,0.0,0.0,0.0,0.0,0.0,0.0,0.0,0.0,0.0,0.0,0.0,0.0,0.0,0.0,0.0,0.0,0.0,0.0
b4136,0.0,0.0,0.0,0.0,0.0,0.0,0.0,0.0,0.0,0.0,0.0,0.0,0.0,0.0,0.0,0.0,0.0,0.0,0.0
b4138,0.0,0.0,0.0,0.0,0.0,0.0,0.0,0.0,0.0,0.0,0.0,0.0,0.0,0.0,0.0,0.0,0.0,0.0,0.0
b4139,0.0,0.0,0.0,0.0,0.0,0.0,0.0,0.0,0.0,0.0,0.0,0.0,2.6245856878603535e-06,0.0,0.0,0.0,0.0,0.0,0.0
b4142,2.4138052214547405e-08,1.4781400593392563e-08,9.713117340226222e-10,3.609440695663374e-09,1.1974510059098561e-08,9.06206085999881e-09,1.0303249016677185e-09,1.797047964662715e-08,1.0401194322087687e-08,1.118982959885149e-08,3.682791714095322e-09,1.4869345291214348e-09,5.049702386854341e-09,9.372202636250002e-09,9.57161278331223e-09,3.658498072251358e-09,1.920389945495308e-09,7.747856858574252e-09,2.630442204735843e-09
b4143,2.4138052214547405e-08,1.4781400593392563e-08,9.713117340226222e-10,3.609440695663374e-09,1.1974510059098561e-08,9.06206085999881e-09,1.0303249016677185e-09,1.797047964662715e-08,1.0401194322087687e-08,1.118982959885149e-08,3.682791714095322e-09,1.4869345291214348e-09,5.049702386854341e-09,9.372202636250002e-09,9.57161278331223e-09,3.658498072251358e-09,1.920389945495308e-09,7.747856858574252e-09,2.630442204735843e-09
b4151,0.0,0.0,0.0,0.0,0.0,0.0,0.0,0.0,0.0,0.0,0.0,0.0,0.0,0.0,0.0,0.0,0.0,0.0,0.0
b4152,0.0,0.0,0.0,0.0,0.0,0.0,0.0,0.0,0.0,0.0,0.0,0.0,0.0,0.0,0.0,0.0,0.0,0.0,0.0
b4153,0.0,0.0,0.0,0.0,0.0,0.0,0.0,0.0,0.0,0.0,0.0,0.0,0.0,0.0,0.0,0.0,0.0,0.0,0.0
b4154,0.0,0.0,0.0,0.0,0.0,0.0,0.0,0.0,0.0,0.0,0.0,0.0,0.0,0.0,0.0,0.0,0.0,0.0,0.0
b4160,1.0665919877635578e-05,1.6612992790894924e-05,5.859390781781825e-06,1.1538091362046528e-05,1.620532472833158e-05,1.6010338873525043e-05,6.545931200065037e-06,1.612109562453133e-05,1.6617357557525794e-05,1.574446604961677e-05,1.1797667867467492e-05,8.023673032787778e-06,1.330047525927231e-05,1.6190458245488053e-05,1.6423869441794407e-05,1.2455612439219109e-05,8.961532514177439e-06,1.5320754965902144e-05,1.0409751457462995e-05
b4161,0.0,0.0,0.0,0.0,0.0,0.0,0.0,0.0,0.0,0.0,0.0,0.0,0.0,0.0,0.0,0.0,0.0,0.0,0.0
b4162,1.198125350688796e-08,7.21554674653504e-09,3.6747228743020315e-10,1.4409796942166828e-09,5.586076286575331e-09,4.102197402032531e-09,4.360808849792269e-10,9.27617578338377e-09,4.3294380026937386e-09,5.093207317334215e-09,1.3892450925822564e-09,6.063161012697664e-10,1.927258742423512e-09,4.0564537582026695e-09,4.007118469504512e-09,1.4842387201926366e-09,7.579499709211448e-10,3.3950625300252505e-09,1.0317429356630685e-09
b4166,2.729061912478372e-10,1.6233346042940538e-10,7.267318766913494e-12,3.092974494877104e-11,1.2519042511667022e-10,9.09260156602265e-11,8.712960800786875e-12,2.0968227566804698e-10,9.643026758352986e-11,1.1417240194582697e-10,2.981670438791047e-11,1.2384969818809097e-11,4.1952830155588175e-11,9.004618904459255e-11,8.908485372697195e-11,3.1829126958451e-11,1.5726429583955918e-11,7.511128322646255e-11,2.1803152675946456e-11
b4169,0.0,0.0,0.0,0.0,0.0,0.0,0.0,0.0,0.0,0.0,0.0,0.0,0.0,0.0,0.0,0.0,0.0,0.0,0.0
b4171,4.071345204556557e-10,2.4054890054754055e-10,9.656318048190217e-12,4.381698118820528e-11,1.8431860829667516e-10,1.3327180836971567e-10,1.1764831468058508e-11,3.1215111245332483e-10,1.399660154048186e-10,1.669713486780202e-10,4.180573874755786e-11,1.690173571692373e-11,5.950788099473155e-11,1.3209032670842206e-10,1.2944785497631724e-10,4.497602931480885e-11,2.1664911306513292e-11,1.0915683589480374e-10,3.0441565677899456e-11
b4177,3.032321184816199e-08,0.0,1.6786411698890928e-09,5.130715121285696e-09,1.564871275969692e-08,1.227279947044485e-08,1.9604882041823045e-09,0.0,1.2591408461326364e-08,1.4524707559328527e-08,4.992011825585896e-09,2.58035378455962e-09,6.550155477617362e-09,1.1950196479087957e-08,1.1834854933989328e-08,5.259859823163198e-09,3.1020058698893895e-09,1.0307962410848667e-08,3.931827381027933e-09
b4180,4.631979299943273e-10,2.753724292236667e-10,1.1795411216676836e-11,5.1371081484313024e-11,2.1129381350292933e-10,1.5349189180131777e-10,1.4255053631310804e-11,3.566847713571461e-10,1.623395668098702e-10,1.9209349517812984e-10,4.943273781007122e-11,2.0376174429881838e-11,6.975784285503531e-11,1.5191775564807472e-10,1.49919392212914e-10,5.304240556979539e-11,2.5923768778905137e-11,1.2620242000340647e-10,3.6063736145981805e-11
b4192,0.0,0.0,0.0,0.0,0.0,0.0,0.0,0.0,0.0,0.0,0.0,0.0,0.0,0.0,0.0,0.0,0.0,0.0,0.0
b4193,0.0,0.0,0.0,0.0,0.0,0.0,0.0,0.0,0.0,0.0,0.0,0.0,0.0,0.0,0.0,0.0,0.0,0.0,0.0
b4194,0.0,0.0,0.0,0.0,0.0,0.0,0.0,0.0,0.0,0.0,0.0,0.0,0.0,0.0,0.0,0.0,0.0,0.0,0.0
b4195,0.0,0.0,0.0,0.0,0.0,0.0,0.0,0.0,0.0,0.0,0.0,0.0,0.0,0.0,0.0,0.0,0.0,0.0,0.0
b4196,0.0,0.0,0.0,0.0,0.0,0.0,0.0,0.0,0.0,0.0,0.0,0.0,0.0,0.0,0.0,0.0,0.0,0.0,0.0
b4197,0.0,0.0,0.0,0.0,0.0,0.0,0.0,0.0,0.0,0.0,0.0,0.0,0.0,0.0,0.0,0.0,0.0,0.0,0.0
b4198,0.0,0.0,0.0,0.0,0.0,0.0,0.0,0.0,0.0,0.0,0.0,0.0,0.0,0.0,0.0,0.0,0.0,0.0,0.0
b4200,6.881797817058582e-05,4.5619220133336694e-05,4.698087190982779e-06,1.3356481185921399e-05,3.76706684645223e-05,2.962235272701723e-05,5.33709207956277e-06,5.5182966279386625e-05,3.069693626950275e-05,3.5254806173868566e-05,1.2852511830618529e-05,6.811464023703364e-06,1.652995972463623e-05,2.931856067764909e-05,2.8932897136347975e-05,1.3418295030629333e-05,8.08821585901841e-06,2.5679448939823602e-05,1.0228986979587574e-05
b4202,6.881797817058582e-05,4.5619220133336694e-05,4.698087190982779e-06,1.3356481185921399e-05,3.76706684645223e-05,2.962235272701723e-05,5.33709207956277e-06,5.5182966279386625e-05,3.069693626950275e-05,3.5254806173868566e-05,1.2852511830618529e-05,6.811464023703364e-06,1.652995972463623e-05,2.931856067764909e-05,2.8932897136347975e-05,1.3418295030629333e-05,8.08821585901841e-06,2.5679448939823602e-05,1.0228986979587574e-05
b4203,6.881797817058582e-05,4.5619220133336694e-05,4.698087190982779e-06,1.3356481185921399e-05,3.76706684645223e-05,2.962235272701723e-05,5.33709207956277e-06,5.5182966279386625e-05,3.069693626950275e-05,3.5254806173868566e-05,1.2852511830618529e-05,6.811464023703364e-06,1.652995972463623e-05,2.931856067764909e-05,2.8932897136347975e-05,1.3418295030629333e-05,8.08821585901841e-06,2.5679448939823602e-05,1.0228986979587574e-05
b4208,5.906179547767654e-08,4.7503153593754814e-08,8.217907924551991e-09,1.9285484237608662e-08,4.101513574838646e-08,3.500330269900846e-08,9.300484296686276e-09,5.44673562351135e-08,3.646161863672888e-08,3.87048954490896e-08,1.9285484237608662e-08,1.1666527501763262e-08,2.321772899824762e-08,1.8233816750179787e-05,3.500330269900846e-08,2.037178080346162e-08,1.3392697387228238e-08,3.148771963486105e-08,1.620516383854617e-08
b4213,0.0,0.0,0.0,0.0,0.0,0.0,0.0,0.0,0.0,0.0,0.0,0.0,0.0,0.0,0.0,0.0,0.0,0.0,0.0
b4214,5.094036932236676e-05,3.287510745462138e-05,1.854284671899394e-10,8.136100416883753e-06,2.6411621878452883e-05,2.031775024861172e-05,2.7691141573268915e-06,4.0661649113570474e-05,2.107618630520935e-05,2.4500934628584533e-05,7.835997542863053e-06,3.7466971959694658e-06,1.0410365769392591e-05,2.0125890210959826e-05,1.978167740074407e-05,8.322167229356423e-06,4.5875828435434416e-06,1.730864614615871e-05,6.035143069722345e-06
b4219,0.0,0.0,0.0,0.0,0.0,0.0,0.0,0.0,0.0,0.0,0.0,0.0,0.0,0.0,0.0,0.0,0.0,0.0,0.0
b4226,0.0,0.0,0.0,0.0,0.0,0.0,0.0,0.0,0.0,0.0,0.0,0.0,0.0,0.0,0.0,0.0,0.0,0.0,0.0
b4227,0.0,0.0,0.0,0.0,0.0,0.0,0.0,0.0,0.0,0.0,0.0,0.0,0.0,0.0,0.0,0.0,0.0,0.0,0.0
b4485,0.0,0.0,0.0,0.0,0.0,0.0,0.0,0.0,0.0,0.0,0.0,0.0,0.0,0.0,0.0,0.0,0.0,0.0,0.0
b4230,0.0,0.0,0.0,0.0,0.0,0.0,0.0,0.0,0.0,0.0,0.0,0.0,0.0,0.0,0.0,0.0,0.0,0.0,0.0
b4231,0.0,0.0,0.0,0.0,0.0,0.0,0.0,0.0,0.0,0.0,0.0,0.0,0.0,0.0,0.0,0.0,0.0,0.0,0.0
b4232,0.0,0.0,0.0,0.0,0.0,0.0,0.0,0.0,0.0,0.0,0.0,0.0,0.0,0.0,0.0,0.0,0.0,0.0,0.0
b4233,0.0,0.0,0.0,0.0,0.0,0.0,0.0,0.0,0.0,0.0,0.0,0.0,0.0,0.0,0.0,0.0,0.0,0.0,0.0
b4237,0.0,0.0,0.0,0.0,0.0,0.0,0.0,0.0,0.0,0.0,0.0,0.0,0.0,0.0,0.0,0.0,0.0,0.0,0.0
b4238,3.508393751741834e-07,3.1266849461036214e-07,9.334792232003207e-08,1.8820732651563383e-07,2.1891166630854035e-07,2.679737326370216e-07,1.0444618305567239e-07,3.3574314322394316e-07,2.7362421919078686e-07,2.8201667711563916e-07,1.8820772993223515e-07,1.2735837623908443e-07,2.1270462099561777e-07,2.679727011449083e-07,2.679727069407356e-07,1.9538763849066103e-07,1.428607110636782e-07,2.5353842782497985e-07,1.6591955135829754e-07
b4239,0.0,0.0,0.0,0.0,0.0,0.0,0.0,0.0,0.0,0.0,0.0,0.0,0.0,0.0,0.0,0.0,0.0,0.0,0.0
b4240,0.0,0.0,0.0,0.0,0.0,0.0,0.0,0.0,0.0,0.0,0.0,0.0,0.0,0.0,0.0,0.0,0.0,0.0,0.0
b4242,0.0,0.0,0.0,0.0,0.0,0.0,0.0,0.0,0.0,0.0,0.0,0.0,0.0,0.0,0.0,0.0,0.0,0.0,0.0
b4244,0.0,0.0,0.0,0.0,0.0,0.0,0.0,0.0,0.0,0.0,0.0,0.0,0.0,0.0,0.0,0.0,0.0,0.0,0.0
b4245,3.008028246322778e-06,1.9135545783622573e-06,1.7249593241251206e-07,0.0,0.0,1.180178105346253e-06,1.9880387457039212e-07,2.396574714848995e-06,1.2303605876564115e-06,1.4141539329925673e-06,4.938027001305082e-07,2.600646222925365e-07,6.349670698396054e-07,1.1686358926159387e-06,1.1570079879256818e-06,5.220986919590105e-07,3.1006321562389395e-07,1.0035186332730893e-06,3.917052542018445e-07
b4254,2.0733036343727995e-06,1.322367110944925e-06,8.816477485599909e-08,3.1587262710856107e-07,1.0563112633072583e-06,8.050685105798596e-07,1.0449633513990105e-07,1.6448725449785355e-06,8.411961565205238e-07,9.751437497245058e-07,3.0444155199265533e-07,1.421072370372544e-07,4.0934563939435303e-07,7.95945403925447e-07,7.87541080163865e-07,0.0,1.7475318808270374e-07,6.812063279265724e-07,2.3230672583845925e-07
b4258,1.0591849763237655e-06,6.7474324959347e-07,4.5555088121051075e-08,1.6264983208394628e-07,5.408062042313151e-07,4.12449706332469e-07,5.363487905925201e-08,8.378066846602254e-07,4.3132238083990747e-07,5.010788920571258e-07,1.5658634565824998e-07,7.309611725258882e-08,2.1015479824361697e-07,4.088281681817419e-07,4.0231636184451355e-07,1.6591342239839563e-07,8.98119083953032e-08,3.4933428665897337e-07,1.192911771812139e-07
b4260,0.0,0.0,0.0,0.0,0.0,0.0,0.0,0.0,0.0,0.0,0.0,0.0,0.0,0.0,0.0,0.0,0.0,0.0,0.0
b4261,2.7999292077351833e-06,2.2519712807741583e-06,3.895845061657229e-07,9.142625984441414e-07,1.9443952831494318e-06,1.6593936706714746e-06,4.409059598978305e-07,2.5821216635456545e-06,1.728527725183455e-06,1.834874242710811e-06,9.142625984441414e-07,5.530724360958385e-07,1.100677638288944e-06,1.6593936706714746e-06,1.6593936706714746e-06,9.65760414560208e-07,6.349045822528759e-07,1.4927312178300948e-06,7.682345445259799e-07
b4262,2.7999292077351833e-06,2.2519712807741583e-06,3.895845061657229e-07,9.142625984441414e-07,1.9443952831494318e-06,1.6593936706714746e-06,4.409059598978305e-07,2.5821216635456545e-06,1.728527725183455e-06,1.834874242710811e-06,9.142625984441414e-07,5.530724360958385e-07,1.100677638288944e-06,1.6593936706714746e-06,1.6593936706714746e-06,9.65760414560208e-07,6.349045822528759e-07,1.4927312178300948e-06,7.682345445259799e-07
b4265,0.0,0.0,0.0,0.0,0.0,0.0,0.0,0.0,0.0,0.0,0.0,0.0,0.0,0.0,0.0,0.0,0.0,0.0,0.0
b4266,0.0,0.0,0.0,0.0,0.0,0.0,0.0,0.0,0.0,0.0,0.0,0.0,0.0,0.0,0.0,0.0,0.0,0.0,0.0
b4267,0.0,0.0,0.0,0.0,0.0,0.0,0.0,0.0,0.0,0.0,0.0,0.0,0.0,0.0,0.0,0.0,0.0,0.0,0.0
b4268,0.0,0.0,0.0,0.0,0.0,0.0,0.0,0.0,0.0,0.0,0.0,0.0,0.0,0.0,0.0,0.0,0.0,0.0,0.0
b4287,0.0,0.0,0.0,0.0,0.0,0.0,0.0,0.0,0.0,0.0,0.0,0.0,0.0,0.0,0.0,0.0,0.0,0.0,0.0
b4288,0.0,0.0,0.0,0.0,0.0,0.0,0.0,0.0,0.0,0.0,0.0,0.0,0.0,0.0,0.0,0.0,0.0,0.0,0.0
b4289,0.0,0.0,0.0,0.0,0.0,0.0,0.0,0.0,0.0,0.0,0.0,0.0,0.0,0.0,0.0,0.0,0.0,0.0,0.0
b4290,0.0,0.0,0.0,0.0,0.0,0.0,0.0,0.0,0.0,0.0,0.0,0.0,0.0,0.0,0.0,0.0,0.0,0.0,0.0
b4291,0.0,0.0,0.0,0.0,0.0,0.0,0.0,0.0,0.0,0.0,0.0,0.0,0.0,0.0,0.0,0.0,0.0,0.0,0.0
b4293,0.0,0.0,0.0,0.0,0.0,0.0,0.0,0.0,0.0,0.0,0.0,0.0,0.0,0.0,0.0,0.0,0.0,0.0,0.0
b4301,0.0,0.0,0.0,0.0,0.0,0.0,0.0,0.0,0.0,0.0,0.0,0.0,0.0,0.0,0.0,0.0,0.0,0.0,0.0
b4311,0.0,0.0,0.0,0.0,0.0,0.0,0.0,0.0,0.0,0.0,0.0,0.0,0.0,0.0,0.0,0.0,0.0,0.0,0.0
b4321,0.0,0.0,0.0,0.0,0.0,0.0,0.0,0.0,0.0,0.0,0.0,0.0,0.0,0.0,0.0,0.0,0.0,0.0,0.0
b4322,0.0,0.0,0.0,0.0,0.0,0.0,0.0,0.0,0.0,0.0,0.0,0.0,0.0,0.0,0.0,0.0,0.0,0.0,0.0
b4323,0.0,0.0,0.0,0.0,0.0,0.0,0.0,0.0,0.0,0.0,0.0,0.0,0.0,0.0,0.0,0.0,0.0,0.0,0.0
b4356,0.0,0.0,0.0,0.0,0.0,0.0,0.0,0.0,0.0,0.0,0.0,0.0,0.0,0.0,0.0,0.0,0.0,0.0,0.0
b4358,0.0,0.0,0.0,0.0,0.0,0.0,0.0,0.0,0.0,0.0,0.0,0.0,0.0,0.0,0.0,0.0,0.0,0.0,0.0
b4367,0.0,0.0,0.0,0.0,0.0,0.0,0.0,0.0,0.0,0.0,0.0,0.0,0.0,0.0,0.0,0.0,0.0,0.0,0.0
b4371,2.3159896499716365e-10,1.3768621461183336e-10,5.897705608338418e-12,2.5685540742156512e-11,1.0564690675146466e-10,7.674594590065888e-11,7.127526815655402e-12,1.7834238567857304e-10,8.11697834049351e-11,9.604674758906492e-11,2.471636890503561e-11,1.0188087214940919e-11,3.4878921427517654e-11,7.595887782403736e-11,7.4959696106457e-11,2.6521202784897694e-11,1.2961884389452569e-11,6.310121000170324e-11,1.8031868072990902e-11
b4374,5.808560991493167e-12,0.0,1.9955094629595498e-13,0.0,0.0,0.0,2.7116387184768324e-13,0.0,2.186417795985119e-12,2.4975064372896844e-12,0.0,0.0,1.0523219702849385e-12,2.0585411180953894e-12,2.046974428804893e-12,8.681525758203747e-13,0.0,0.0,0.0
b4375,5.8806161914247175e-08,3.831681810864198e-08,3.093507915450863e-09,9.962252886831738e-09,3.1012249481496637e-08,2.3893722082539903e-08,3.588899070865741e-09,4.7276028360357874e-08,2.4949220492601276e-08,2.8680005029239112e-08,9.64373336260341e-09,4.785389622859068e-09,1.266764293889817e-08,2.364151130330233e-08,2.339838673244509e-08,1.0231736413162009e-08,5.786414840300195e-09,2.0373697557218924e-08,7.528938718050548e-09
b4381,0.0,0.0,0.0,0.0,0.0,0.0,0.0,0.0,0.0,0.0,0.0,0.0,0.0,0.0,0.0,0.0,0.0,0.0,0.0
b4382,4.324952548823244e-12,0.0,1.4858213162722127e-13,5.99459978482643e-13,2.0357933494513907e-12,0.0,2.0190385887554238e-13,0.0,1.627968309773659e-12,1.8595994511339006e-12,0.0,0.0,7.835404662586809e-13,1.5327535802073842e-12,1.524141226407253e-12,6.464111681121547e-13,0.0,0.0,0.0
b4383,0.0,0.0,0.0,0.0,6.5569370967100454e-06,0.0,0.0,4.480732529058613e-06,0.0,0.0,0.0,0.0,0.0,0.0,0.0,0.0,0.0,0.0,8.414364414335718e-07
b4384,2.0512896546867422e-06,5.795869232485505e-06,1.2433644341126091e-07,3.5647684090386457e-07,1.0521816178927407e-06,7.547186818861283e-07,1.3717855118363862e-07,1.6997991192109553e-05,8.515274192362219e-07,9.764494506076965e-07,3.4898238775055766e-07,1.7792931700702446e-07,4.170637468095262e-07,8.1034002541191e-07,8.021318122486593e-07,3.6873492305661347e-07,2.1072588178260426e-07,6.976730426029751e-07,3.2845026125635016e-06
b4386,0.0,0.0,0.0,0.0,0.0,0.0,0.0,0.0,0.0,0.0,0.0,0.0,0.0,0.0,0.0,0.0,0.0,0.0,0.0
b4388,3.857486624446619e-07,2.484120593203163e-07,4.7713833258454636e-08,1.1921603608947084e-07,2.6059822374174204e-07,2.3374663614886851e-07,5.641822075961277e-08,2.819361420917151e-07,2.2957866784711106e-07,2.455507406754209e-07,0.0,7.539116285657165e-08,1.4385808233150325e-07,2.2064782832189556e-07,2.202268877388146e-07,1.2570233122577336e-07,8.678542504771134e-08,0.0,8.734521310349992e-08
b4390,0.0,0.0,0.0,0.0,0.0,0.0,0.0,0.0,0.0,0.0,0.0,0.0,0.0,0.0,0.0,0.0,0.0,0.0,0.0
b4392,0.0,0.0,0.0,0.0,0.0,0.0,0.0,0.0,0.0,0.0,0.0,0.0,0.0,0.0,0.0,0.0,0.0,0.0,0.0
b4394,0.0,0.0,0.0,0.0,0.0,0.0,0.0,0.0,0.0,0.0,0.0,0.0,0.0,0.0,0.0,0.0,0.0,0.0,0.0
b4395,0.00010726085623904798,7.655838670717825e-05,1.845910560550402e-05,4.217544203776545e-05,7.236913490834235e-05,6.16871212106293e-05,1.713325149524389e-05,7.51169861042106e-05,7.858343008943172e-05,7.389536706630762e-05,4.381851593864407e-05,2.520352977939306e-05,5.40226453622375e-05,4.917548113655607e-05,6.305257710843133e-05,4.353305879267318e-05,2.616044078421845e-05,5.969027126678622e-05,3.347841061640894e-05
dummy,0.00486019951258055,0.003485504648576854,0.000573720898079665,0.0013434622776300614,0.0029895936969629834,0.002473488823294939,0.000650931583130558,0.0039894652024025585,0.0025216319118599342,0.002829316887354018,0.0012552346839940403,0.0007724713518979969,0.001560671336826396,0.0024341710669697875,0.002385539712959,0.0013373520211677511,0.0008626944531714528,0.0022292973055560985,0.001088986376357016
